Date,Open,High,Low,Close,Adjusted_close,Volume
2018-01-02,40.5909,41.3533,39.1062,39.1305,39.1305,108537
2018-01-03,38.6952,39.4022,38.0708,39.204,39.204,107457
2018-01-04,39.524,39.903,38.6426,38.8989,38.8989,112220
2018-01-05,39.0149,39.0499,38.5879,38.6881,38.6881,49120
2018-01-08,39.0091,39.4399,38.276,38.3491,38.3491,285437
2018-01-09,38.0291,39.1458,37.3724,38.6656,38.6656,214429
2018-01-10,38.6525,38.7004,37.5948,37.8333,37.8333,159296
2018-01-11,37.4668,39.4276,37.0288,38.8304,38.8304,177081
2018-01-12,39.3189,40.1889,37.7831,38.954,38.954,123884
2018-01-15,38.7367,39.18,37.911,39.099,39.099,70083
2018-01-16,39.3207,39.7702,38.3538,38.9501,38.9501,189819
2018-01-17,38.4744,38.7554,37.5388,38.3346,38.3346,169318
2018-01-18,38.1848,39.39,38.0523,38.7337,38.7337,94295
2018-01-19,38.6534,39.4628,37.8451,37.8681,37.8681,138264
2018-01-22,37.9026,38.1475,37.4033,37.4673,37.4673,155731
2018-01-23,37.4628,38.5938,37.2682,38.0593,38.0593,186668
2018-01-24,37.8394,38.941,37.62,38.5507,38.5507,185585
2018-01-25,38.3089,38.8689,37.4125,38.4733,38.4733,144684
2018-01-26,38.5947,38.7764,37.9849,38.0962,38.0962,109949
2018-01-29,38.0907,39.5786,37.957,38.9527,38.9527,522635
2018-01-30,38.7198,39.4672,37.6468,37.7757,37.7757,180533
2018-01-31,37.4809,38.3562,36.8808,37.8325,37.8325,135873
2018-02-01,37.991,38.2971,36.1684,36.5507,36.5507,123069
2018-02-02,36.684,37.1667,36.0764,37.0574,37.0574,122075
2018-02-05,36.9915,38.9722,36.5736,38.2498,38.2498,256651
2018-02-06,38.1677,39.3393,38.1185,39.2969,39.2969,96352
2018-02-07,39.1182,39.2674,37.7337,37.8021,37.8021,105235
2018-02-08,37.6132,39.7372,37.463,39.1825,39.1825,122708
2018-02-09,39.3772,39.4646,38.6325,38.925,38.925,125260
2018-02-12,38.7484,38.7669,37.5944,37.69,37.69,174867
2018-02-13,37.9646,38.4973,37.738,37.9248,37.9248,190199
2018-02-14,37.8078,38.2718,36.2079,36.7211,36.7211,123135
2018-02-15,36.5751,38.5557,36.2859,38.0323,38.0323,103187
2018-02-16,38.2042,39.044,38.0349,38.5443,38.5443,112393
2018-02-19,38.3124,39.4371,37.9093,38.6889,38.6889,272696
2018-02-20,38.6011,39.8408,37.3451,39.2986,39.2986,248375
2018-02-21,39.2438,39.7771,38.3911,39.6523,39.6523,71261
2018-02-22,39.8982,40.9065,39.6449,40.3994,40.3994,429747
2018-02-23,40.3699,40.5078,39.3393,39.7829,39.7829,79087
2018-02-26,39.2409,40.0271,39.238,39.9507,39.9507,156966
2018-02-27,39.7565,40.7617,39.6913,40.3962,40.3962,104694
2018-02-28,40.692,41.5789,39.2387,39.6226,39.6226,344300
2018-03-01,39.6157,40.27,38.8256,39.9328,39.9328,111823
2018-03-02,40.5675,41.4116,40.4163,40.5846,40.5846,106187
2018-03-05,40.3124,40.6099,40.1269,40.5889,40.5889,188962
2018-03-06,40.8377,40.9538,40.6273,40.8562,40.8562,175520
2018-03-07,41.1334,41.8427,41.009,41.0603,41.0603,255103
2018-03-08,40.6545,42.3923,40.3323,41.4598,41.4598,227037
2018-03-09,41.3304,42.4693,41.2964,42.424,42.424,217262
2018-03-12,41.8394,44.2799,41.5326,44.27,44.27,171352
2018-03-13,44.3454,44.761,43.8421,44.6058,44.6058,83461
2018-03-14,43.9883,45.5248,43.7553,44.7351,44.7351,343639
2018-03-15,45.1264,45.2958,43.9092,44.2355,44.2355,176031
2018-03-16,44.306,45.0675,43.0068,43.6752,43.6752,241854
2018-03-19,43.721,43.8374,42.0576,42.3383,42.3383,169068
2018-03-20,42.5395,42.8786,41.4825,42.6161,42.6161,153883
2018-03-21,42.8558,43.6787,42.1495,42.9994,42.9994,168467
2018-03-22,42.859,43.208,42.2463,42.6131,42.6131,105910
2018-03-23,42.428,42.4463,41.3302,41.5063,41.5063,172403
2018-03-26,41.526,44.0816,40.46,43.9493,43.9493,94618
2018-03-27,43.5857,45.1819,43.5048,44.7961,44.7961,139594
2018-03-28,44.7035,44.7218,44.1577,44.259,44.259,150808
2018-03-29,44.3216,44.5143,44.0127,44.3052,44.3052,164796
2018-03-30,44.4096,45.6512,44.0679,45.5328,45.5328,225529
2018-04-02,45.4161,46.1554,44.6401,44.6933,44.6933,138223
2018-04-03,44.1464,44.9657,44.0362,44.7127,44.7127,118400
2018-04-04,44.669,44.7722,44.1659,44.4222,44.4222,167772
2018-04-05,44.3166,45.1107,43.6837,44.6048,44.6048,237168
2018-04-06,44.3688,46.9834,44.2014,46.5598,46.5598,82649
2018-04-09,46.7415,48.032,46.4134,47.9881,47.9881,185427
2018-04-10,48.0575,48.7125,47.5494,48.5813,48.5813,268988
2018-04-11,48.5875,49.9294,48.3526,49.5991,49.5991,114324
2018-04-12,49.9916,50.0115,46.5443,46.6727,46.6727,227410
2018-04-13,46.5303,47.217,46.0108,46.9554,46.9554,136686
2018-04-16,47.0349,47.4295,46.9133,47.1787,47.1787,241213
2018-04-17,47.6965,48.2209,46.0198,46.1664,46.1664,102448
2018-04-18,46.2688,46.7486,45.212,45.9689,45.9689,180160
2018-04-19,45.8307,46.2328,44.7105,44.8929,44.8929,255252
2018-04-20,45.3279,45.4295,44.4606,45.0336,45.0336,124958
2018-04-23,44.8387,45.221,44.4978,44.8296,44.8296,144924
2018-04-24,44.6287,45.1248,44.1092,44.8932,44.8932,90420
2018-04-25,45.0513,46.0831,44.2626,45.3786,45.3786,181065
2018-04-26,45.0757,45.6093,44.6332,44.6398,44.6398,334169
2018-04-27,44.6268,45.3254,44.585,44.8445,44.8445,132098
2018-04-30,45.0032,45.0599,42.7771,43.7459,43.7459,183794
2018-05-01,43.9309,44.8389,43.1567,44.5315,44.5315,186463
2018-05-02,44.2137,44.4872,42.4656,42.8391,42.8391,133875
2018-05-03,43.2583,43.8592,39.9397,40.7001,40.7001,262883
2018-05-04,41.1036,41.3527,40.4566,40.6387,40.6387,101710
2018-05-07,40.1582,41.8465,40.0303,41.4024,41.4024,204048
2018-05-08,40.8425,41.0492,40.2481,40.498,40.498,253996
2018-05-09,40.5152,40.8262,39.8348,40.4563,40.4563,107585
2018-05-10,40.1843,41.0584,39.7143,40.5852,40.5852,225203
2018-05-11,40.4277,41.8331,40.3968,41.3352,41.3352,234265
2018-05-14,41.6253,41.9637,40.7391,41.4101,41.4101,269512
2018-05-15,40.9575,42.0275,40.7391,41.7788,41.7788,84677
2018-05-16,41.3001,43.0052,40.5731,42.9242,42.9242,115438
2018-05-17,42.6304,44.1685,42.5102,43.7549,43.7549,141226
2018-05-18,43.925,46.1122,43.6099,46.0422,46.0422,159885
2018-05-21,46.0837,46.4463,43.6897,44.4881,44.4881,133333
2018-05-22,44.1656,45.9361,43.3104,45.8144,45.8144,150123
2018-05-23,45.7223,46.0813,43.2767,43.9445,43.9445,119392
2018-05-24,43.2395,43.8798,42.9655,43.4251,43.4251,131008
2018-05-25,43.6288,44.0665,42.7583,43.1964,43.1964,312624
2018-05-28,43.1242,44.8297,42.7373,44.3819,44.3819,158977
2018-05-29,44.6539,45.1858,44.0588,44.0872,44.0872,179477
2018-05-30,44.0533,45.8477,44.0295,45.4124,45.4124,194528
2018-05-31,45.5246,45.6463,43.0177,44.3954,44.3954,159252
2018-06-01,45.1319,45.4652,43.0583,43.6002,43.6002,137208
2018-06-04,43.4609,43.5479,42.4676,42.5342,42.5342,165684
2018-06-05,42.2581,42.7771,42.1757,42.5148,42.5148,117363
2018-06-06,41.9493,42.6156,41.7872,42.0484,42.0484,126286
2018-06-07,42.3247,42.5266,41.624,42.4998,42.4998,264449
2018-06-08,42.4895,42.5284,40.7906,41.2158,41.2158,102703
2018-06-11,41.545,41.9455,40.4328,40.8483,40.8483,267918
2018-06-12,41.1467,41.8594,40.5426,41.0759,41.0759,71511
2018-06-13,40.9066,41.1315,40.0343,40.9065,40.9065,226779
2018-06-14,40.6951,41.454,40.5925,41.2265,41.2265,146524
2018-06-15,40.7625,42.4811,40.6527,41.9197,41.9197,115242
2018-06-18,42.0634,43.8885,41.9223,43.3819,43.3819,153283
2018-06-19,43.8837,44.0088,41.3258,41.8445,41.8445,273060
2018-06-20,41.9911,42.0797,41.4847,41.7056,41.7056,169335
2018-06-21,41.2564,41.9928,41.0599,41.9809,41.9809,243351
2018-06-22,41.8793,43.4825,41.1871,42.87,42.87,121141
2018-06-25,43.249,43.2604,42.4467,43.205,43.205,188510
2018-06-26,43.1508,43.7691,42.5962,43.5066,43.5066,181203
2018-06-27,42.9836,43.9312,41.8938,43.9251,43.9251,107609
2018-06-28,44.2348,44.2652,43.9299,44.0543,44.0543,121792
2018-06-29,44.0151,44.8655,42.3378,42.9878,42.9878,197224
2018-07-02,43.3119,43.7353,42.6036,42.8675,42.8675,166846
2018-07-03,43.2322,43.9116,41.1316,41.4287,41.4287,113788
2018-07-05,41.7493,43.7626,41.2428,43.1027,43.1027,162623
2018-07-06,43.0171,43.0221,41.1338,41.1602,41.1602,173144
2018-07-09,40.7488,41.3841,40.7366,40.8969,40.8969,274495
2018-07-10,41.0526,41.1012,40.3647,40.6831,40.6831,171689
2018-07-11,40.6556,40.9216,40.0347,40.8427,40.8427,156509
2018-07-12,41.0012,41.1014,40.0041,40.3173,40.3173,218485
2018-07-13,40.3621,40.5696,40.062,40.1079,40.1079,236479
2018-07-16,40.3299,40.5821,39.4041,39.6806,39.6806,152852
2018-07-17,39.835,40.1974,39.1106,39.6309,39.6309,89297
2018-07-18,39.31,40.8746,38.2558,40.3256,40.3256,116181
2018-07-19,40.8324,42.2964,40.3608,41.5007,41.5007,191654
2018-07-20,41.2665,41.9844,41.2495,41.3458,41.3458,209268
2018-07-23,40.9664,41.5437,40.8213,41.4019,41.4019,165995
2018-07-24,41.0093,41.3673,40.0201,40.3359,40.3359,197442
2018-07-25,40.2632,42.2574,39.8858,42.0887,42.0887,85754
2018-07-26,41.5877,42.0761,40.8793,41.0691,41.0691,137783
2018-07-27,41.638,42.1945,40.8561,41.0134,41.0134,90122
2018-07-30,40.8984,41.0858,40.4287,40.7281,40.7281,169257
2018-07-31,40.6965,41.7553,40.6432,41.647,41.647,152375
2018-08-01,41.4655,41.4893,40.1122,41.1132,41.1132,198060
2018-08-02,41.2478,41.272,39.2528,39.6061,39.6061,130857
2018-08-03,39.7097,40.9883,39.2819,40.4936,40.4936,137273
2018-08-06,40.7146,40.8347,39.7288,40.6529,40.6529,152012
2018-08-07,41.3227,41.5486,39.6009,39.756,39.756,115346
2018-08-08,39.4853,41.2036,38.9274,41.0714,41.0714,89626
2018-08-09,40.99,41.5061,40.4527,40.6433,40.6433,249240
2018-08-10,40.5368,41.2091,39.7535,40.3967,40.3967,100079
2018-08-13,40.0825,40.461,39.9895,40.3605,40.3605,138028
2018-08-14,39.9312,41.1517,39.2919,41.065,41.065,165729
2018-08-15,41.26,41.63,39.9482,40.0908,40.0908,145921
2018-08-16,39.6914,39.7699,38.4507,39.0176,39.0176,148430
2018-08-17,39.0478,39.2686,38.8177,39.2595,39.2595,119901
2018-08-20,39.6187,39.9596,39.5683,39.6536,39.6536,228671
2018-08-21,39.5737,40.5389,38.9736,40.4368,40.4368,171262
2018-08-22,40.7303,40.9265,40.0704,40.1277,40.1277,209021
2018-08-23,40.0473,40.4806,39.4788,39.5506,39.5506,121109
2018-08-24,40.2376,40.461,39.1538,39.2094,39.2094,198543
2018-08-27,38.7131,39.6387,38.4729,39.1778,39.1778,367198
2018-08-28,38.8182,40.2385,38.3827,39.6708,39.6708,143197
2018-08-29,39.1085,41.5081,38.4297,40.7789,40.7789,315797
2018-08-30,40.9827,41.1532,39.7692,40.4249,40.4249,157513
2018-08-31,40.8545,41.5453,40.5982,41.4436,41.4436,166490
2018-09-03,41.5592,41.9264,40.5199,40.9637,40.9637,161439
2018-09-04,41.0303,42.8075,41.0107,42.751,42.751,200497
2018-09-05,42.1048,44.988,41.5599,44.1543,44.1543,231148
2018-09-06,44.2187,45.6892,43.4936,43.7576,43.7576,211227
2018-09-07,43.9608,44.3218,43.3521,43.5201,43.5201,159901
2018-09-10,43.7598,44.2442,42.2113,42.494,42.494,152991
2018-09-11,42.2401,43.5308,41.8466,43.5095,43.5095,116130
2018-09-12,43.9261,45.204,43.5786,44.5957,44.5957,130342
2018-09-13,44.1723,45.7458,42.954,44.7938,44.7938,113827
2018-09-14,44.6856,44.9128,43.1639,43.474,43.474,126709
2018-09-17,42.9896,45.1626,42.5575,44.9806,44.9806,296162
2018-09-18,44.8352,45.3044,44.7345,45.2546,45.2546,141914
2018-09-19,45.2427,45.5171,44.3437,44.7686,44.7686,222902
2018-09-20,44.7588,45.8038,44.4737,45.293,45.293,164555
2018-09-21,45.3279,45.9606,44.7961,45.9453,45.9453,313360
2018-09-24,46.278,46.3481,45.4125,46.0544,46.0544,106869
2018-09-25,46.111,47.2515,45.6845,47.2005,47.2005,71926
2018-09-26,47.2753,47.9951,46.871,47.62,47.62,85560
2018-09-27,47.3467,47.975,46.8642,47.5283,47.5283,218438
2018-09-28,47.1982,48.9128,46.8561,47.6512,47.6512,180159
2018-10-01,47.5656,48.2355,45.3936,45.4689,45.4689,162147
2018-10-02,45.3124,45.5706,45.2772,45.522,45.522,173222
2018-10-03,45.0929,45.1116,44.0775,44.9934,44.9934,113557
2018-10-04,44.8484,46.0867,44.2684,45.9243,45.9243,141859
2018-10-05,45.5769,46.4789,45.3804,46.3473,46.3473,143471
2018-10-08,46.0422,47.1387,45.9413,47.0072,47.0072,152217
2018-10-09,46.7645,47.2787,46.7196,46.8208,46.8208,165680
2018-10-10,46.919,48.0274,46.3766,46.6535,46.6535,119142
2018-10-11,46.735,46.9636,46.2175,46.567,46.567,78065
2018-10-12,46.0966,46.1643,42.9025,43.0717,43.0717,315611
2018-10-15,42.7939,43.5603,42.5958,43.474,43.474,266957
2018-10-16,43.2967,43.7885,42.1953,42.3062,42.3062,155848
2018-10-17,42.0755,43.2527,41.9141,42.8144,42.8144,75840
2018-10-18,42.8404,45.103,42.7528,44.8173,44.8173,219125
2018-10-19,45.1796,45.83,44.202,44.4977,44.4977,134067
2018-10-22,43.9126,44.4893,43.447,44.3495,44.3495,190583
2018-10-23,45.1214,45.8311,43.1756,44.1176,44.1176,184097
2018-10-24,44.3654,45.0898,43.1661,43.5153,43.5153,78928
2018-10-25,43.2538,45.4516,43.0085,45.1586,45.1586,191784
2018-10-26,45.1718,45.4698,44.9049,45.0382,45.0382,134753
2018-10-29,44.428,44.8104,43.9866,44.1544,44.1544,133716
2018-10-30,44.7777,44.972,43.4458,44.1365,44.1365,187983
2018-10-31,44.6756,45.9482,43.0623,43.8801,43.8801,119614
2018-11-01,43.1732,44.6858,42.239,44.0473,44.0473,164027
2018-11-02,43.9804,44.3884,42.8672,43.4047,43.4047,349601
2018-11-05,42.7686,43.474,42.2989,43.184,43.184,125047
2018-11-06,42.9225,43.4124,42.0637,42.3197,42.3197,115396
2018-11-07,42.0324,42.0911,40.8659,41.0682,41.0682,110727
2018-11-08,40.8285,41.2201,40.5053,41.1958,41.1958,66034
2018-11-09,41.7422,41.9006,41.7095,41.801,41.801,155644
2018-11-12,42.0103,42.9867,41.9623,42.4599,42.4599,260772
2018-11-13,42.3029,43.1165,42.0327,43.1086,43.1086,204282
2018-11-14,43.0174,43.2892,42.7437,43.2789,43.2789,257787
2018-11-15,43.1276,44.2471,43.0777,43.6527,43.6527,334684
2018-11-16,43.7542,44.3671,42.3611,43.0562,43.0562,285771
2018-11-19,43.1907,44.2208,42.6228,44.069,44.069,217295
2018-11-20,44.0738,45.0475,43.5788,44.934,44.934,135591
2018-11-21,45.3114,45.5686,44.9233,45.1574,45.1574,92032
2018-11-22,45.3113,45.4233,44.099,44.801,44.801,178941
2018-11-23,44.3667,44.6753,44.1369,44.6496,44.6496,423485
2018-11-26,45.1632,45.5646,42.6374,43.0565,43.0565,88319
2018-11-27,43.2891,43.8089,41.6021,42.3518,42.3518,147375
2018-11-28,42.9427,43.379,42.3169,42.3633,42.3633,152317
2018-11-29,42.4997,43.0159,41.6697,42.1921,42.1921,114820
2018-11-30,41.3715,44.2297,40.9237,43.982,43.982,195082
2018-12-03,43.9177,44.4492,42.637,42.9687,42.9687,146956
2018-12-04,43.2451,43.5486,41.1662,41.5938,41.5938,96985
2018-12-05,41.4855,43.1177,40.7446,43.0487,43.0487,162957
2018-12-06,43.1064,43.4085,42.6313,43.301,43.301,180554
2018-12-07,42.9011,43.37,41.5927,42.0795,42.0795,126619
2018-12-10,42.3917,42.5732,41.4082,42.0057,42.0057,102609
2018-12-11,41.6699,41.7836,40.2874,40.75,40.75,177577
2018-12-12,40.548,42.0315,40.344,41.9737,41.9737,149594
2018-12-13,41.5388,43.5412,40.5287,42.8647,42.8647,128888
2018-12-14,42.739,42.8778,41.9199,41.9602,41.9602,140418
2018-12-17,41.8855,41.9725,41.701,41.9218,41.9218,275944
2018-12-18,41.5781,41.7689,40.3247,41.1567,41.1567,134222
2018-12-19,41.0805,41.9708,40.1396,41.0181,41.0181,215167
2018-12-20,40.9999,41.7923,40.4729,40.7482,40.7482,127055
2018-12-21,40.9681,41.1677,39.9256,40.2647,40.2647,160331
2018-12-24,40.8329,40.9197,38.8788,39.4244,39.4244,94582
2018-12-26,39.5421,39.6777,38.567,38.627,38.627,162278
2018-12-27,38.3827,40.205,38.1811,39.9864,39.9864,208534
2018-12-28,40.1541,40.2236,38.8321,39.2704,39.2704,130106
2018-12-31,39.5757,40.2545,38.5553,38.5915,38.5915,267923
2019-01-02,38.1927,39.1078,38.1715,38.7016,38.7016,72635
2019-01-03,38.9301,39.5657,37.2162,38.1333,38.1333,136299
2019-01-04,38.3096,38.5534,37.0588,37.6517,37.6517,155109
2019-01-07,37.6072,38.9078,36.7066,38.0766,38.0766,186599
2019-01-08,38.0831,38.8384,37.4608,38.6648,38.6648,113996
2019-01-09,38.8956,40.3081,38.5874,40.0506,40.0506,178156
2019-01-10,40.4135,41.1204,39.9612,39.9954,39.9954,146022
2019-01-11,39.5329,39.879,38.7789,39.4155,39.4155,105293
2019-01-14,39.3975,39.6103,38.1612,38.3239,38.3239,162480
2019-01-15,38.5074,39.8163,38.2669,39.7296,39.7296,200577
2019-01-16,39.7494,39.8717,38.9373,38.9425,38.9425,107738
2019-01-17,38.7241,39.2005,37.8247,38.272,38.272,207448
2019-01-18,38.4647,39.1864,37.9225,38.1062,38.1062,162493
2019-01-21,38.2398,38.5126,35.9798,36.433,36.433,117927
2019-01-22,36.1951,36.7187,35.8114,36.514,36.514,136999
2019-01-23,36.5944,37.0907,34.9767,35.1708,35.1708,108502
2019-01-24,34.939,36.2035,34.8154,35.1873,35.1873,181214
2019-01-25,35.0363,35.4294,33.872,34.6697,34.6697,248726
2019-01-28,34.6943,35.4898,34.6156,35.3388,35.3388,156982
2019-01-29,35.642,36.4028,35.3943,35.6322,35.6322,223473
2019-01-30,35.9285,36.1775,35.6399,35.7505,35.7505,277850
2019-01-31,35.9002,36.7714,35.8719,36.5322,36.5322,112622
2019-02-01,36.924,37.3244,34.2641,34.9831,34.9831,87760
2019-02-04,35.0562,35.3139,34.4811,35.1635,35.1635,180414
2019-02-05,34.7651,35.4055,34.3259,35.0156,35.0156,184117
2019-02-06,34.7927,35.7624,33.9278,35.6422,35.6422,96344
2019-02-07,35.3612,37.7021,35.1795,36.3494,36.3494,97302
2019-02-08,36.9171,37.8008,36.7573,37.5233,37.5233,126643
2019-02-11,37.9352,38.237,37.8072,37.8198,37.8198,367246
2019-02-12,37.6554,38.4327,37.5201,38.2783,38.2783,167719
2019-02-13,38.8321,38.8782,37.3332,37.7993,37.7993,293621
2019-02-14,37.7062,39.113,37.2638,38.5583,38.5583,427815
2019-02-15,39.1191,39.1701,37.833,38.3966,38.3966,107832
2019-02-18,38.5912,40.3424,38.2382,39.6985,39.6985,178801
2019-02-19,40.0127,40.2376,39.0515,39.3032,39.3032,183066
2019-02-20,39.1309,40.3823,38.8889,40.2636,40.2636,126225
2019-02-21,40.4551,41.8188,40.218,40.7906,40.7906,191529
2019-02-22,41.1702,42.507,40.9337,41.457,41.457,291505
2019-02-25,40.1919,40.3433,39.0068,39.8559,39.8559,288136
2019-02-26,39.6616,40.6764,39.2476,40.4593,40.4593,282790
2019-02-27,40.5018,40.8632,39.2644,39.8062,39.8062,312135
2019-02-28,39.8932,41.5492,39.7021,41.3979,41.3979,114544
2019-03-01,41.3131,42.1287,41.3077,41.9664,41.9664,131889
2019-03-04,42.4196,43.2566,41.7153,42.9816,42.9816,103139
2019-03-05,42.474,43.1852,42.0456,42.0795,42.0795,151323
2019-03-06,42.2813,42.6876,41.5454,41.971,41.971,136764
2019-03-07,42.2886,42.5681,41.0028,41.4199,41.4199,137667
2019-03-08,41.4886,41.7791,41.0055,41.261,41.261,143502
2019-03-11,40.6129,41.2431,40.1968,40.3293,40.3293,110074
2019-03-12,40.4512,40.9869,38.6564,39.1335,39.1335,221569
2019-03-13,39.1115,39.354,38.2612,38.7672,38.7672,215175
2019-03-14,38.37,39.2528,38.2302,39.1825,39.1825,164958
2019-03-15,38.7551,39.5673,37.4729,39.4071,39.4071,254285
2019-03-18,39.8944,40.3566,39.0075,39.7445,39.7445,57530
2019-03-19,40.0543,40.2974,38.5212,39.0702,39.0702,101229
2019-03-20,39.3753,39.5376,37.9375,38.4041,38.4041,212198
2019-03-21,38.6511,38.9972,38.258,38.6067,38.6067,157437
2019-03-22,38.3308,38.926,37.7665,38.8574,38.8574,338596
2019-03-25,38.8323,39.3921,36.987,37.054,37.054,86562
2019-03-26,37.3454,37.5782,37.1715,37.3447,37.3447,90155
2019-03-27,37.0421,37.6312,35.6048,36.945,36.945,265314
2019-03-28,37.057,37.2476,35.0474,35.9671,35.9671,139102
2019-03-29,35.951,35.9798,35.0533,35.6256,35.6256,129261
2019-04-01,35.7355,35.8956,34.8393,35.1333,35.1333,106646
2019-04-02,35.339,36.9413,34.9786,36.6527,36.6527,111347
2019-04-03,37.0821,37.251,35.6053,35.8427,35.8427,165778
2019-04-04,35.8225,36.7207,35.7551,36.444,36.444,222816
2019-04-05,36.1724,36.8,36.0813,36.2292,36.2292,280259
2019-04-08,36.3815,36.6615,36.3048,36.5358,36.5358,156854
2019-04-09,36.4722,36.6267,35.8046,35.9076,35.9076,116511
2019-04-10,35.7813,35.9845,35.4875,35.5128,35.5128,141276
2019-04-11,36.0038,37.0257,35.9581,36.229,36.229,156375
2019-04-12,36.2468,36.3529,35.4888,35.5054,35.5054,124812
2019-04-15,35.4921,35.8803,34.399,34.7608,34.7608,290077
2019-04-16,35.0156,35.0183,34.1987,34.3106,34.3106,130876
2019-04-17,34.0559,34.5923,33.9221,34.4586,34.4586,139335
2019-04-18,34.3106,35.0045,34.1383,34.588,34.588,228373
2019-04-19,35.1876,35.4179,34.1476,34.1707,34.1707,173294
2019-04-22,34.2114,34.9709,34.1984,34.3704,34.3704,124307
2019-04-23,34.7757,34.9072,33.8744,34.3224,34.3224,264723
2019-04-24,34.3465,34.8056,33.8201,34.268,34.268,225825
2019-04-25,34.3851,34.8178,33.1833,33.333,33.333,213725
2019-04-26,33.4677,34.4012,33.2381,34.1201,34.1201,67344
2019-04-29,34.0898,36.4875,33.7994,36.3223,36.3223,194907
2019-04-30,36.5693,37.8762,36.5262,37.5814,37.5814,221479
2019-05-01,38.0692,38.6319,37.6652,38.4236,38.4236,107774
2019-05-02,38.2083,38.6381,37.8451,37.9167,37.9167,131319
2019-05-03,37.984,39.468,37.6993,38.8416,38.8416,140017
2019-05-06,38.3423,39.5205,38.0465,39.3948,39.3948,68357
2019-05-07,39.4553,39.7987,37.4778,38.1528,38.1528,167595
2019-05-08,37.9754,38.3135,37.4137,37.8502,37.8502,245521
2019-05-09,37.4394,39.4914,37.059,38.7985,38.7985,83833
2019-05-10,39.1801,39.7072,37.7862,37.9783,37.9783,115698
2019-05-13,38.0697,38.889,37.3915,38.2659,38.2659,134727
2019-05-14,38.0725,39.0371,36.5851,37.1446,37.1446,204367
2019-05-15,36.8773,37.3636,36.4428,36.5018,36.5018,233920
2019-05-16,36.1466,36.7702,36.022,36.6273,36.6273,80216
2019-05-17,36.674,36.8251,35.9394,36.1596,36.1596,299831
2019-05-20,36.3313,36.7563,35.1143,35.298,35.298,201074
2019-05-21,35.228,35.868,35.1262,35.6089,35.6089,122894
2019-05-22,35.9151,36.4431,34.161,34.4935,34.4935,160770
2019-05-23,34.4019,35.2381,33.5748,34.8061,34.8061,265113
2019-05-24,34.873,34.8958,34.3998,34.5641,34.5641,163471
2019-05-27,34.3488,34.6583,34.2082,34.4226,34.4226,124796
2019-05-28,34.2722,36.2564,33.4449,35.9843,35.9843,156914
2019-05-29,35.8779,36.5217,35.4382,35.5438,35.5438,94007
2019-05-30,35.4419,35.9729,35.3859,35.9584,35.9584,145882
2019-05-31,36.0851,36.3893,35.8139,35.8502,35.8502,131356
2019-06-03,35.8978,36.1862,35.7445,36.1146,36.1146,144527
2019-06-04,36.294,36.4666,35.361,36.2738,36.2738,97764
2019-06-05,36.8876,37.2688,36.1209,36.4163,36.4163,287914
2019-06-06,36.4668,37.2709,35.6063,36.7192,36.7192,98776
2019-06-07,36.5893,37.3714,35.8914,37.3304,37.3304,189185
2019-06-10,37.4095,38.1184,36.9128,38.0586,38.0586,137591
2019-06-11,38.1982,38.3132,37.2957,37.9029,37.9029,260802
2019-06-12,38.2909,38.8849,37.0904,37.5804,37.5804,126518
2019-06-13,37.7787,39.6155,37.3705,39.5362,39.5362,210646
2019-06-14,39.4839,39.617,39.4273,39.532,39.532,221391
2019-06-17,39.0838,40.4149,38.8507,40.1292,40.1292,308268
2019-06-18,40.2046,40.4055,39.3898,39.7425,39.7425,160224
2019-06-19,39.4148,41.2047,39.2326,40.6892,40.6892,176582
2019-06-20,40.7903,42.6437,40.4086,41.8087,41.8087,122824
2019-06-21,42.2553,42.3243,41.6184,41.8183,41.8183,127312
2019-06-24,41.2942,42.1062,40.6708,41.7312,41.7312,120802
2019-06-25,42.2825,42.8961,41.9612,42.3459,42.3459,115016
2019-06-26,42.8177,43.0461,40.6735,41.0863,41.0863,134353
2019-06-27,41.012,41.1001,40.8263,41.0803,41.0803,160438
2019-06-28,40.6081,42.1775,39.4192,41.4316,41.4316,209402
2019-07-01,41.7237,42.1032,40.2908,40.4061,40.4061,130092
2019-07-02,40.7013,41.8333,40.1872,41.539,41.539,212695
2019-07-03,41.4932,41.669,41.1312,41.6138,41.6138,109875
2019-07-05,42.0904,43.096,41.2361,41.3016,41.3016,137747
2019-07-08,40.867,42.2318,39.97,42.0065,42.0065,153950
2019-07-09,41.6596,42.3427,41.0278,42.3179,42.3179,135999
2019-07-10,41.9204,44.0532,41.6755,43.5022,43.5022,156637
2019-07-11,43.539,43.6293,43.1822,43.5013,43.5013,98135
2019-07-12,43.1143,43.4075,42.6786,42.8317,42.8317,234122
2019-07-15,43.1802,43.9106,42.3485,42.5083,42.5083,108243
2019-07-16,42.2735,45.4658,41.9975,44.2856,44.2856,174103
2019-07-17,44.1902,44.6373,43.4,43.7586,43.7586,254796
2019-07-18,44.4618,44.7305,42.2167,42.3544,42.3544,156724
2019-07-19,42.1524,42.7386,41.9774,42.6807,42.6807,473191
2019-07-22,42.539,42.7341,41.3353,42.1515,42.1515,154240
2019-07-23,41.6496,42.0096,41.5921,41.9779,41.9779,136700
2019-07-24,41.9078,42.7516,41.7279,42.3585,42.3585,190485
2019-07-25,42.683,42.8134,41.902,41.938,41.938,137962
2019-07-26,42.2228,42.2944,41.3813,41.8153,41.8153,191955
2019-07-29,41.7791,42.4031,41.0681,42.1968,42.1968,189496
2019-07-30,42.6759,43.2812,41.3286,41.9138,41.9138,190124
2019-07-31,41.6524,42.2719,39.5029,40.1801,40.1801,139558
2019-08-01,40.1079,40.4412,39.3559,39.4054,39.4054,97563
2019-08-02,39.5411,40.4754,39.1837,39.9089,39.9089,117785
2019-08-05,39.6307,40.9914,39.5503,40.6018,40.6018,171316
2019-08-06,40.7264,41.0078,39.6857,40.3159,40.3159,131458
2019-08-07,40.7756,41.0564,40.3664,40.5987,40.5987,202685
2019-08-08,40.9184,41.087,40.7141,40.7992,40.7992,283105
2019-08-09,40.9177,41.09,40.293,40.52,40.52,84843
2019-08-12,40.0593,40.1172,38.7215,39.5042,39.5042,194916
2019-08-13,39.6881,40.2164,39.1634,39.718,39.718,109570
2019-08-14,40.0664,41.3542,39.6111,40.3924,40.3924,225037
2019-08-15,40.7385,41.4002,39.8297,40.2697,40.2697,179956
2019-08-16,40.2139,41.2591,39.0857,41.1052,41.1052,136777
2019-08-19,40.8864,42.4984,40.5922,41.5157,41.5157,214959
2019-08-20,41.3662,42.0773,40.9977,41.6088,41.6088,185779
2019-08-21,41.4522,41.577,41.2858,41.3449,41.3449,167925
2019-08-22,41.6865,42.1825,41.186,41.6757,41.6757,96840
2019-08-23,41.7704,42.6669,40.6005,41.1696,41.1696,249106
2019-08-26,41.2409,42.955,40.9967,42.6022,42.6022,79412
2019-08-27,42.4656,42.6036,40.9207,41.4575,41.4575,266963
2019-08-28,41.4128,42.4541,41.2996,41.4724,41.4724,158146
2019-08-29,41.3355,41.6641,39.3082,39.4711,39.4711,133930
2019-08-30,39.1912,39.2193,37.6408,38.4323,38.4323,152390
2019-09-02,38.6655,38.7833,37.8184,37.8428,37.8428,255570
2019-09-03,38.4639,38.5326,36.3564,36.5211,36.5211,248341
2019-09-04,36.3401,36.5366,35.9421,36.1419,36.1419,242241
2019-09-05,35.7753,36.3093,35.2428,35.5015,35.5015,125766
2019-09-06,35.6936,35.8054,33.5217,34.1656,34.1656,380003
2019-09-09,34.2484,34.5904,34.0011,34.4944,34.4944,349529
2019-09-10,34.162,34.8389,33.5013,34.2877,34.2877,121610
2019-09-11,34.4999,35.2524,34.0782,35.0727,35.0727,148737
2019-09-12,35.0159,35.0458,34.4106,34.9429,34.9429,338593
2019-09-13,34.7351,35.4844,34.5501,35.0082,35.0082,171721
2019-09-16,34.7058,36.1472,34.5315,35.6377,35.6377,125172
2019-09-17,35.1618,35.7011,34.8838,35.5184,35.5184,169437
2019-09-18,35.6454,36.5524,34.939,35.0042,35.0042,48768
2019-09-19,34.9156,35.0772,34.4326,34.7661,34.7661,129007
2019-09-20,34.4709,35.1412,34.0976,34.8752,34.8752,346562
2019-09-23,34.945,35.4438,34.2942,34.413,34.413,135531
2019-09-24,34.3406,34.3699,33.0131,33.3059,33.3059,174672
2019-09-25,33.4507,34.1376,32.8723,32.9709,32.9709,212981
2019-09-26,33.4348,33.4851,31.5238,32.0706,32.0706,245342
2019-09-27,31.8698,32.417,31.8445,32.2207,32.2207,78036
2019-09-30,32.4366,32.5674,31.6416,31.8031,31.8031,99572
2019-10-01,32.0578,32.1569,31.4072,31.8956,31.8956,181928
2019-10-02,31.3608,32.5041,30.7846,32.3092,32.3092,148154
2019-10-03,32.7582,33.4379,32.5236,32.921,32.921,250430
2019-10-04,33.0574,34.1662,33.0544,33.6683,33.6683,314822
2019-10-07,33.8187,33.8386,32.6075,32.9679,32.9679,211841
2019-10-08,33.2785,33.3974,32.4413,32.5236,32.5236,126680
2019-10-09,33.0939,33.1143,32.4419,32.6374,32.6374,207815
2019-10-10,32.563,32.7049,32.2471,32.6028,32.6028,187013
2019-10-11,32.603,32.8309,31.6281,31.9207,31.9207,263190
2019-10-14,31.5164,32.8054,31.2782,32.3767,32.3767,290876
2019-10-15,32.1221,33.23,31.0659,32.6901,32.6901,199355
2019-10-16,32.6461,33.0431,31.7439,32.8666,32.8666,268310
2019-10-17,32.5607,34.4581,32.3974,34.3005,34.3005,148374
2019-10-18,34.1503,35.1712,34.1243,34.9881,34.9881,151075
2019-10-21,35.282,35.2906,34.0967,34.1888,34.1888,289452
2019-10-22,34.5801,34.8381,33.4191,33.6088,33.6088,157497
2019-10-23,33.4681,34.0667,32.3313,32.9305,32.9305,146397
2019-10-24,32.8994,32.9181,32.0489,32.574,32.574,156102
2019-10-25,32.5805,34.8697,32.155,34.5723,34.5723,175835
2019-10-28,34.4204,37.5062,34.2428,36.951,36.951,113033
2019-10-29,36.8511,37.3037,36.0403,36.3237,36.3237,279491
2019-10-30,36.5083,36.6061,35.5094,35.5111,35.5111,106149
2019-10-31,35.7736,36.6965,35.6783,36.1069,36.1069,124411
2019-11-01,35.8507,37.5304,35.5038,37.1042,37.1042,81513
2019-11-04,37.3719,38.3732,37.2309,38.173,38.173,70061
2019-11-05,37.9348,41.2035,37.7224,40.3138,40.3138,187748
2019-11-06,40.4272,42.0418,40.3579,41.7297,41.7297,167034
2019-11-07,41.5244,43.6147,40.0938,43.4572,43.4572,106069
2019-11-08,43.2646,45.6687,43.0863,45.5147,45.5147,161408
2019-11-11,45.4505,45.5252,44.3369,44.7478,44.7478,122210
2019-11-12,44.7287,45.7782,44.6273,45.2916,45.2916,182325
2019-11-13,44.746,47.7653,44.6658,46.8427,46.8427,99398
2019-11-14,46.6866,48.2638,46.3751,47.1071,47.1071,136875
2019-11-15,46.7799,47.8597,46.2821,47.2384,47.2384,158206
2019-11-18,47.5733,48.7956,47.2926,48.0806,48.0806,109974
2019-11-19,47.9244,47.989,46.2793,46.3802,46.3802,268222
2019-11-20,45.6367,45.8821,44.1289,44.5245,44.5245,115745
2019-11-21,44.5242,45.2489,43.4335,44.028,44.028,91499
2019-11-22,43.9751,44.1385,43.205,43.4085,43.4085,200326
2019-11-25,43.2473,44.2627,42.5837,44.0268,44.0268,274213
2019-11-26,44.3718,45.0164,43.4978,43.9152,43.9152,147727
2019-11-27,43.8148,44.287,43.5205,43.6421,43.6421,196341
2019-11-28,43.8133,45.1638,43.646,45.0829,45.0829,163137
2019-11-29,45.248,46.4363,45.1865,46.2929,46.2929,172717
2019-12-02,46.2142,46.9244,45.868,45.8944,45.8944,92438
2019-12-03,45.8599,46.4315,44.633,45.3649,45.3649,103021
2019-12-04,45.5935,46.0604,44.3798,44.8896,44.8896,140914
2019-12-05,45.3857,46.2212,43.5952,43.7167,43.7167,217334
2019-12-06,43.242,43.9058,43.2147,43.5511,43.5511,200417
2019-12-09,43.5148,44.8043,42.7855,44.2092,44.2092,279931
2019-12-10,44.0304,44.4307,44.0303,44.1686,44.1686,244585
2019-12-11,44.4785,47.7448,44.4379,46.7372,46.7372,326103
2019-12-12,46.9316,47.2582,45.3449,45.3485,45.3485,186925
2019-12-13,45.5838,45.8128,43.9783,44.9812,44.9812,177176
2019-12-16,44.765,44.9313,44.1925,44.2762,44.2762,221384
2019-12-17,44.6799,44.7663,42.6771,43.4001,43.4001,108677
2019-12-18,43.0045,43.2229,41.8465,41.8749,41.8749,98063
2019-12-19,42.3217,42.6546,41.2822,41.4442,41.4442,198553
2019-12-20,41.1592,42.4343,40.1558,42.2115,42.2115,236803
2019-12-23,42.0608,42.6211,41.9048,42.2944,42.2944,162677
2019-12-24,42.659,43.1698,40.8798,42.0686,42.0686,230632
2019-12-26,42.2509,42.9432,41.716,42.6735,42.6735,115943
2019-12-27,41.9884,42.5136,41.6511,41.8397,41.8397,211122
2019-12-30,41.5913,43.0001,41.3167,42.2009,42.2009,186564
2019-12-31,42.0749,43.3873,42.0253,43.2017,43.2017,226471
2020-01-02,43.146,43.4597,41.1088,42.3599,42.3599,110746
2020-01-03,41.8894,42.6381,41.645,42.587,42.587,144639
2020-01-06,42.6449,44.1194,42.17,43.8304,43.8304,199132
2020-01-07,43.6251,45.5043,43.4631,45.3592,45.3592,204010
2020-01-08,45.3503,46.8771,45.0533,46.5255,46.5255,108083
2020-01-09,46.9232,46.9273,45.9575,46.7844,46.7844,348052
2020-01-10,46.8957,46.8995,46.2192,46.7391,46.7391,283683
2020-01-13,47.0579,47.0635,46.3007,46.392,46.392,276353
2020-01-14,46.3634,46.946,46.019,46.4647,46.4647,225712
2020-01-15,46.8415,47.2333,46.3664,46.6113,46.6113,210527
2020-01-16,46.7425,48.5014,46.4127,47.4461,47.4461,249370
2020-01-17,47.2327,47.6339,46.5116,47.0096,47.0096,173382
2020-01-20,47.2887,47.7346,47.0823,47.1332,47.1332,137300
2020-01-21,47.0068,47.3894,45.7232,46.2695,46.2695,226595
2020-01-22,46.1445,46.5881,45.3729,45.9435,45.9435,241614
2020-01-23,45.7726,46.201,45.1451,45.3606,45.3606,140527
2020-01-24,45.1243,48.1954,44.5643,47.9764,47.9764,55575
2020-01-27,48.3965,48.6599,47.4712,48.1339,48.1339,159036
2020-01-28,48.3696,48.4296,47.1311,47.2441,47.2441,104084
2020-01-29,47.6368,49.4099,46.7688,48.7399,48.7399,73728
2020-01-30,48.493,50.2341,48.1281,49.3724,49.3724,331508
2020-01-31,48.901,51.6049,48.834,51.2295,51.2295,150575
2020-02-03,51.1172,52.2436,50.2901,50.8606,50.8606,168376
2020-02-04,51.6239,51.831,49.9161,50.0273,50.0273,115259
2020-02-05,50.3935,51.5376,50.3082,50.7179,50.7179,134833
2020-02-06,50.7687,51.2881,49.8601,50.0624,50.0624,218701
2020-02-07,50.0079,50.2001,49.0021,49.2247,49.2247,177125
2020-02-10,48.8557,50.1225,47.4239,48.0659,48.0659,244184
2020-02-11,48.6137,49.6841,48.2265,49.0184,49.0184,99415
2020-02-12,49.1528,49.6467,48.2224,49.4465,49.4465,115719
2020-02-13,49.7242,49.7931,49.4355,49.4835,49.4835,114183
2020-02-14,50.0998,51.9746,49.5631,51.2691,51.2691,339517
2020-02-17,51.2218,52.4385,50.7449,52.0086,52.0086,189514
2020-02-18,52.3404,52.446,51.8362,52.0384,52.0384,108198
2020-02-19,52.4618,52.6965,52.1888,52.6235,52.6235,348875
2020-02-20,53.081,53.4796,49.7662,50.5128,50.5128,221399
2020-02-21,50.2137,50.6779,50.0273,50.4323,50.4323,238782
2020-02-24,50.856,51.4687,48.3747,48.7616,48.7616,216269
2020-02-25,48.9968,49.224,45.1112,46.7211,46.7211,179984
2020-02-26,46.8462,47.0616,46.3184,46.9918,46.9918,60160
2020-02-27,46.8542,47.4709,46.1253,46.448,46.448,85031
2020-02-28,46.3217,46.7173,45.6478,45.9416,45.9416,172875
2020-03-02,46.3288,46.7494,43.1031,43.4663,43.4663,122769
2020-03-03,44.259,44.5091,42.8617,42.9655,42.9655,298340
2020-03-04,43.0845,43.3634,41.4446,41.5409,41.5409,104616
2020-03-05,41.7233,43.0724,41.5762,42.9015,42.9015,127832
2020-03-06,42.3894,44.6507,41.7005,44.4193,44.4193,153541
2020-03-09,44.5453,44.9269,44.3314,44.5896,44.5896,169229
2020-03-10,44.4423,44.509,43.3805,43.5631,43.5631,104206
2020-03-11,43.0617,43.5771,42.7869,43.4831,43.4831,199369
2020-03-12,43.5543,43.6097,42.4987,42.6398,42.6398,118549
2020-03-13,42.6377,43.4132,40.0927,40.9773,40.9773,124184
2020-03-16,41.1117,41.2135,40.1853,40.7031,40.7031,146066
2020-03-17,40.2281,41.4734,39.9667,40.9754,40.9754,187165
2020-03-18,40.8522,42.0512,40.4258,41.7222,41.7222,382092
2020-03-19,42.1194,42.3847,41.3573,41.4376,41.4376,143169
2020-03-20,41.1206,41.3023,40.9145,41.0653,41.0653,167664
2020-03-23,40.9152,42.1952,39.7444,40.1789,40.1789,144785
2020-03-24,40.282,41.6913,40.241,41.666,41.666,123890
2020-03-25,42.3082,42.715,39.4779,39.6826,39.6826,166676
2020-03-26,40.0701,40.3951,38.3045,39.0006,39.0006,199774
2020-03-27,39.0402,39.5133,38.378,39.1268,39.1268,231005
2020-03-30,39.1753,39.3742,38.8594,38.9256,38.9256,89265
2020-03-31,38.6148,39.0494,36.9191,37.4252,37.4252,255422
2020-04-01,37.3819,38.2741,37.0487,37.0517,37.0517,199830
2020-04-02,37.3588,37.4458,35.3687,35.8183,35.8183,154645
2020-04-03,35.9996,36.5202,35.2508,35.3454,35.3454,122288
2020-04-06,35.0972,35.5643,34.6528,34.6819,34.6819,121037
2020-04-07,35.0109,35.1479,34.0172,34.3905,34.3905,101760
2020-04-08,34.4911,34.5081,33.3051,33.4225,33.4225,138555
2020-04-09,33.5521,34.0888,31.6845,31.9228,31.9228,295830
2020-04-10,31.8378,31.8835,31.3942,31.6641,31.6641,170820
2020-04-13,31.6461,31.9525,30.7067,30.9931,30.9931,208222
2020-04-14,30.9854,31.1166,29.8687,30.1871,30.1871,113292
2020-04-15,30.0161,30.2108,29.1809,29.3031,29.3031,98293
2020-04-16,29.4096,29.6754,27.7569,28.0774,28.0774,152978
2020-04-17,28.0693,28.9222,28.0122,28.395,28.395,185255
2020-04-20,27.9533,28.9693,27.7642,28.9645,28.9645,295509
2020-04-21,28.9496,29.3959,28.6369,28.7439,28.7439,213988
2020-04-22,28.5391,29.2815,28.411,28.8163,28.8163,235024
2020-04-23,29.0634,29.5687,28.5397,29.4654,29.4654,202732
2020-04-24,30.1787,30.4318,29.5234,29.5674,29.5674,251348
2020-04-27,29.5981,29.7117,28.9107,29.0597,29.0597,250680
2020-04-28,29.059,29.99,29.0069,29.5231,29.5231,169076
2020-04-29,29.6259,30.5854,29.3057,30.246,30.246,180992
2020-04-30,29.9884,30.9866,29.6762,30.917,30.917,500131
2020-05-01,31.1611,31.9493,29.657,29.9541,29.9541,256820
2020-05-04,30.1109,31.1051,29.8664,30.9163,30.9163,235331
2020-05-05,30.7409,31.6949,30.5816,31.2434,31.2434,135629
2020-05-06,30.7954,30.9599,30.095,30.1569,30.1569,191371
2020-05-07,30.1978,30.8718,29.8785,30.4554,30.4554,168063
2020-05-08,30.381,31.1039,30.1446,30.252,30.252,86706
2020-05-11,30.3305,30.7113,30.1936,30.3863,30.3863,153562
2020-05-12,30.5038,31.2514,29.534,30.0945,30.0945,236554
2020-05-13,29.8338,29.9416,29.806,29.8122,29.8122,436409
2020-05-14,29.3337,29.7531,28.7077,28.8519,28.8519,195269
2020-05-15,28.7662,28.9133,27.4852,27.7484,27.7484,127010
2020-05-18,27.4409,29.0761,27.0435,28.2136,28.2136,148738
2020-05-19,28.2304,28.9776,28.1765,28.8556,28.8556,211794
2020-05-20,29.1586,30.5181,28.8505,30.0552,30.0552,242117
2020-05-21,30.3345,30.6284,29.9614,29.9653,29.9653,127662
2020-05-22,29.7307,30.1058,29.2101,29.8711,29.8711,218688
2020-05-25,29.7912,30.3584,29.7521,30.2372,30.2372,309982
2020-05-26,30.2772,31.4222,30.0108,30.8589,30.8589,179206
2020-05-27,30.3598,30.6238,30.1266,30.3897,30.3897,96917
2020-05-28,30.7373,31.0566,29.7541,30.3185,30.3185,309316
2020-05-29,30.4045,31.6218,30.2635,31.5066,31.5066,193382
2020-06-01,31.6801,31.9574,30.8773,31.288,31.288,246161
2020-06-02,31.4229,31.8264,31.1438,31.6969,31.6969,72371
2020-06-03,31.5497,31.6826,31.0388,31.1762,31.1762,95185
2020-06-04,31.1913,31.3948,29.7065,30.1707,30.1707,72715
2020-06-05,30.2693,30.3645,29.9027,30.2161,30.2161,163318
2020-06-08,30.0545,30.4316,29.7786,29.8032,29.8032,201786
2020-06-09,30.0488,31.8334,29.897,31.0801,31.0801,112895
2020-06-10,31.2096,31.2154,30.7756,30.9296,30.9296,258836
2020-06-11,31.3,31.6015,29.9717,30.2947,30.2947,227304
2020-06-12,30.0892,31.0636,29.5648,29.5876,29.5876,115737
2020-06-15,29.3478,30.4902,28.6548,29.7928,29.7928,268266
2020-06-16,29.8134,30.1667,28.9358,29.7798,29.7798,199993
2020-06-17,29.7054,30.5125,29.5945,29.6338,29.6338,84896
2020-06-18,29.6139,30.5058,29.431,29.9435,29.9435,270126
2020-06-19,29.8139,30.2365,28.4549,29.2451,29.2451,187458
2020-06-22,29.4926,29.7783,28.8473,29.3458,29.3458,134248
2020-06-23,29.5406,30.3487,29.5316,30.3007,30.3007,131919
2020-06-24,30.2798,30.9416,30.151,30.845,30.845,118966
2020-06-25,30.5023,31.3366,29.9522,31.1522,31.1522,167577
2020-06-26,30.9898,31.9259,30.9273,31.3469,31.3469,231373
2020-06-29,31.2824,32.5607,31.2055,32.2815,32.2815,331269
2020-06-30,32.4798,32.5761,31.8487,32.1495,32.1495,331013
2020-07-01,31.8711,32.3117,31.1833,31.3632,31.3632,201039
2020-07-02,31.2509,33.0676,31.1502,32.1195,32.1195,113374
2020-07-03,32.1114,32.3841,31.7055,32.3228,32.3228,100782
2020-07-06,32.528,33.0538,31.4957,31.818,31.818,170544
2020-07-07,31.6365,32.5507,31.6279,32.3628,32.3628,109090
2020-07-08,32.0659,32.4968,31.4074,32.2183,32.2183,177547
2020-07-09,32.4236,32.7128,31.7665,32.4083,32.4083,143844
2020-07-10,32.3975,32.946,32.1623,32.6652,32.6652,187514
2020-07-13,32.6045,32.7091,32.2272,32.6003,32.6003,203952
2020-07-14,32.5569,32.7272,32.2758,32.5304,32.5304,220020
2020-07-15,32.5922,33.4147,31.523,31.6672,31.6672,113970
2020-07-16,31.4749,32.4445,30.9887,32.1075,32.1075,147358
2020-07-17,32.0984,32.4078,30.6204,31.1908,31.1908,183304
2020-07-20,30.7999,31.4694,30.6673,31.3876,31.3876,102484
2020-07-21,31.4735,31.9992,30.9659,31.091,31.091,99429
2020-07-22,31.1264,31.6645,30.5608,30.708,30.708,105358
2020-07-23,30.4357,30.6883,30.1609,30.2655,30.2655,159978
2020-07-24,30.2854,31.0001,29.6203,29.9607,29.9607,218226
2020-07-27,30.0004,30.5266,29.9954,30.5022,30.5022,286831
2020-07-28,30.5221,31.6279,30.512,31.5532,31.5532,124917
2020-07-29,31.7239,32.6012,30.9588,31.1276,31.1276,210203
2020-07-30,30.9379,31.017,30.3774,30.6145,30.6145,198558
2020-07-31,30.5753,30.8753,30.3014,30.5488,30.5488,117798
2020-08-03,30.1625,30.4277,29.8427,30.3588,30.3588,223304
2020-08-04,30.3852,30.3898,29.8344,30.1364,30.1364,95476
2020-08-05,29.8766,30.3014,29.5427,29.8741,29.8741,90606
2020-08-06,30.1493,30.2914,28.2578,28.4347,28.4347,264050
2020-08-07,28.5339,28.5729,28.1851,28.2609,28.2609,118989
2020-08-10,27.8494,28.1385,27.01,27.7391,27.7391,139915
2020-08-11,27.6331,27.7009,27.2622,27.2701,27.2701,249268
2020-08-12,26.979,27.4856,26.8057,26.871,26.871,212439
2020-08-13,26.3471,27.7711,26.0009,27.5879,27.5879,175366
2020-08-14,27.5248,27.5985,26.4502,27.1357,27.1357,132339
2020-08-17,26.9447,27.7571,26.8167,27.6228,27.6228,261590
2020-08-18,27.4387,28.4292,27.1999,28.2728,28.2728,89506
2020-08-19,28.4722,29.5396,28.1976,29.5258,29.5258,140013
2020-08-20,29.4864,30.0243,29.1631,29.7778,29.7778,177291
2020-08-21,29.6963,29.8505,28.6011,28.8687,28.8687,154829
2020-08-24,29.2205,30.207,29.0774,30.1322,30.1322,242791
2020-08-25,30.334,30.4812,28.6989,29.1641,29.1641,291979
2020-08-26,29.2581,29.354,28.8174,29.3461,29.3461,110285
2020-08-27,29.6059,29.6752,28.9499,29.0031,29.0031,97081
2020-08-28,28.9401,29.6961,28.1721,28.6903,28.6903,188748
2020-08-31,28.549,29.5566,28.0391,29.075,29.075,154670
2020-09-01,29.1856,30.233,28.7579,29.9984,29.9984,105678
2020-09-02,30.125,30.3077,29.8041,29.9564,29.9564,181770
2020-09-03,30.3732,30.4802,29.1865,29.3081,29.3081,248002
2020-09-04,29.2575,30.0813,29.0919,29.8472,29.8472,190934
2020-09-07,29.9217,30.2266,29.1874,29.309,29.309,85082
2020-09-08,29.4415,29.8922,28.7705,28.9308,28.9308,117671
2020-09-09,29.053,29.2638,29.0269,29.1099,29.1099,205363
2020-09-10,29.428,30.4324,29.1476,30.3765,30.3765,80586
2020-09-11,30.1902,30.7081,30.1167,30.405,30.405,170315
2020-09-14,30.155,30.5996,29.7484,30.5132,30.5132,69249
2020-09-15,30.4881,31.2175,30.0933,31.0171,31.0171,133502
2020-09-16,31.0141,31.1852,30.239,30.6008,30.6008,188648
2020-09-17,30.4326,30.7849,30.16,30.7367,30.7367,167817
2020-09-18,30.859,31.7492,30.7971,31.1377,31.1377,335395
2020-09-21,31.0132,31.1665,30.2505,30.539,30.539,159052
2020-09-22,30.4532,31.0325,29.7649,30.2723,30.2723,163815
2020-09-23,30.6439,31.1391,30.0596,30.8156,30.8156,291619
2020-09-24,30.6173,31.2116,29.9079,30.9332,30.9332,219513
2020-09-25,31.162,31.2676,30.5762,31.0183,31.0183,169150
2020-09-28,31.0428,32.3017,30.0813,31.8251,31.8251,121150
2020-09-29,31.682,31.8531,30.8746,30.9484,30.9484,203212
2020-09-30,30.5628,30.6909,30.4027,30.6482,30.6482,114050
2020-10-01,30.8532,31.1564,30.7323,30.7995,30.7995,184627
2020-10-02,31.2741,31.3792,30.8453,30.974,30.974,91950
2020-10-05,31.0025,31.3307,30.4523,30.9933,30.9933,159669
2020-10-06,30.9955,31.796,30.6089,30.6882,30.6882,56163
2020-10-07,30.4803,31.217,29.7172,30.3821,30.3821,94342
2020-10-08,30.7039,30.7891,29.8422,29.9156,29.9156,150638
2020-10-09,29.6475,30.0674,27.9668,28.6536,28.6536,179816
2020-10-12,28.6341,28.7734,28.2239,28.5477,28.5477,214520
2020-10-13,28.3648,28.8373,28.3247,28.4107,28.4107,88283
2020-10-14,28.613,29.0748,27.8706,28.2528,28.2528,172020
2020-10-15,28.0355,28.4415,26.4962,27.1995,27.1995,76133
2020-10-16,27.4617,27.4903,26.97,27.338,27.338,294291
2020-10-19,27.56,27.9208,26.8994,27.7209,27.7209,212848
2020-10-20,27.9514,28.2835,27.7947,28.2775,28.2775,217486
2020-10-21,28.3509,29.2987,28.2609,28.7525,28.7525,239965
2020-10-22,28.7015,30.4013,28.6115,30.2304,30.2304,186628
2020-10-23,29.8651,30.9871,29.7405,30.6525,30.6525,80931
2020-10-26,30.8069,30.8115,29.566,29.7885,29.7885,205417
2020-10-27,29.7698,30.4974,29.4594,30.3042,30.3042,249527
2020-10-28,30.364,30.5046,29.9149,30.0103,30.0103,178370
2020-10-29,30.0827,30.8254,29.9834,29.9943,29.9943,187856
2020-10-30,30.2425,31.0435,30.0087,30.6587,30.6587,252203
2020-11-02,30.724,30.7764,30.1594,30.5839,30.5839,191557
2020-11-03,30.7157,31.0755,30.1487,30.1674,30.1674,168988
2020-11-04,29.9295,30.26,29.8929,30.0555,30.0555,149525
2020-11-05,30.1914,30.428,29.1843,29.2134,29.2134,198819
2020-11-06,28.828,29.9623,28.6373,29.9014,29.9014,169700
2020-11-09,29.8834,29.9336,28.9651,29.1666,29.1666,195945
2020-11-10,29.1409,29.3971,28.2661,28.5247,28.5247,111096
2020-11-11,28.5104,28.7536,28.3903,28.5178,28.5178,307102
2020-11-12,28.0772,29.151,27.9012,28.795,28.795,154146
2020-11-13,28.7993,28.856,28.2582,28.4477,28.4477,280161
2020-11-16,28.1339,29.7777,27.993,29.4986,29.4986,137049
2020-11-17,29.3243,30.2905,28.9731,29.7473,29.7473,173996
2020-11-18,29.6803,29.9253,29.5494,29.5503,29.5503,253337
2020-11-19,29.6575,29.9379,28.3558,28.539,28.539,190975
2020-11-20,28.5131,28.982,28.2612,28.7989,28.7989,149908
2020-11-23,28.6966,28.746,26.2853,26.8905,26.8905,156629
2020-11-24,26.9557,28.0419,26.7131,27.657,27.657,135702
2020-11-25,27.3204,27.8108,26.6629,26.8176,26.8176,83774
2020-11-26,26.7857,26.9797,26.4746,26.9268,26.9268,74128
2020-11-27,26.9005,27.7657,26.633,27.5141,27.5141,193284
2020-11-30,27.6015,28.2243,27.6014,28.058,28.058,160125
2020-12-01,28.1039,28.8113,26.9708,27.1675,27.1675,197475
2020-12-02,27.2836,28.8418,27.1294,28.6713,28.6713,212122
2020-12-03,28.7648,29.18,28.3597,28.7693,28.7693,93436
2020-12-04,28.8689,29.6911,28.5738,29.4232,29.4232,405939
2020-12-07,29.9455,30.4956,28.8964,29.0027,29.0027,175141
2020-12-08,28.8112,28.8693,27.6975,27.7948,27.7948,168464
2020-12-09,27.569,29.3303,27.4221,29.2033,29.2033,97312
2020-12-10,29.3993,29.7248,28.8111,29.2907,29.2907,151176
2020-12-11,29.1515,29.4733,28.5394,28.7002,28.7002,134348
2020-12-14,28.1864,31.5819,28.1448,30.8664,30.8664,109516
2020-12-15,30.8546,31.1466,29.6541,30.3107,30.3107,239374
2020-12-16,30.3729,31.6073,30.2156,31.3418,31.3418,85697
2020-12-17,31.2138,31.5653,30.9453,31.4219,31.4219,86195
2020-12-18,31.4455,32.105,31.3184,32.0687,32.0687,271720
2020-12-21,32.1003,32.1306,31.9366,31.9394,31.9394,91278
2020-12-22,31.7971,32.7162,31.7831,32.5268,32.5268,386884
2020-12-23,32.5188,32.8143,32.1186,32.786,32.786,132095
2020-12-24,32.4688,32.873,31.992,32.6295,32.6295,162709
2020-12-28,32.6298,33.5347,32.3036,33.3636,33.3636,166795
2020-12-29,33.3361,33.8109,32.8476,32.8954,32.8954,77370
2020-12-30,32.7643,33.0466,31.4422,31.9668,31.9668,107422
2020-12-31,32.2956,32.5553,31.6395,31.8537,31.8537,112326
2021-01-04,31.6245,33.5156,31.0661,32.7917,32.7917,93868
2021-01-05,32.9027,33.1568,32.3952,32.9127,32.9127,190389
2021-01-06,33.4208,33.9828,31.4839,31.8446,31.8446,222917
2021-01-07,31.5098,32.5323,31.0528,32.2568,32.2568,243480
2021-01-08,32.2187,32.3331,31.7601,31.8172,31.8172,158627
2021-01-11,31.6688,33.088,31.3778,32.5991,32.5991,181922
2021-01-12,32.8565,33.0661,32.0375,32.1019,32.1019,85374
2021-01-13,31.8367,31.9266,31.4058,31.9164,31.9164,121567
2021-01-14,32.1229,32.5607,31.0572,31.6771,31.6771,142314
2021-01-15,31.8564,32.6322,31.6964,32.2837,32.2837,101741
2021-01-18,32.4135,32.773,32.3847,32.6655,32.6655,167470
2021-01-19,32.5328,32.8782,32.1001,32.717,32.717,167866
2021-01-20,32.7846,33.8656,32.5887,33.6653,33.6653,278067
2021-01-21,33.6679,34.4442,33.6514,34.1749,34.1749,74832
2021-01-22,34.4541,34.9206,34.4511,34.821,34.821,134198
2021-01-25,34.889,34.9072,33.2226,33.5433,33.5433,124921
2021-01-26,33.5184,34.0822,32.929,33.2781,33.2781,194581
2021-01-27,33.2333,33.4418,32.8228,32.9221,32.9221,92617
2021-01-28,32.9328,32.9953,31.7184,32.1675,32.1675,104881
2021-01-29,32.4461,33.0188,32.1432,32.4077,32.4077,101531
2021-02-01,32.3141,32.6975,32.0923,32.3401,32.3401,178394
2021-02-02,32.8206,32.9549,31.2937,31.4637,31.4637,180949
2021-02-03,31.4703,31.8584,30.6268,31.5763,31.5763,82807
2021-02-04,31.4404,32.3443,31.2634,31.6373,31.6373,108227
2021-02-05,31.4092,31.6193,31.3456,31.5598,31.5598,141798
2021-02-08,30.9188,31.0303,30.1789,30.5468,30.5468,537810
2021-02-09,30.3519,31.9079,30.2931,31.5984,31.5984,254033
2021-02-10,31.6536,32.2897,30.5425,30.8759,30.8759,157944
2021-02-11,30.8497,30.9911,29.2169,29.4566,29.4566,309749
2021-02-12,29.5011,29.7481,28.9698,29.1474,29.1474,324961
2021-02-15,29.3763,29.9495,28.067,28.4483,28.4483,204673
2021-02-16,28.4208,28.7434,28.3596,28.6827,28.6827,176827
2021-02-17,28.8223,29.453,28.7877,29.4283,29.4283,162358
2021-02-18,29.1998,29.2709,28.2885,28.3419,28.3419,194229
2021-02-19,28.1926,28.4513,27.4312,27.4483,27.4483,268209
2021-02-22,27.5255,27.8945,26.6988,26.7806,26.7806,178839
2021-02-23,26.5758,26.8727,26.4797,26.6036,26.6036,193000
2021-02-24,26.5996,26.7128,25.4825,25.5892,25.5892,139236
2021-02-25,25.5746,25.6515,24.7598,25.1578,25.1578,167686
2021-02-26,25.0887,25.1839,24.5213,24.7271,24.7271,286384
2021-03-01,24.7169,25.0704,24.1468,24.8408,24.8408,85805
2021-03-02,24.9283,25.5386,24.8458,24.9879,24.9879,169848
2021-03-03,25.5403,25.615,25.0716,25.4024,25.4024,136343
2021-03-04,25.4326,25.9697,25.2138,25.8148,25.8148,193887
2021-03-05,25.8516,25.8825,25.3077,25.5664,25.5664,162867
2021-03-08,25.4205,25.5347,24.9003,25.1483,25.1483,153819
2021-03-09,25.3006,25.6222,24.3674,24.748,24.748,260342
2021-03-10,24.7296,25.177,24.3959,24.9443,24.9443,120495
2021-03-11,25.0346,25.8593,24.8182,25.7168,25.7168,93473
2021-03-12,25.7102,25.8685,25.3802,25.7653,25.7653,134864
2021-03-15,25.6206,25.7143,24.5351,24.7893,24.7893,120837
2021-03-16,24.7764,25.0787,23.8504,25.0489,25.0489,213420
2021-03-17,25.3764,25.3828,23.1676,23.6164,23.6164,121192
2021-03-18,23.5211,24.9661,23.2285,24.3487,24.3487,166165
2021-03-19,24.4516,24.4825,24.0743,24.2245,24.2245,276569
2021-03-22,24.2677,25.3398,23.968,25.2299,25.2299,180072
2021-03-23,24.9699,25.8524,24.8721,25.6529,25.6529,175796
2021-03-24,25.7505,25.8788,24.6944,25.011,25.011,88162
2021-03-25,25.0051,25.6023,24.1697,24.2215,24.2215,96331
2021-03-26,24.38,24.8214,24.1934,24.3593,24.3593,239975
2021-03-29,24.2532,24.2998,23.7679,24.2556,24.2556,132671
2021-03-30,24.3273,24.4307,24.1613,24.1667,24.1667,47274
2021-03-31,23.9373,24.8661,23.8469,24.7438,24.7438,165153
2021-04-01,24.4197,25.0784,24.2974,24.8738,24.8738,168202
2021-04-02,24.8269,24.8515,24.4242,24.8385,24.8385,132677
2021-04-05,24.9168,25.222,24.8807,25.066,25.066,95414
2021-04-06,25.077,25.3503,24.7346,25.203,25.203,129294
2021-04-07,25.304,25.4316,24.6136,24.7249,24.7249,198762
2021-04-08,24.4695,25.4261,24.1146,25.3866,25.3866,211107
2021-04-09,25.4476,25.9126,24.8572,25.2484,25.2484,156121
2021-04-12,25.1209,25.9164,24.8735,25.7824,25.7824,161556
2021-04-13,25.7295,25.7637,25.2833,25.7572,25.7572,254343
2021-04-14,26.1197,27.0421,25.581,26.9057,26.9057,120307
2021-04-15,26.8392,27.5797,26.097,26.4954,26.4954,188358
2021-04-16,26.5441,26.6182,25.9891,26.0913,26.0913,155063
2021-04-19,26.0818,26.8607,25.9555,26.4616,26.4616,103107
2021-04-20,26.7675,27.604,26.2514,27.2559,27.2559,93546
2021-04-21,27.1704,27.705,26.822,27.4792,27.4792,224585
2021-04-22,27.5368,27.9314,27.3398,27.5244,27.5244,152698
2021-04-23,27.6454,29.1852,27.51,28.7691,28.7691,190014
2021-04-26,28.6508,28.6786,27.897,28.2695,28.2695,99502
2021-04-27,28.4383,29.8319,28.2807,29.5215,29.5215,214227
2021-04-28,29.5428,30.1885,29.4132,29.9747,29.9747,216903
2021-04-29,29.873,31.0045,29.5322,30.9611,30.9611,174149
2021-04-30,30.8905,31.4631,30.523,31.2915,31.2915,92434
2021-05-03,31.4648,31.7068,30.7614,31.2972,31.2972,167068
2021-05-04,31.1897,31.462,31.063,31.0653,31.0653,139856
2021-05-05,31.1943,31.2677,30.9644,31.1116,31.1116,177486
2021-05-06,31.3807,31.4542,30.0531,30.5343,30.5343,203492
2021-05-07,30.2599,30.5555,29.4258,29.6719,29.6719,141143
2021-05-10,29.9998,30.3914,29.1989,29.4265,29.4265,115152
2021-05-11,29.149,30.4926,28.8292,30.1267,30.1267,100567
2021-05-12,30.1752,30.4016,29.1313,29.3854,29.3854,272216
2021-05-13,29.5328,29.7725,29.0589,29.391,29.391,108142
2021-05-14,29.2841,30.1354,28.8534,30.0049,30.0049,101663
2021-05-17,29.9757,30.3815,29.7455,30.1787,30.1787,166493
2021-05-18,30.2302,31.73,30.0908,31.2657,31.2657,100111
2021-05-19,31.2632,32.8338,31.2115,32.7822,32.7822,109520
2021-05-20,32.9569,33.1184,31.6215,31.9623,31.9623,75231
2021-05-21,32.017,32.2565,30.7919,31.1531,31.1531,252807
2021-05-24,30.8762,31.2479,30.4006,30.9161,30.9161,200415
2021-05-25,30.8071,31.6756,30.2486,31.6112,31.6112,90229
2021-05-26,31.7283,32.7407,31.1773,32.628,32.628,180777
2021-05-27,32.8904,33.1644,32.7541,32.8569,32.8569,169907
2021-05-28,33.2095,33.784,32.2947,32.3845,32.3845,198216
2021-05-31,31.9345,34.1322,31.9211,33.522,33.522,220003
2021-06-01,33.4829,34.0098,33.4394,33.8675,33.8675,102631
2021-06-02,33.7005,33.8609,33.4051,33.7349,33.7349,140416
2021-06-03,33.9394,34.0403,33.7223,33.782,33.782,125472
2021-06-04,33.7915,34.683,32.6711,32.7527,32.7527,160635
2021-06-07,32.9736,34.0142,32.6381,33.4922,33.4922,196662
2021-06-08,33.3398,35.5913,33.1797,35.4542,35.4542,157544
2021-06-09,35.3282,36.0407,35.3063,35.6399,35.6399,234605
2021-06-10,35.6729,36.114,35.5054,35.769,35.769,128163
2021-06-11,36.0333,36.0739,35.2105,35.2426,35.2426,135965
2021-06-14,35.8009,35.9718,34.3467,34.4302,34.4302,130169
2021-06-15,34.5333,35.1306,34.4885,34.7987,34.7987,137636
2021-06-16,34.4357,35.2609,34.1859,34.8048,34.8048,73597
2021-06-17,34.4822,34.5341,33.1655,33.5925,33.5925,181446
2021-06-18,33.7364,33.9944,33.4754,33.6501,33.6501,81287
2021-06-21,33.5713,34.3243,33.5336,33.9766,33.9766,139597
2021-06-22,33.716,35.5312,33.2905,35.2358,35.2358,167196
2021-06-23,35.1178,35.8728,35.0147,35.7852,35.7852,213345
2021-06-24,35.8683,36.6621,35.3935,36.4283,36.4283,127403
2021-06-25,36.4378,37.7805,35.8311,36.9633,36.9633,88217
2021-06-28,36.8758,36.969,36.0632,36.7859,36.7859,198747
2021-06-29,36.939,38.5594,36.773,37.9128,37.9128,115895
2021-06-30,38.1628,38.3484,36.6475,36.9066,36.9066,209919
2021-07-01,36.9885,37.1059,36.0178,36.6849,36.6849,107254
2021-07-02,36.9919,37.5382,35.9788,36.7439,36.7439,98603
2021-07-05,36.7062,36.894,36.4304,36.6423,36.6423,114403
2021-07-06,35.9792,37.393,35.8719,37.2455,37.2455,85569
2021-07-07,37.2284,38.1714,36.8082,36.8491,36.8491,158742
2021-07-08,37.1759,37.7032,36.1755,36.3048,36.3048,115211
2021-07-09,36.2205,36.3675,35.1805,35.2798,35.2798,211031
2021-07-12,35.3787,36.1194,34.7795,35.988,35.988,174068
2021-07-13,35.7203,36.1964,35.5339,35.924,35.924,113551
2021-07-14,35.5215,35.7574,33.6893,34.0705,34.0705,325013
2021-07-15,34.1229,34.2718,33.774,33.9228,33.9228,117113
2021-07-16,33.6754,33.8764,33.5644,33.69,33.69,336059
2021-07-19,33.3107,33.9691,32.4764,32.6294,32.6294,233712
2021-07-20,33.1006,33.3255,30.3684,31.1778,31.1778,250228
2021-07-21,31.1351,31.2782,30.6833,30.9222,30.9222,122344
2021-07-22,30.8831,31.1708,30.103,30.3702,30.3702,97060
2021-07-23,30.3992,31.4419,30.1593,31.1044,31.1044,253580
2021-07-26,31.5296,31.8693,30.4567,30.9723,30.9723,157937
2021-07-27,31.1871,32.0116,30.7775,31.7141,31.7141,104153
2021-07-28,31.446,31.62,30.7123,31.135,31.135,157126
2021-07-29,31.2111,32.0659,31.12,31.5526,31.5526,178770
2021-07-30,31.4994,32.522,31.3657,32.3341,32.3341,195481
2021-08-02,32.2515,33.268,31.9982,32.935,32.935,159094
2021-08-03,33.2932,33.3997,32.3308,32.4052,32.4052,342640
2021-08-04,32.2582,33.4802,31.565,33.4667,33.4667,161369
2021-08-05,33.4965,33.5533,33.3241,33.3736,33.3736,222423
2021-08-06,33.5376,34.8064,33.3543,34.38,34.38,130738
2021-08-09,34.6521,35.3926,32.7655,32.9791,32.9791,172746
2021-08-10,33.1975,33.612,33.1295,33.5735,33.5735,121821
2021-08-11,34.2186,34.8028,33.0104,33.2403,33.2403,144303
2021-08-12,33.2942,34.0628,32.5882,32.817,32.817,148280
2021-08-13,32.5953,33.2983,32.2591,32.7443,32.7443,131628
2021-08-16,32.9714,34.3323,32.6192,33.5767,33.5767,356197
2021-08-17,33.5472,34.4623,33.0791,34.318,34.318,192075
2021-08-18,34.4288,34.6565,34.2285,34.2736,34.2736,124124
2021-08-19,34.1373,34.8369,33.802,34.1931,34.1931,157422
2021-08-20,34.1755,34.5358,33.7165,34.0846,34.0846,207607
2021-08-23,33.8452,35.071,33.5424,34.6173,34.6173,116765
2021-08-24,34.8743,35.9002,34.7058,35.7202,35.7202,221197
2021-08-25,35.9448,36.0508,35.4146,35.9475,35.9475,328619
2021-08-26,35.6253,36.5635,35.4509,35.9402,35.9402,166332
2021-08-27,35.9594,36.3284,34.6057,35.2412,35.2412,182051
2021-08-30,35.4138,35.7404,34.6209,34.6509,34.6509,139127
2021-08-31,34.6979,35.8095,34.4595,35.3758,35.3758,215324
2021-09-01,35.5061,35.7306,34.0649,34.2315,34.2315,108552
2021-09-02,33.7814,34.2236,33.7154,34.171,34.171,105500
2021-09-03,34.2848,34.8297,33.8679,34.7165,34.7165,128680
2021-09-06,34.0701,36.0619,33.9184,36.0043,36.0043,155954
2021-09-07,35.5691,36.2925,35.3064,35.3956,35.3956,130670
2021-09-08,35.2225,36.98,35.1015,36.9181,36.9181,88306
2021-09-09,36.8071,38.7468,36.5659,38.2396,38.2396,143445
2021-09-10,38.357,38.7994,36.409,36.578,36.578,156810
2021-09-13,36.67,36.7735,36.0319,36.0962,36.0962,147387
2021-09-14,35.88,36.409,35.356,36.3785,36.3785,227059
2021-09-15,36.2801,36.7391,36.171,36.7174,36.7174,172802
2021-09-16,37.2796,37.6176,36.0434,36.2802,36.2802,77958
2021-09-17,36.2587,36.4097,35.2188,35.3964,35.3964,349684
2021-09-20,35.0991,35.9499,34.9583,35.7356,35.7356,192450
2021-09-21,35.5775,36.1752,34.8235,35.1175,35.1175,145376
2021-09-22,35.0163,35.4473,34.0057,34.0986,34.0986,113477
2021-09-23,33.5342,34.3641,33.3309,34.0857,34.0857,189742
2021-09-24,33.8096,35.5285,33.2894,35.1699,35.1699,184555
2021-09-27,35.3304,35.4183,34.2066,34.4113,34.4113,128820
2021-09-28,34.7148,35.0495,34.0492,34.3133,34.3133,127104
2021-09-29,34.2286,35.0119,33.5017,34.6221,34.6221,231148
2021-09-30,34.4832,35.3819,34.2325,35.1936,35.1936,280082
2021-10-01,35.3691,36.2588,35.0169,35.6116,35.6116,203336
2021-10-04,36.0879,36.4906,34.737,35.0852,35.0852,115043
2021-10-05,35.3211,35.7134,34.6354,34.7842,34.7842,113372
2021-10-06,35.1811,35.3251,34.3808,34.9678,34.9678,156028
2021-10-07,34.6203,34.8374,33.05,33.1889,33.1889,140960
2021-10-08,32.7914,33.0564,32.0536,32.1588,32.1588,92842
2021-10-11,32.0429,32.5585,31.7292,32.3885,32.3885,173435
2021-10-12,32.1705,34.5057,32.1126,34.0149,34.0149,184958
2021-10-13,34.1501,34.4269,33.7995,33.8747,33.8747,162940
2021-10-14,33.9399,34.2447,33.5262,33.6312,33.6312,82938
2021-10-15,34.0857,34.4065,33.7822,33.9107,33.9107,139589
2021-10-18,34.2189,34.2499,32.7256,33.4933,33.4933,142532
2021-10-19,33.7317,34.228,33.5691,34.0493,34.0493,123899
2021-10-20,33.9764,34.4567,33.319,33.3644,33.3644,228230
2021-10-21,33.669,34.2496,33.392,33.408,33.408,105169
2021-10-22,33.365,33.6189,31.2528,32.0514,32.0514,284526
2021-10-25,32.0402,32.3823,31.8707,32.0076,32.0076,341173
2021-10-26,31.3404,31.7617,31.3015,31.4482,31.4482,385930
2021-10-27,31.8116,31.9692,30.6029,30.9665,30.9665,278881
2021-10-28,30.5908,31.1843,30.0986,30.3231,30.3231,76977
2021-10-29,30.5335,30.6842,29.6033,29.8289,29.8289,164321
2021-11-01,29.7675,30.4436,28.4768,29.041,29.041,98071
2021-11-02,28.9859,29.1813,28.691,29.1292,29.1292,64488
2021-11-03,28.8102,28.8159,28.2159,28.7412,28.7412,189640
2021-11-04,29.1434,29.1577,27.7464,28.0656,28.0656,177245
2021-11-05,27.8671,28.58,27.7907,28.2919,28.2919,142766
2021-11-08,28.1118,29.2643,28.0579,29.1942,29.1942,114304
2021-11-09,29.0005,29.3163,28.7332,29.113,29.113,321929
2021-11-10,28.9209,29.8573,27.9345,28.3087,28.3087,190552
2021-11-11,28.0463,28.2475,27.7155,28.0754,28.0754,140482
2021-11-12,28.2696,28.4431,27.5721,27.918,27.918,182662
2021-11-15,27.9817,28.1842,27.0248,27.0261,27.0261,345469
2021-11-16,27.0923,27.4595,26.4994,26.9177,26.9177,91544
2021-11-17,27.2603,27.6657,26.1514,26.1865,26.1865,95523
2021-11-18,26.1433,26.4605,25.595,25.6216,25.6216,215036
2021-11-19,25.8508,26.6281,25.0706,25.3411,25.3411,143307
2021-11-22,25.2616,25.3119,24.8817,25.2404,25.2404,255841
2021-11-23,25.0161,25.8358,24.4645,25.5258,25.5258,134301
2021-11-24,25.617,27.1053,25.5587,26.5149,26.5149,97986
2021-11-25,26.4039,27.324,26.2637,26.7416,26.7416,207298
2021-11-26,26.8128,26.9215,26.1884,26.2348,26.2348,303783
2021-11-29,26.0187,27.0714,25.9096,26.8184,26.8184,116125
2021-11-30,26.4801,27.4421,26.4224,26.9456,26.9456,242817
2021-12-01,27.0619,28.3751,26.5962,28.0304,28.0304,236908
2021-12-02,27.8939,28.24,27.3285,27.5484,27.5484,177208
2021-12-03,27.5677,27.8948,26.8612,27.1156,27.1156,128055
2021-12-06,27.1722,28.3452,26.2691,28.0793,28.0793,156057
2021-12-07,28.2948,28.4067,27.4781,27.5364,27.5364,107435
2021-12-08,27.7918,27.943,27.2067,27.2275,27.2275,258834
2021-12-09,27.2156,27.2945,26.4249,26.7352,26.7352,208198
2021-12-10,26.9053,27.6756,26.8732,27.556,27.556,45899
2021-12-13,27.1222,27.2737,26.9771,27.2273,27.2273,185738
2021-12-14,27.2387,28.8241,26.6244,28.7852,28.7852,135261
2021-12-15,28.4581,29.2755,27.9719,29.2462,29.2462,177511
2021-12-16,29.2241,29.8255,29.0148,29.6425,29.6425,154810
2021-12-17,29.7694,30.2862,29.6383,30.0262,30.0262,336951
2021-12-20,29.7464,30.9407,29.6376,30.4598,30.4598,99447
2021-12-21,30.9188,31.2303,30.3627,31.1741,31.1741,154528
2021-12-22,31.2695,31.6275,30.0477,30.239,30.239,98132
2021-12-23,30.463,32.254,30.1907,31.4304,31.4304,130979
2021-12-24,31.7689,32.2106,31.5254,32.1494,32.1494,195825
2021-12-27,32.0673,32.4939,31.818,32.2223,32.2223,282244
2021-12-28,32.5051,33.1399,32.4236,33.1236,33.1236,122640
2021-12-29,33.291,33.9878,31.9623,32.3815,32.3815,157064
2021-12-30,31.8218,32.2008,31.5829,31.7882,31.7882,148695
2021-12-31,31.9211,32.5161,31.8156,32.0486,32.0486,92163
2022-01-03,31.7065,33.5687,31.2023,33.1278,33.1278,157138
2022-01-04,33.4155,34.9746,33.3868,34.9168,34.9168,187583
2022-01-05,35.0571,35.9968,34.592,35.8759,35.8759,203235
2022-01-06,35.3938,36.7349,35.3829,36.6261,36.6261,155189
2022-01-07,36.9891,37.3022,35.5856,35.9367,35.9367,284331
2022-01-10,36.0953,37.0828,35.6747,36.8536,36.8536,255192
2022-01-11,37.0379,37.4432,35.7696,35.8543,35.8543,131710
2022-01-12,35.8831,37.4724,35.6557,37.1829,37.1829,297942
2022-01-13,37.2334,37.3326,36.1357,36.2024,36.2024,220524
2022-01-14,35.9344,36.2228,35.1429,36.1293,36.1293,156436
2022-01-17,36.1446,37.7748,35.6697,36.9822,36.9822,217751
2022-01-18,37.0137,37.3132,36.3382,37.1676,37.1676,119628
2022-01-19,36.8709,37.1879,36.8304,36.9995,36.9995,106436
2022-01-20,36.9691,37.2801,35.6294,36.1947,36.1947,254969
2022-01-21,36.4978,36.6475,34.8224,35.6663,35.6663,133041
2022-01-24,35.2505,35.6377,35.1641,35.56,35.56,119058
2022-01-25,35.7502,35.7515,35.1318,35.3369,35.3369,109642
2022-01-26,35.6425,37.1904,35.123,36.5069,36.5069,119846
2022-01-27,36.5435,37.0225,34.7317,35.0314,35.0314,286585
2022-01-28,35.2216,36.1861,34.6643,36.1272,36.1272,255656
2022-01-31,36.44,36.4841,35.4564,35.9791,35.9791,69740
2022-02-01,35.6789,37.5027,35.587,37.211,37.211,135259
2022-02-02,37.3553,38.6029,36.6872,38.1312,38.1312,120316
2022-02-03,38.5523,38.9469,38.5276,38.5842,38.5842,181632
2022-02-04,38.4878,39.2431,38.3944,38.929,38.929,209690
2022-02-07,38.7581,39.296,38.4614,39.1429,39.1429,202714
2022-02-08,38.8767,40.7174,38.1033,40.1312,40.1312,100810
2022-02-09,40.1681,42.276,39.2707,42.2631,42.2631,169854
2022-02-10,42.4703,43.1038,41.1324,41.4749,41.4749,101524
2022-02-11,41.4523,43.3397,41.3381,42.9919,42.9919,143047
2022-02-14,42.6378,42.6777,40.9591,41.564,41.564,375040
2022-02-15,41.699,42.3362,41.0732,41.4418,41.4418,105037
2022-02-16,41.5623,42.0959,40.2547,40.7621,40.7621,136607
2022-02-17,40.9323,41.1402,39.9614,40.1786,40.1786,160833
2022-02-18,39.8807,41.0621,39.5428,40.6708,40.6708,292826
2022-02-21,40.348,40.401,39.3375,39.4082,39.4082,197971
2022-02-22,39.3447,39.5418,37.8342,37.9609,37.9609,182966
2022-02-23,37.3003,38.4545,37.272,38.1466,38.1466,193777
2022-02-24,38.2473,39.2843,38.1468,39.1312,39.1312,191243
2022-02-25,38.9586,39.1242,37.1791,37.276,37.276,84819
2022-02-28,37.5552,37.9063,37.4294,37.7818,37.7818,79604
2022-03-01,37.7681,38.996,37.655,38.7866,38.7866,214955
2022-03-02,38.1278,38.2199,36.2901,36.7822,36.7822,169973
2022-03-03,37.222,38.2949,37.1722,37.334,37.334,135445
2022-03-04,36.8631,38.0102,36.193,37.0503,37.0503,208239
2022-03-07,37.5948,38.2154,35.8601,35.9757,35.9757,160884
2022-03-08,36.334,36.6591,35.3845,35.9865,35.9865,212459
2022-03-09,36.1608,36.203,36.1454,36.1781,36.1781,269121
2022-03-10,36.5538,36.8859,35.4741,36.4506,36.4506,469549
2022-03-11,35.9459,37.8114,35.6092,37.5956,37.5956,271749
2022-03-14,37.9648,38.2578,37.2403,38.2476,38.2476,129979
2022-03-15,38.3891,39.2838,38.0811,39.0349,39.0349,148460
2022-03-16,39.4114,40.1993,37.9843,38.4086,38.4086,361472
2022-03-17,38.0142,40.3383,37.8413,40.0655,40.0655,98626
2022-03-18,39.9157,40.4926,39.704,39.7087,39.7087,185620
2022-03-21,39.4781,39.5553,38.844,38.8633,38.8633,103134
2022-03-22,38.615,39.9602,38.1821,39.2456,39.2456,285716
2022-03-23,39.3587,39.7369,38.2354,38.4811,38.4811,86299
2022-03-24,38.508,38.8887,38.2289,38.381,38.381,282514
2022-03-25,38.2268,40.0757,37.7456,39.0805,39.0805,135147
2022-03-28,38.9928,40.2371,38.134,40.1286,40.1286,235470
2022-03-29,39.9929,40.5107,38.5182,39.4116,39.4116,237023
2022-03-30,39.4669,40.7091,39.2541,40.0022,40.0022,173358
2022-03-31,40.2703,41.0946,39.2208,39.344,39.344,178951
2022-04-01,39.8769,39.98,37.8652,37.8985,37.8985,208683
2022-04-04,37.7824,37.9974,37.3775,37.6874,37.6874,113709
2022-04-05,37.3315,38.1494,36.9834,37.4348,37.4348,144166
2022-04-06,37.1845,38.6149,36.8816,38.0628,38.0628,144666
2022-04-07,37.6608,38.5692,37.5549,38.195,38.195,70105
2022-04-08,38.0788,39.6774,37.646,39.3542,39.3542,115380
2022-04-11,39.2259,40.5213,39.1221,39.8935,39.8935,177669
2022-04-12,40.2055,40.7493,37.5764,38.3489,38.3489,135838
2022-04-13,38.4553,38.7946,38.0514,38.6696,38.6696,120682
2022-04-14,38.9464,40.0004,38.2506,38.642,38.642,324113
2022-04-15,38.2805,39.0447,38.2433,38.8071,38.8071,169890
2022-04-18,38.8094,40.1433,38.6193,39.6773,39.6773,159770
2022-04-19,39.5133,40.8285,38.9764,40.5302,40.5302,100327
2022-04-20,40.4767,40.6549,39.8956,40.0786,40.0786,318419
2022-04-21,39.7832,41.3534,39.5705,40.9138,40.9138,127908
2022-04-22,41.5517,42.3828,41.4803,42.06,42.06,294556
2022-04-25,42.1074,42.4264,41.5249,42.005,42.005,363435
2022-04-26,41.6722,43.4257,40.62,43.0467,43.0467,175993
2022-04-27,42.5886,43.9055,42.0547,43.9044,43.9044,274474
2022-04-28,44.0761,44.5846,43.7982,43.9501,43.9501,191508
2022-04-29,43.7442,43.8155,43.4927,43.7904,43.7904,190558
2022-05-02,44.3367,45.0239,41.9199,41.9738,41.9738,124571
2022-05-03,41.698,42.7225,41.324,42.3086,42.3086,143453
2022-05-04,42.5839,42.6523,41.8456,41.9597,41.9597,66047
2022-05-05,41.4561,41.7266,41.0513,41.5418,41.5418,87055
2022-05-06,41.2112,42.0644,41.0332,41.467,41.467,122053
2022-05-09,41.257,41.2644,40.276,40.4521,40.4521,85349
2022-05-10,39.8432,41.0905,39.1738,40.4414,40.4414,107232
2022-05-11,40.8374,41.0466,39.8373,41.0386,41.0386,417423
2022-05-12,40.9413,42.2475,40.6209,41.74,41.74,362245
2022-05-13,41.7074,42.2416,41.1385,41.5108,41.5108,108412
2022-05-16,41.9878,42.0281,39.8058,39.9006,39.9006,82735
2022-05-17,40.2635,41.5375,40.0929,41.261,41.261,262420
2022-05-18,41.1667,41.4234,40.6636,41.0127,41.0127,285834
2022-05-19,40.7553,42.1168,39.8396,41.3349,41.3349,173693
2022-05-20,40.8592,41.9778,39.5014,41.6795,41.6795,310203
2022-05-23,41.6808,41.8253,40.3772,41.1745,41.1745,238550
2022-05-24,41.0366,41.7796,40.3387,41.4191,41.4191,192708
2022-05-25,41.332,43.2678,40.1131,42.7854,42.7854,288729
2022-05-26,43.0712,43.9171,41.357,42.4457,42.4457,127367
2022-05-27,42.2655,42.4561,42.158,42.3527,42.3527,125737
2022-05-30,42.066,44.2999,42.0023,43.9777,43.9777,159865
2022-05-31,43.9747,44.514,43.8276,44.1542,44.1542,176429
2022-06-01,44.168,44.5791,43.9413,44.0351,44.0351,150580
2022-06-02,44.2895,45.1038,43.1802,43.925,43.925,215413
2022-06-03,43.8607,44.5442,43.1097,44.1769,44.1769,386727
2022-06-06,44.5252,45.6983,44.3262,45.2275,45.2275,268136
2022-06-07,45.271,45.7521,44.2609,44.6263,44.6263,124894
2022-06-08,44.3973,45.1514,44.0401,44.2487,44.2487,202586
2022-06-09,43.9989,45.4212,43.5416,43.8196,43.8196,337008
2022-06-10,43.9331,44.8768,42.8367,44.6854,44.6854,215242
2022-06-13,43.9072,44.2568,41.907,41.9429,41.9429,203065
2022-06-14,41.7983,44.3468,41.7465,43.509,43.509,180210
2022-06-15,43.7657,44.1967,43.5222,44.014,44.014,422096
2022-06-16,43.8555,44.1847,42.1731,42.5016,42.5016,182519
2022-06-17,42.0333,42.8209,41.136,42.233,42.233,344000
2022-06-20,42.3423,43.378,40.0523,41.1182,41.1182,185677
2022-06-21,40.7852,42.4489,40.5928,41.8492,41.8492,158840
2022-06-22,41.7254,42.5618,39.4915,40.1408,40.1408,251068
2022-06-23,40.1943,40.2906,38.5239,39.3271,39.3271,245403
2022-06-24,39.3241,40.7603,39.1524,40.1996,40.1996,97755
2022-06-27,40.388,40.975,39.9312,40.0561,40.0561,234149
2022-06-28,40.5639,41.088,38.9416,39.3466,39.3466,162683
2022-06-29,39.5947,40.4248,38.9151,39.058,39.058,111944
2022-06-30,39.1686,39.865,39.0479,39.4478,39.4478,68246
2022-07-01,39.4576,39.8165,39.4256,39.7507,39.7507,139967
2022-07-05,39.4855,40.1505,39.1536,39.7597,39.7597,307147
2022-07-06,40.2097,40.911,40.0278,40.6176,40.6176,295734
2022-07-07,40.5995,41.0705,39.5,39.7366,39.7366,154620
2022-07-08,39.5223,39.6782,39.1434,39.663,39.663,176190
2022-07-11,39.3647,40.0603,39.164,39.6541,39.6541,90409
2022-07-12,39.0981,40.0495,38.256,39.8093,39.8093,101205
2022-07-13,40.7864,42.1199,40.6419,41.6634,41.6634,176167
2022-07-14,41.3784,41.5407,40.6469,40.7131,40.7131,140810
2022-07-15,40.9632,41.0368,40.3113,40.759,40.759,90945
2022-07-18,40.9811,41.1867,40.3513,40.5584,40.5584,215091
2022-07-19,40.429,42.2554,39.6098,41.8102,41.8102,128850
2022-07-20,41.2329,44.2411,40.9453,43.2196,43.2196,157239
2022-07-21,43.26,46.0464,42.736,45.3529,45.3529,150139
2022-07-22,45.0962,47.2221,44.8311,47.1621,47.1621,169572
2022-07-25,46.9482,47.8268,44.5745,45.0432,45.0432,126946
2022-07-26,45.3452,45.5441,43.6409,44.0072,44.0072,154883
2022-07-27,44.2746,44.5697,42.9608,43.9629,43.9629,84584
2022-07-28,44.0137,44.2727,43.8713,44.0277,44.0277,108420
2022-07-29,43.4797,44.7874,43.334,44.5859,44.5859,130205
2022-08-01,44.7314,45.0677,43.6706,43.9798,43.9798,131287
2022-08-02,44.3356,44.5284,42.739,43.1589,43.1589,110277
2022-08-03,43.2191,44.1208,42.6751,44.0074,44.0074,150020
2022-08-04,44.4554,44.6662,44.384,44.4929,44.4929,138611
2022-08-05,44.4163,44.5513,43.9794,44.0593,44.0593,165159
2022-08-08,43.8297,44.1665,42.4439,42.9456,42.9456,166894
2022-08-09,42.8449,43.1129,42.3939,42.8543,42.8543,282641
2022-08-10,42.6042,43.3953,42.2623,43.0921,43.0921,218155
2022-08-11,43.2219,43.5535,42.3122,42.9494,42.9494,192272
2022-08-12,43.0393,43.1384,41.3015,41.4193,41.4193,63549
2022-08-15,40.6293,40.8118,40.4811,40.6569,40.6569,165640
2022-08-16,40.5914,40.6214,38.2976,38.6849,38.6849,210140
2022-08-17,38.9966,39.0421,38.0165,38.2645,38.2645,136148
2022-08-18,38.0221,38.3448,37.7188,37.731,37.731,143429
2022-08-19,37.7506,38.3091,37.484,37.9185,37.9185,178147
2022-08-22,37.6737,39.2248,37.4781,39.0254,39.0254,111850
2022-08-23,39.1412,39.3334,38.6969,39.2471,39.2471,220829
2022-08-24,39.0071,39.3402,38.3839,38.7381,38.7381,116589
2022-08-25,39.04,39.5221,38.289,38.5923,38.5923,89491
2022-08-26,38.3891,38.485,37.445,37.4484,37.4484,163617
2022-08-29,37.3863,37.6395,36.1642,36.2827,36.2827,142050
2022-08-30,36.2135,37.9315,35.649,37.8773,37.8773,128869
2022-08-31,36.9718,38.7344,35.9905,38.3946,38.3946,254718
2022-09-01,38.7369,40.7912,38.6132,40.3521,40.3521,121218
2022-09-02,40.5562,42.2084,39.1476,41.6279,41.6279,253217
2022-09-05,41.2239,42.9577,40.8552,42.361,42.361,125230
2022-09-06,42.6933,42.7396,41.4618,41.7273,41.7273,141633
2022-09-07,41.5912,42.3757,40.0561,41.3813,41.3813,102841
2022-09-08,41.3799,41.7561,41.2657,41.3816,41.3816,123703
2022-09-09,41.2212,41.5147,40.1972,40.8872,40.8872,143784
2022-09-12,41.0004,42.0018,40.9821,41.5814,41.5814,227740
2022-09-13,41.5817,41.9773,40.8132,41.6561,41.6561,222950
2022-09-14,41.5703,43.2628,41.0235,42.7911,42.7911,400598
2022-09-15,42.9424,43.4015,42.5812,43.1324,43.1324,290975
2022-09-16,43.3506,43.3884,42.5246,43.1635,43.1635,245640
2022-09-19,42.7657,44.2961,42.6176,43.1601,43.1601,132117
2022-09-20,43.6298,44.415,41.3389,41.6356,41.6356,136493
2022-09-21,41.7197,42.7325,41.5815,42.2609,42.2609,209189
2022-09-22,42.8033,43.1975,42.4148,42.6427,42.6427,150065
2022-09-23,42.6984,43.0416,40.3855,40.8376,40.8376,103821
2022-09-26,41.1787,41.4257,38.5396,39.6217,39.6217,146770
2022-09-27,39.8696,41.044,39.3263,41.0138,41.0138,275150
2022-09-28,40.8925,41.0825,40.0558,40.3371,40.3371,168014
2022-09-29,40.5243,40.8242,40.4004,40.6075,40.6075,208519
2022-09-30,40.4354,40.44,38.672,39.5651,39.5651,105846
2022-10-03,39.2629,39.6467,37.2714,38.2459,38.2459,142249
2022-10-04,38.8769,39.4826,35.9759,36.6198,36.6198,98559
2022-10-05,36.3558,38.397,36.0373,37.7359,37.7359,338060
2022-10-06,37.8431,40.1034,37.6393,39.7084,39.7084,96308
2022-10-07,39.8721,40.0548,38.8327,39.4024,39.4024,186464
2022-10-10,39.3579,40.7512,39.3472,40.5963,40.5963,241917
2022-10-11,40.5089,41.1991,40.4031,40.7469,40.7469,352579
2022-10-12,40.2664,42.592,39.9082,41.5006,41.5006,149875
2022-10-13,41.44,41.8915,39.0723,39.6359,39.6359,196147
2022-10-14,39.258,40.1209,39.0557,39.9479,39.9479,101151
2022-10-17,40.2668,41.18,39.7774,40.6033,40.6033,98753
2022-10-18,40.8328,41.3232,39.4711,40.0863,40.0863,154252
2022-10-19,40.285,41.1489,39.9652,39.9977,39.9977,205554
2022-10-20,39.6339,39.8249,39.4447,39.5277,39.5277,289761
2022-10-21,39.5108,39.6056,38.3796,38.9456,38.9456,97012
2022-10-24,38.1724,39.1269,37.6887,39.0514,39.0514,214267
2022-10-25,38.9689,40.0477,38.04,39.8899,39.8899,184735
2022-10-26,40.1146,40.2308,39.5971,39.615,39.615,337431
2022-10-27,39.8659,40.4531,39.6406,40.3085,40.3085,118755
2022-10-28,40.7734,41.1978,37.5453,37.9563,37.9563,115183
2022-10-31,37.8184,39.1459,37.7908,38.4394,38.4394,259722
2022-11-01,38.7588,39.1769,38.1798,38.1919,38.1919,319306
2022-11-02,38.2,39.8861,38.1719,39.083,39.083,143180
2022-11-03,39.1546,39.2052,38.7848,38.8733,38.8733,133314
2022-11-04,38.3666,39.0864,37.5919,37.8835,37.8835,128709
2022-11-07,37.4419,39.2662,37.1724,38.592,38.592,122021
2022-11-08,38.8872,40.1838,38.7556,40.0839,40.0839,179138
2022-11-09,40.1937,40.6654,38.9218,39.048,39.048,101597
2022-11-10,39.0346,39.6945,38.644,38.9761,38.9761,176782
2022-11-11,39.1467,39.418,38.2349,38.3534,38.3534,339391
2022-11-14,38.1655,39.4314,37.8591,39.1575,39.1575,179911
2022-11-15,39.3444,39.9133,39.2056,39.8072,39.8072,103510
2022-11-16,40.1519,40.8671,39.2962,39.5565,39.5565,210623
2022-11-17,39.6156,40.0545,37.9193,38.5452,38.5452,143964
2022-11-18,38.8061,39.0783,38.068,38.0845,38.0845,80414
2022-11-21,38.2687,39.1846,37.5977,39.0844,39.0844,149738
2022-11-22,38.8445,39.3972,38.3157,38.846,38.846,116055
2022-11-23,39.0324,39.1624,38.715,38.9927,38.9927,100763
2022-11-24,38.8413,40.1296,38.6944,39.1768,39.1768,226193
2022-11-25,39.1461,39.5224,38.3487,39.2048,39.2048,98659
2022-11-28,39.1741,39.2163,38.7753,38.995,38.995,136385
2022-11-29,38.9933,39.0144,38.8558,38.8996,38.8996,352091
2022-11-30,39.056,39.131,37.8723,38.2854,38.2854,287464
2022-12-01,38.8104,39.2643,37.9958,38.3932,38.3932,336197
2022-12-02,38.2921,39.2994,37.9265,38.7073,38.7073,234831
2022-12-05,38.4867,38.5389,37.5336,38.0241,38.0241,164683
2022-12-06,37.6741,37.8755,37.4115,37.724,37.724,93216
2022-12-07,37.7522,38.3711,37.5966,38.1548,38.1548,327986
2022-12-08,37.9025,38.4247,37.5162,37.8026,37.8026,139445
2022-12-09,38.0355,39.5229,37.6345,39.4969,39.4969,328026
2022-12-12,39.7947,40.1586,38.0274,38.1922,38.1922,255795
2022-12-13,38.0209,38.5244,37.7319,38.385,38.385,132869
2022-12-14,38.0527,39.8746,37.9756,39.0797,39.0797,209263
2022-12-15,39.631,40.3538,38.4465,38.8184,38.8184,174522
2022-12-16,38.8543,39.3396,38.6621,38.6872,38.6872,145768
2022-12-19,38.5335,38.5997,37.6135,37.9069,37.9069,195138
2022-12-20,37.6624,37.8934,37.4117,37.5861,37.5861,204153
2022-12-21,37.5423,37.9764,37.1474,37.2869,37.2869,212471
2022-12-22,37.214,38.2205,36.4119,37.8688,37.8688,180174
2022-12-23,37.5129,39.1501,36.993,38.8961,38.8961,105073
2022-12-26,39.0767,39.1496,38.4017,38.6116,38.6116,133477
2022-12-27,39.122,39.5792,39.0908,39.4498,39.4498,212079
2022-12-28,39.6172,39.7837,39.2087,39.3385,39.3385,142129
2022-12-29,39.3405,40.3864,39.2508,40.3047,40.3047,93545
2022-12-30,39.9366,40.472,39.8485,40.0148,40.0148,232431
2023-01-02,40.6385,41.1792,37.6637,37.9204,37.9204,144518
2023-01-03,38.4551,38.8364,37.808,37.9721,37.9721,121640
2023-01-04,38.2962,38.7865,37.8218,37.9996,37.9996,212499
2023-01-05,37.8652,38.2462,36.024,36.69,36.69,120470
2023-01-06,36.613,36.9127,35.7419,36.4102,36.4102,203243
2023-01-09,36.5695,36.7312,36.0083,36.6455,36.6455,107499
2023-01-10,36.0915,36.8755,35.7377,36.8686,36.8686,182527
2023-01-11,36.8061,37.1401,35.9702,36.0015,36.0015,257990
2023-01-12,35.7576,37.9218,35.6762,37.4189,37.4189,86832
2023-01-13,37.6891,38.7089,37.607,38.0677,38.0677,105199
2023-01-16,37.7887,38.3944,37.7851,37.8397,37.8397,121329
2023-01-17,38.1181,38.1305,37.4437,38.0139,38.0139,145769
2023-01-18,38.0787,38.3978,37.0297,37.299,37.299,238032
2023-01-19,37.4361,37.5271,35.8735,36.3178,36.3178,190273
2023-01-20,36.1461,36.3433,35.1768,36.0793,36.0793,235277
2023-01-23,36.4079,36.4911,35.5194,35.7835,35.7835,182261
2023-01-24,35.8552,37.1948,35.5731,36.964,36.964,341645
2023-01-25,36.8482,36.885,36.244,36.7505,36.7505,145849
2023-01-26,37.0345,37.3897,36.3656,36.4871,36.4871,179306
2023-01-27,36.1367,37.0933,35.9378,36.8592,36.8592,185295
2023-01-30,37.1136,38.0852,36.7939,37.6551,37.6551,213364
2023-01-31,37.2244,37.8643,37.1499,37.4201,37.4201,142437
2023-02-01,37.5242,37.7251,36.4868,36.9883,36.9883,315925
2023-02-02,36.8308,39.4653,36.5406,39.0368,39.0368,449834
2023-02-03,39.273,39.2781,37.418,37.808,37.808,138371
2023-02-06,37.9727,38.2226,37.745,37.7871,37.7871,127929
2023-02-07,37.9907,37.9991,36.826,36.9431,36.9431,467451
2023-02-08,36.6146,37.82,36.3291,37.5065,37.5065,119721
2023-02-09,37.2083,37.8742,36.473,36.5895,36.5895,105968
2023-02-10,36.6018,37.789,36.1062,37.2156,37.2156,98679
2023-02-13,36.951,39.2391,36.9007,38.4827,38.4827,261727
2023-02-14,38.739,39.4672,37.794,38.5763,38.5763,124861
2023-02-15,38.7886,38.8133,37.6494,37.9746,37.9746,186344
2023-02-16,38.1739,38.4926,37.1825,37.578,37.578,140650
2023-02-17,38.0472,38.5081,36.9254,37.3534,37.3534,345100
2023-02-20,36.986,38.3406,36.9574,37.9636,37.9636,87352
2023-02-21,37.7981,39.4603,37.6749,39.1713,39.1713,171666
2023-02-22,38.9838,39.2574,37.1109,37.5311,37.5311,131589
2023-02-23,37.6287,39.8612,37.5772,39.1244,39.1244,130662
2023-02-24,39.0574,39.4754,39.0008,39.2316,39.2316,304905
2023-02-27,39.7289,39.8743,39.4473,39.6526,39.6526,110383
2023-02-28,39.5566,40.837,39.3544,40.3275,40.3275,220607
2023-03-01,40.4697,41.1559,39.836,40.0998,40.0998,162993
2023-03-02,39.9559,40.3749,38.9003,39.4165,39.4165,108287
2023-03-03,39.5873,39.8571,37.9809,38.6155,38.6155,219170
2023-03-06,38.5438,39.988,38.1838,39.8647,39.8647,170234
2023-03-07,39.6443,40.7549,39.184,40.4331,40.4331,175935
2023-03-08,40.2375,40.699,39.9195,40.3105,40.3105,163098
2023-03-09,40.2705,40.7647,39.4971,39.8702,39.8702,84518
2023-03-10,39.7939,41.2047,39.411,40.4447,40.4447,261988
2023-03-13,40.562,40.6644,40.0831,40.21,40.21,104757
2023-03-14,40.1212,41.1216,38.6216,38.9373,38.9373,127366
2023-03-15,39.1512,39.3252,37.9671,38.2524,38.2524,181951
2023-03-16,38.7615,39.1536,38.0764,38.4761,38.4761,79757
2023-03-17,38.8856,39.4028,38.1464,38.4087,38.4087,172178
2023-03-20,37.9028,38.4233,37.8657,38.2686,38.2686,167172
2023-03-21,37.8306,38.4633,37.4004,38.1886,38.1886,170798
2023-03-22,38.132,38.5831,38.0505,38.1074,38.1074,153172
2023-03-23,37.7394,38.4894,37.6499,37.8689,37.8689,186792
2023-03-24,37.9323,38.346,37.261,37.4314,37.4314,243838
2023-03-27,37.5512,37.993,36.5453,36.692,36.692,132362
2023-03-28,36.3792,36.4603,35.5426,36.3546,36.3546,200166
2023-03-29,36.1491,37.3982,35.8655,36.9501,36.9501,176806
2023-03-30,36.737,36.8733,36.578,36.6695,36.6695,88471
2023-03-31,36.8906,37.3096,36.4842,37.0303,37.0303,81520
2023-04-03,36.8842,37.3369,36.5799,36.6055,36.6055,142684
2023-04-04,36.1059,37.0515,35.248,36.8143,36.8143,172884
2023-04-05,37.1413,37.2487,35.648,36.2013,36.2013,108076
2023-04-06,36.4484,36.9746,34.7913,35.132,35.132,208124
2023-04-07,34.6169,35.0379,34.3246,34.9195,34.9195,262833
2023-04-10,34.7982,35.5138,34.1537,34.3064,34.3064,306563
2023-04-11,34.228,35.2535,33.7117,34.5072,34.5072,62441
2023-04-12,34.182,34.5503,33.3604,34.0493,34.0493,137352
2023-04-13,34.0791,34.8547,33.98,34.5541,34.5541,237148
2023-04-14,34.2836,34.4657,34.2462,34.4447,34.4447,187654
2023-04-17,34.795,34.9682,33.926,34.1747,34.1747,269092
2023-04-18,33.8431,34.7532,33.2014,34.4975,34.4975,215282
2023-04-19,34.6489,34.6846,33.8854,34.0441,34.0441,239475
2023-04-20,34.1412,34.4075,33.0964,33.3221,33.3221,159567
2023-04-21,33.6283,33.729,33.1961,33.2275,33.2275,158507
2023-04-24,33.3009,34.0245,32.9053,33.1299,33.1299,111910
2023-04-25,33.0055,33.0906,31.945,32.4658,32.4658,227571
2023-04-26,32.818,33.5897,32.5684,32.929,32.929,206552
2023-04-27,32.9593,33.1792,31.5695,31.9959,31.9959,188445
2023-04-28,32.042,32.2238,31.1177,31.2451,31.2451,195896
2023-05-01,31.4021,31.7293,29.4879,29.7666,29.7666,237917
2023-05-02,29.7251,30.8318,29.7019,30.6883,30.6883,136366
2023-05-03,30.4467,31.3755,30.4239,31.3297,31.3297,108309
2023-05-04,31.4539,31.8587,30.8667,31.2773,31.2773,157495
2023-05-05,31.0379,31.6475,30.8852,31.5308,31.5308,151785
2023-05-08,31.3525,31.7363,30.8893,31.6129,31.6129,207150
2023-05-09,31.4573,32.2816,31.2365,31.6972,31.6972,317261
2023-05-10,31.8549,32.2088,30.6528,30.8707,30.8707,148020
2023-05-11,30.8032,31.0036,29.3389,29.7783,29.7783,172381
2023-05-12,29.7514,29.9724,28.9357,28.9418,28.9418,149437
2023-05-15,28.8032,29.0727,28.6398,28.8952,28.8952,174377
2023-05-16,28.9995,29.469,28.3937,29.4178,29.4178,223886
2023-05-17,29.4634,30.0132,28.4465,29.032,29.032,289251
2023-05-18,28.7724,29.2925,28.703,29.2816,29.2816,374124
2023-05-19,29.2169,29.2186,28.6746,28.9955,28.9955,179711
2023-05-22,29.0045,30.2386,28.9962,29.929,29.929,195363
2023-05-23,29.6107,30.175,29.4822,29.6051,29.6051,201332
2023-05-24,29.5145,30.157,29.2266,29.8861,29.8861,127854
2023-05-25,30.1666,30.6224,29.8457,29.9222,29.9222,215597
2023-05-26,29.7852,29.8968,29.3796,29.6587,29.6587,93518
2023-05-29,29.6473,29.8929,29.4619,29.8333,29.8333,260122
2023-05-30,30.2504,30.3394,29.4899,29.8214,29.8214,122173
2023-05-31,30.1689,30.5916,28.5328,28.6712,28.6712,210719
2023-06-01,28.7593,28.9694,27.9383,28.1182,28.1182,215373
2023-06-02,28.1278,28.2292,28.0626,28.1783,28.1783,335587
2023-06-05,28.3827,28.5004,28.161,28.282,28.282,170593
2023-06-06,28.1952,28.2034,26.7663,27.1432,27.1432,103270
2023-06-07,27.1895,27.8883,27.027,27.4233,27.4233,168905
2023-06-08,27.1304,27.1806,26.6467,26.7218,26.7218,214595
2023-06-09,26.7964,27.2402,26.313,27.2299,27.2299,138578
2023-06-12,27.2348,27.4834,27.2075,27.208,27.208,224521
2023-06-13,27.2842,27.5112,26.951,27.3852,27.3852,97934
2023-06-14,27.3733,28.8449,27.0287,28.0817,28.0817,111772
2023-06-15,27.8828,28.4394,27.5943,28.1512,28.1512,155871
2023-06-16,28.2726,29.2446,28.1882,29.0881,29.0881,234959
2023-06-19,29.0243,29.1288,28.5334,28.9331,28.9331,238351
2023-06-20,29.1856,29.2137,28.4397,28.5138,28.5138,101150
2023-06-21,28.5616,30.0328,28.4822,29.7258,29.7258,118045
2023-06-22,29.9548,30.1417,29.3868,29.6132,29.6132,145072
2023-06-23,29.1747,30.6418,29.1507,30.2988,30.2988,198169
2023-06-26,30.303,30.906,30.2781,30.6446,30.6446,141529
2023-06-27,30.806,31.0797,30.3307,30.8534,30.8534,206796
2023-06-28,30.8292,31.1184,30.7009,30.7377,30.7377,169087
2023-06-29,30.7982,31.6055,29.6603,29.8893,29.8893,238555
2023-06-30,29.8481,30.2573,29.4105,29.6208,29.6208,137003
2023-07-03,29.7856,29.9251,29.5064,29.5922,29.5922,131985
2023-07-05,29.9199,31.1738,29.8741,30.7195,30.7195,206090
2023-07-06,30.3783,31.3795,30.1606,31.3477,31.3477,149200
2023-07-07,31.2781,31.3887,30.2047,30.6489,30.6489,200064
2023-07-10,30.6262,31.234,30.3513,30.8045,30.8045,124468
2023-07-11,30.83,31.2252,30.301,30.4774,30.4774,160919
2023-07-12,30.8351,31.2991,30.3056,30.5089,30.5089,186212
2023-07-13,30.5423,30.6237,29.8349,30.1149,30.1149,218574
2023-07-14,30.1734,30.8292,29.8883,30.4609,30.4609,271541
2023-07-17,30.3889,31.1542,30.2495,30.6546,30.6546,156619
2023-07-18,30.5666,30.6884,29.642,29.9615,29.9615,130753
2023-07-19,29.913,30.3082,29.0318,29.4061,29.4061,142087
2023-07-20,29.5124,29.9715,28.8435,29.809,29.809,169748
2023-07-21,29.5696,29.6644,28.9084,28.9132,28.9132,95878
2023-07-24,28.966,29.7665,28.9138,29.7156,29.7156,96129
2023-07-25,29.617,30.4739,29.3151,30.1357,30.1357,318174
2023-07-26,29.9316,30.1894,29.2812,30.1666,30.1666,181138
2023-07-27,30.071,30.2579,29.5812,30.1386,30.1386,249462
2023-07-28,30.6506,31.0452,30.113,30.1704,30.1704,139723
2023-07-31,30.8626,31.5048,30.3155,30.7782,30.7782,109725
2023-08-01,30.8143,30.9339,30.57,30.683,30.683,242879
2023-08-02,30.595,30.6836,30.0193,30.1325,30.1325,164110
2023-08-03,29.729,30.2434,29.1738,30.1534,30.1534,126422
2023-08-04,29.8548,31.5435,29.6162,30.7832,30.7832,89886
2023-08-07,30.7638,31.2501,29.8791,30.1776,30.1776,244703
2023-08-08,30.1089,30.2193,28.9019,28.918,28.918,174902
2023-08-09,28.7986,29.2762,28.73,29.0208,29.0208,210167
2023-08-10,28.991,28.9943,27.7632,28.1294,28.1294,163687
2023-08-11,28.007,28.4253,27.4416,28.0243,28.0243,264655
2023-08-14,27.9213,28.4798,27.4222,27.4942,27.4942,249211
2023-08-15,27.4069,27.5798,26.753,27.0804,27.0804,113711
2023-08-16,27.2052,27.8822,27.0557,27.8247,27.8247,98081
2023-08-17,27.7181,28.7813,27.7046,28.4416,28.4416,208358
2023-08-18,28.2607,28.3689,27.2657,27.387,27.387,172505
2023-08-21,27.2635,27.3368,26.1889,26.6695,26.6695,193535
2023-08-22,26.7769,26.8125,26.4571,26.7147,26.7147,151903
2023-08-23,26.4099,26.707,26.1041,26.1879,26.1879,61464
2023-08-24,26.2985,26.6713,25.8414,26.4236,26.4236,167352
2023-08-25,26.5894,28.1689,26.4212,27.5347,27.5347,251399
2023-08-28,27.4107,28.1453,27.2631,27.7598,27.7598,180211
2023-08-29,27.7743,28.0735,26.9607,27.3051,27.3051,138300
2023-08-30,27.2224,27.4226,26.5001,26.7859,26.7859,280930
2023-08-31,27.0843,27.5118,26.9949,27.4112,27.4112,113671
2023-09-01,27.4295,28.8316,27.3696,28.734,28.734,343238
2023-09-04,28.7907,29.5441,28.5271,29.2778,29.2778,157354
2023-09-05,29.307,29.7667,29.2257,29.4686,29.4686,161294
2023-09-06,29.7452,30.4804,29.1643,30.4756,30.4756,180488
2023-09-07,30.9054,31.8749,30.1498,30.2394,30.2394,210784
2023-09-08,29.8211,30.5889,29.5144,30.5172,30.5172,155096
2023-09-11,30.404,30.4576,30.1696,30.456,30.456,78823
2023-09-12,30.7491,31.3565,30.1826,30.6656,30.6656,233831
2023-09-13,30.5398,31.3297,30.45,31.0991,31.0991,346951
2023-09-14,31.0371,31.4679,31.0008,31.3544,31.3544,173170
2023-09-15,31.431,31.763,31.1025,31.7335,31.7335,142791
2023-09-18,31.9365,32.071,30.7415,31.2588,31.2588,164097
2023-09-19,31.0124,31.6591,30.0151,30.2393,30.2393,235019
2023-09-20,30.3373,30.7635,29.6314,30.2702,30.2702,220903
2023-09-21,30.6017,31.7356,30.4969,31.7246,31.7246,133404
2023-09-22,31.7727,32.4479,31.0869,31.9494,31.9494,213791
2023-09-25,32.2833,32.3776,30.7533,31.057,31.057,251713
2023-09-26,30.8832,31.2997,30.8377,30.9384,30.9384,153629
2023-09-27,30.8266,31.3434,30.7395,31.046,31.046,80576
2023-09-28,30.8592,32.1708,30.7899,31.8676,31.8676,133469
2023-09-29,31.5474,32.2476,31.0555,32.1713,32.1713,173024
2023-10-02,31.8168,32.4633,31.6815,32.2241,32.2241,255141
2023-10-03,31.9839,32.0357,31.7365,31.7516,31.7516,245063
2023-10-04,31.4917,31.6636,30.9896,31.2643,31.2643,90497
2023-10-05,31.4041,31.8296,30.7429,30.9806,30.9806,173842
2023-10-06,30.8079,31.6974,30.1072,30.2924,30.2924,79593
2023-10-09,30.447,30.6888,28.8849,29.3248,29.3248,159331
2023-10-10,29.5448,30.0614,29.167,30.0164,30.0164,170941
2023-10-11,30.5277,31.0498,29.6217,30.4241,30.4241,180744
2023-10-12,30.3741,31.0884,30.2252,30.777,30.777,187853
2023-10-13,30.6681,30.8614,29.7732,29.8063,29.8063,228378
2023-10-16,29.6427,30.3893,29.5491,30.2006,30.2006,140410
2023-10-17,30.0661,31.4378,29.8556,30.7444,30.7444,214613
2023-10-18,30.7468,30.9532,30.554,30.6512,30.6512,337692
2023-10-19,30.6303,30.8801,30.2327,30.2816,30.2816,225050
2023-10-20,30.2915,31.4891,30.1936,31.0463,31.0463,154838
2023-10-23,30.7815,32.8281,30.3744,32.3747,32.3747,219223
2023-10-24,32.6172,33.2118,32.0456,32.3412,32.3412,132573
2023-10-25,32.3,32.5519,30.623,31.3277,31.3277,227891
2023-10-26,31.1219,32.5414,31.0344,32.1394,32.1394,92509
2023-10-27,31.9292,33.5632,31.8795,33.1004,33.1004,120995
2023-10-30,33.1408,33.5753,32.9977,33.101,33.101,152695
2023-10-31,33.3953,34.5135,33.2374,33.9597,33.9597,137552
2023-11-01,33.7627,33.8017,33.4961,33.761,33.761,160985
2023-11-02,33.9639,34.0812,32.6735,33.118,33.118,119230
2023-11-03,33.298,33.4404,32.2134,32.32,32.32,141906
2023-11-06,32.6394,32.8378,32.5864,32.6027,32.6027,303855
2023-11-07,32.0075,33.6929,31.6537,33.1768,33.1768,91441
2023-11-08,32.7684,34.0991,32.2999,33.9361,33.9361,192668
2023-11-09,33.7382,35.1037,33.4781,34.7459,34.7459,83907
2023-11-10,34.8646,35.9382,34.1721,35.3123,35.3123,251717
2023-11-13,35.0155,35.2604,34.6234,35.2129,35.2129,212617
2023-11-14,35.0465,36.6369,34.7115,35.6399,35.6399,109478
2023-11-15,35.9757,37.4716,35.9262,37.1953,37.1953,100230
2023-11-16,36.9635,37.5451,36.3987,37.184,37.184,111181
2023-11-17,37.1224,38.0991,36.9501,37.6601,37.6601,106760
2023-11-20,37.656,37.7561,37.1201,37.7053,37.7053,240844
2023-11-21,37.6288,38.004,36.8527,37.1908,37.1908,246658
2023-11-22,37.1143,37.8868,36.8535,37.7313,37.7313,59727
2023-11-23,37.5476,39.3134,37.4494,39.0385,39.0385,105937
2023-11-24,39.1954,39.2577,38.4724,38.7173,38.7173,111825
2023-11-27,39.2092,39.5789,37.9908,38.4602,38.4602,143563
2023-11-28,38.3619,38.7042,38.2685,38.6331,38.6331,190052
2023-11-29,38.4212,39.9018,37.9583,39.8431,39.8431,179319
2023-11-30,39.8928,42.1482,39.5369,41.8012,41.8012,198426
2023-12-01,42.0981,42.1853,41.2455,41.7767,41.7767,286049
2023-12-04,41.3773,42.4899,40.5607,42.0853,42.0853,182830
2023-12-05,41.9536,43.003,41.7122,42.8984,42.8984,201807
2023-12-06,42.8156,43.0952,41.1113,41.8479,41.8479,118079
2023-12-07,41.5905,42.4318,41.457,41.7525,41.7525,297079
2023-12-08,42.418,42.7393,41.8806,41.947,41.947,117774
2023-12-11,41.8442,43.2672,41.598,42.8921,42.8921,126510
2023-12-12,42.5707,42.8887,42.3634,42.7464,42.7464,237030
2023-12-13,42.5704,44.186,42.293,43.4884,43.4884,99298
2023-12-14,43.4813,45.786,42.4719,45.1474,45.1474,247192
2023-12-15,45.3065,47.0975,44.3669,46.5157,46.5157,233060
2023-12-18,46.5236,47.0787,46.4571,46.7815,46.7815,210760
2023-12-19,47.2508,49.8856,47.1407,49.3842,49.3842,329441
2023-12-20,49.72,50.841,48.9299,49.0402,49.0402,79157
2023-12-21,48.9788,49.191,47.4836,48.0191,48.0191,174341
2023-12-22,47.6182,48.1896,47.2652,47.881,47.881,184636
2023-12-26,47.592,47.9699,47.0154,47.1537,47.1537,130356
2023-12-27,47.0287,47.6055,45.853,46.4621,46.4621,118117
2023-12-28,46.6572,47.2463,46.5967,47.2371,47.2371,91700
2023-12-29,47.6132,48.0685,47.6068,47.6791,47.6791,124258
2024-01-02,47.6873,48.6555,47.6115,48.4328,48.4328,53407
2024-01-03,48.6192,49.5725,48.4107,49.1529,49.1529,166607
2024-01-04,48.8332,49.8167,48.136,48.4871,48.4871,140259
2024-01-05,48.6071,50.5492,47.6462,49.4685,49.4685,84275
2024-01-08,49.4109,50.6617,49.2847,50.5982,50.5982,130488
2024-01-09,50.4244,50.542,49.0939,49.7942,49.7942,197687
2024-01-10,50.0852,50.6424,48.2659,48.4999,48.4999,154197
2024-01-11,48.0097,49.2401,47.7964,48.6449,48.6449,86943
2024-01-12,48.4347,49.5621,47.9573,49.1425,49.1425,169152
2024-01-15,49.5269,49.9516,48.5037,48.5935,48.5935,358631
2024-01-16,48.2886,50.7958,48.2867,50.6049,50.6049,248860
2024-01-17,50.4391,51.0796,49.7021,50.2282,50.2282,157004
2024-01-18,50.5243,51.5834,49.1091,49.4797,49.4797,87894
2024-01-19,49.2908,50.9134,49.1162,50.4864,50.4864,264215
2024-01-22,51.0449,52.2608,50.441,51.384,51.384,187362
2024-01-23,50.9599,52.5082,50.872,52.0064,52.0064,294471
2024-01-24,52.1718,52.3356,51.2012,51.4121,51.4121,188287
2024-01-25,51.2995,51.8542,49.1499,49.479,49.479,124438
2024-01-26,49.5669,52.0739,48.8954,51.8461,51.8461,91710
2024-01-29,51.7277,51.8005,51.3291,51.5987,51.5987,117399
2024-01-30,50.8139,50.9564,49.9809,50.11,50.11,137790
2024-01-31,50.2917,52.4202,50.2052,51.6133,51.6133,132080
2024-02-01,51.7331,52.4621,51.4064,51.9865,51.9865,125601
2024-02-02,50.981,53.4756,50.6994,52.8709,52.8709,73909
2024-02-05,53.1513,53.4734,52.3619,52.6863,52.6863,93184
2024-02-06,52.6789,54.7287,51.8768,54.1833,54.1833,129150
2024-02-07,53.1769,53.2372,52.3617,52.497,52.497,156015
2024-02-08,52.5935,54.1967,52.1342,53.9019,53.9019,286782
2024-02-09,53.7727,54.3243,51.861,51.9099,51.9099,96334
2024-02-12,51.4069,52.2038,50.8284,50.9548,50.9548,207311
2024-02-13,51.52,51.9455,50.178,50.2024,50.2024,171502
2024-02-14,50.6466,50.681,48.4752,48.8818,48.8818,169106
2024-02-15,48.8551,51.3196,48.0955,51.0617,51.0617,147075
2024-02-16,50.8117,51.4137,49.6785,50.5518,50.5518,180921
2024-02-19,50.1803,50.606,47.546,48.8192,48.8192,165895
2024-02-20,48.9778,50.2084,48.8553,48.9827,48.9827,167453
2024-02-21,48.8173,48.9868,46.3178,46.9283,46.9283,309790
2024-02-22,46.92,46.9296,45.2674,45.5797,45.5797,164963
2024-02-23,45.2586,46.9273,44.623,46.6702,46.6702,329459
2024-02-26,46.6324,48.2941,46.4001,47.7341,47.7341,220477
2024-02-27,47.8106,48.1707,46.4161,46.6806,46.6806,190906
2024-02-28,46.5742,46.8002,45.4866,46.1267,46.1267,162509
2024-02-29,46.5793,47.6395,45.9542,47.1636,47.1636,121442
2024-03-01,47.4778,47.5826,46.4053,46.6914,46.6914,161483
2024-03-04,46.3421,49.5776,46.2056,49.1759,49.1759,167370
2024-03-05,48.722,50.7528,48.3415,50.1196,50.1196,111219
2024-03-06,49.862,51.4339,49.2417,51.3615,51.3615,160361
2024-03-07,51.9363,52.8452,51.858,52.6387,52.6387,142278
2024-03-08,53.3816,54.4919,52.2107,52.6573,52.6573,165614
2024-03-11,52.7587,54.2497,52.4125,53.9437,53.9437,87874
2024-03-12,53.7787,56.2943,52.6957,56.1712,56.1712,217211
2024-03-13,56.2364,57.5031,55.6223,56.768,56.768,119867
2024-03-14,56.4704,58.345,56.2652,58.2318,58.2318,567159
2024-03-15,58.7859,58.9513,56.4836,57.4735,57.4735,178369
2024-03-18,57.9429,58.4298,57.2573,57.9345,57.9345,135416
2024-03-19,58.0187,59.1422,57.855,58.7589,58.7589,280576
2024-03-20,59.3579,61.04,58.0148,58.2571,58.2571,111636
2024-03-21,58.242,58.3921,55.6462,56.3087,56.3087,204780
2024-03-22,56.3596,57.7489,56.3421,57.0449,57.0449,163675
2024-03-25,57.341,58.043,56.8696,57.1755,57.1755,234779
2024-03-26,56.6536,57.5466,55.4694,56.0569,56.0569,134199
2024-03-27,56.1209,56.6267,56.0771,56.2588,56.2588,159679
2024-03-28,57.1102,57.1105,55.1685,56.4649,56.4649,240005
2024-03-29,56.3618,56.433,55.9505,56.1496,56.1496,165384
2024-04-01,56.5883,56.5987,55.553,56.1271,56.1271,155854
2024-04-02,56.2059,56.9516,55.6451,56.0244,56.0244,145969
2024-04-03,56.0147,58.5048,55.8057,57.6117,57.6117,156926
2024-04-04,57.7231,57.9877,56.7993,57.0275,57.0275,87932
2024-04-05,56.594,56.745,55.0381,55.0969,55.0969,232436
2024-04-08,55.7959,55.8759,53.3977,53.6051,53.6051,107629
2024-04-09,53.0547,54.188,52.3117,53.4961,53.4961,310346
2024-04-10,53.4236,54.239,51.9242,52.1758,52.1758,300246
2024-04-11,51.5531,53.7656,50.5424,53.2315,53.2315,138987
2024-04-12,53.2772,53.5676,51.7838,52.0775,52.0775,165532
2024-04-15,52.2264,52.256,51.0461,52.0057,52.0057,90535
2024-04-16,51.9525,52.5369,49.1966,50.3417,50.3417,191149
2024-04-17,50.3251,51.7705,49.4717,51.7443,51.7443,150877
2024-04-18,51.8893,54.0158,51.6901,53.9062,53.9062,225364
2024-04-19,54.6266,55.0225,54.1299,54.817,54.817,181978
2024-04-22,54.1744,56.2847,53.4551,56.0898,56.0898,125915
2024-04-23,56.0632,56.4129,55.9443,56.304,56.304,176803
2024-04-24,57.2356,57.2453,55.2028,55.8689,55.8689,100568
2024-04-25,55.9338,58.7375,55.4329,57.1999,57.1999,91111
2024-04-26,56.9433,57.942,56.5999,57.2809,57.2809,86490
2024-04-29,57.1135,58.1312,56.5261,57.2553,57.2553,191113
2024-04-30,56.7339,56.9979,56.1046,56.4042,56.4042,147197
2024-05-01,55.9915,56.4755,55.5081,55.5736,55.5736,141138
2024-05-02,55.3548,56.82,55.2262,56.7896,56.7896,164612
2024-05-03,56.1739,56.458,53.1853,53.834,53.834,155444
2024-05-06,54.3335,54.4976,52.9688,53.7808,53.7808,210962
2024-05-07,53.9359,55.0011,52.9574,53.9342,53.9342,119064
2024-05-08,53.9176,54.1901,52.9027,53.2352,53.2352,192368
2024-05-09,53.2284,55.0443,53.0893,54.4484,54.4484,172511
2024-05-10,54.363,54.8206,52.5733,52.9734,52.9734,241520
2024-05-13,52.9597,53.1167,52.7834,52.9481,52.9481,158504
2024-05-14,52.5324,53.5421,52.3249,53.1679,53.1679,135633
2024-05-15,53.1368,53.7076,51.9862,51.9982,51.9982,179565
2024-05-16,52.412,52.7304,52.2731,52.6742,52.6742,177988
2024-05-17,52.8271,53.8107,51.1406,52.1781,52.1781,231678
2024-05-20,51.638,53.8465,51.5465,53.0466,53.0466,140513
2024-05-21,52.3495,52.4562,51.6928,52.0186,52.0186,159828
2024-05-22,52.1758,52.6233,51.9758,52.1319,52.1319,228153
2024-05-23,52.0338,53.3776,51.3543,52.8561,52.8561,181272
2024-05-24,52.9364,55.0376,52.8388,54.3576,54.3576,119816
2024-05-27,54.1049,54.5764,52.3818,52.8673,52.8673,208299
2024-05-28,51.8946,52.2701,51.6419,51.802,51.802,238603
2024-05-29,51.6519,51.9108,49.1679,49.8164,49.8164,137807
2024-05-30,50.1036,50.9923,49.8354,50.9016,50.9016,234015
2024-05-31,50.6193,51.2422,49.3778,50.1412,50.1412,302756
2024-06-03,49.9551,50.6065,49.4254,49.9539,49.9539,256251
2024-06-04,50.0754,51.9022,49.9613,51.7939,51.7939,126845
2024-06-05,51.7043,54.3496,51.4372,52.734,52.734,88554
2024-06-06,52.3925,52.8383,51.5837,51.63,51.63,117510
2024-06-07,52.1689,52.6444,51.6235,52.4667,52.4667,129230
2024-06-10,52.4568,52.8012,51.1319,51.2585,51.2585,108304
2024-06-11,51.3819,51.4009,50.2469,50.2549,50.2549,193733
2024-06-12,50.2787,50.4934,49.266,49.5222,49.5222,196381
2024-06-13,49.2169,49.8926,48.9372,49.7806,49.7806,258423
2024-06-14,49.6312,50.2231,48.3449,48.553,48.553,166950
2024-06-17,48.2692,48.4233,47.373,47.7196,47.7196,173229
2024-06-18,47.9082,48.1741,47.6751,47.784,47.784,65161
2024-06-19,47.0272,48.0923,46.5011,47.9377,47.9377,233429
2024-06-20,47.4494,49.7757,46.6898,49.0655,49.0655,94223
2024-06-21,48.6368,49.5878,47.8753,49.2861,49.2861,97431
2024-06-24,48.7711,49.2306,48.5864,49.2161,49.2161,144370
2024-06-25,48.4044,49.5595,47.8462,49.2953,49.2953,124442
2024-06-26,49.0925,50.3913,48.0246,50.0011,50.0011,205247
2024-06-27,49.7797,49.8668,47.0141,47.9305,47.9305,204822
2024-06-28,47.9509,48.9775,47.3854,48.3736,48.3736,274826
2024-07-01,48.7036,49.0139,47.6337,47.8834,47.8834,132487
2024-07-02,48.044,49.1076,47.4327,48.2362,48.2362,106490
2024-07-03,48.2131,48.3821,46.5684,47.1535,47.1535,118292
2024-07-05,46.6837,48.043,45.8278,46.8158,46.8158,148584
2024-07-08,46.9482,47.3086,45.4002,46.5134,46.5134,212449
2024-07-09,46.4429,48.2075,45.7449,46.8639,46.8639,68459
2024-07-10,46.716,47.5825,45.1061,45.4675,45.4675,93895
2024-07-11,45.7865,45.9017,44.1268,44.4955,44.4955,132172
2024-07-12,45.2637,46.5042,45.0212,46.3468,46.3468,245147
2024-07-15,46.3175,46.3638,45.2124,45.5785,45.5785,167946
2024-07-16,45.1666,47.7353,44.4778,46.8122,46.8122,300699
2024-07-17,46.9215,48.5088,46.0751,48.1435,48.1435,205307
2024-07-18,48.4101,48.4601,47.7825,48.2806,48.2806,170079
2024-07-19,48.1732,50.1428,47.8625,49.8291,49.8291,128176
2024-07-22,50.0555,50.6045,48.8185,49.0667,49.0667,147129
2024-07-23,48.8954,50.6866,48.8761,50.2921,50.2921,125045
2024-07-24,49.8447,52.0732,49.6642,51.9691,51.9691,159633
2024-07-25,51.7395,52.6953,51.3089,51.9287,51.9287,88052
2024-07-26,52.1768,53.1263,49.5731,49.6138,49.6138,291827
2024-07-29,49.4676,49.7026,49.4536,49.5268,49.5268,65478
2024-07-30,49.4478,50.3379,48.5993,50.0382,50.0382,245976
2024-07-31,50.008,50.956,49.7577,50.5098,50.5098,138336
2024-08-01,50.3984,51.2434,49.6321,49.7719,49.7719,217951
2024-08-02,49.6644,49.7354,47.7877,48.4192,48.4192,150914
2024-08-05,49.0112,49.4241,48.0336,48.6589,48.6589,221437
2024-08-06,48.3948,50.3393,47.4306,49.3336,49.3336,142576
2024-08-07,49.1676,51.8894,49.0333,51.0904,51.0904,110982
2024-08-08,50.977,52.2006,48.5609,49.2309,49.2309,223215
2024-08-09,49.5804,50.7707,49.1247,50.4681,50.4681,117412
2024-08-12,50.0059,52.3686,49.6755,52.2859,52.2859,210666
2024-08-13,53.0958,53.5908,51.2245,51.8629,51.8629,174679
2024-08-14,51.7623,52.4738,51.3044,51.5535,51.5535,219791
2024-08-15,52.1481,53.7753,51.4785,53.2415,53.2415,161996
2024-08-16,53.1703,54.0887,52.2935,52.4425,52.4425,157164
2024-08-19,52.7267,53.0795,51.7041,52.1021,52.1021,224878
2024-08-20,52.1177,54.15,52.1161,53.2222,53.2222,55191
2024-08-21,52.7538,52.9442,51.5136,52.2585,52.2585,343318
2024-08-22,52.505,54.1366,52.1336,53.883,53.883,88373
2024-08-23,53.7582,55.4055,53.7486,54.7092,54.7092,174389
2024-08-26,55.2383,55.3273,51.8677,53.0194,53.0194,239081
2024-08-27,53.3253,54.808,53.3196,54.0098,54.0098,112077
2024-08-28,53.7756,54.4709,53.5333,53.8549,53.8549,80744
2024-08-29,53.8441,53.9227,52.8467,52.9206,52.9206,111461
2024-08-30,52.9904,53.1252,52.6643,53.1021,53.1021,114967
2024-09-02,53.2951,54.1775,51.4825,51.9446,51.9446,181131
2024-09-03,52.8078,52.87,51.3827,51.8361,51.8361,118979
2024-09-04,51.3703,51.4504,51.1301,51.3733,51.3733,201236
2024-09-05,51.5247,51.5737,50.4096,51.1877,51.1877,94194
2024-09-06,51.2195,51.3524,51.131,51.1668,51.1668,328227
2024-09-09,50.9526,51.2615,49.2921,49.3975,49.3975,121500
2024-09-10,49.13,49.4064,47.1602,47.6117,47.6117,223998
2024-09-11,47.3455,47.5937,45.4991,46.2808,46.2808,196213
2024-09-12,45.8384,47.5576,45.49,47.3401,47.3401,145749
2024-09-13,46.9841,48.7564,46.2029,48.0577,48.0577,134862
2024-09-16,48.0796,48.7831,47.1418,47.184,47.184,82832
2024-09-17,47.3687,47.8495,45.9267,46.7984,46.7984,353315
2024-09-18,47.1125,47.3278,46.9167,47.3023,47.3023,185769
2024-09-19,46.9458,48.9362,46.5802,47.9648,47.9648,59135
2024-09-20,47.4615,47.864,46.8892,47.6195,47.6195,121564
2024-09-23,48.1167,49.3814,47.3662,48.4461,48.4461,249772
2024-09-24,48.9092,49.5014,47.4635,47.6408,47.6408,151126
2024-09-25,48.0722,49.8177,47.3902,49.2939,49.2939,211057
2024-09-26,49.8299,50.1361,48.2581,48.8695,48.8695,164778
2024-09-27,49.0944,50.8582,48.525,50.1493,50.1493,217756
2024-09-30,49.7465,50.1231,49.0665,49.3323,49.3323,200036
2024-10-01,49.6712,49.9291,49.508,49.6188,49.6188,131536
2024-10-02,49.8549,50.0534,48.7156,50.0416,50.0416,167804
2024-10-03,49.8471,51.7508,49.6392,50.8455,50.8455,374801
2024-10-04,51.3755,53.1007,50.6817,52.701,52.701,131015
2024-10-07,52.6281,53.7851,50.5154,51.0951,51.0951,216516
2024-10-08,50.5281,51.1839,49.6798,51.1531,51.1531,172526
2024-10-09,50.9737,52.0038,49.783,49.8998,49.8998,108615
2024-10-10,50.7378,51.6947,49.0653,49.4406,49.4406,164109
2024-10-11,49.6393,49.7113,48.2039,48.744,48.744,175458
2024-10-14,48.6985,51.8867,47.8202,51.7382,51.7382,186350
2024-10-15,52.4134,53.2531,52.271,52.468,52.468,180469
2024-10-16,52.4166,52.7661,50.1994,50.6883,50.6883,167371
2024-10-17,50.408,51.5881,50.2781,50.8825,50.8825,280905
2024-10-18,50.1198,50.7046,49.1882,50.3979,50.3979,204638
2024-10-21,50.1305,51.0052,49.3529,50.655,50.655,216484
2024-10-22,50.2507,51.1766,50.1566,51.0479,51.0479,162258
2024-10-23,51.558,52.1892,50.3556,50.3984,50.3984,224272
2024-10-24,50.4896,50.7467,48.7105,49.1358,49.1358,144513
2024-10-25,49.2599,50.3531,49.1,49.9027,49.9027,139275
2024-10-28,49.9703,50.5108,48.0394,48.9221,48.9221,82558
2024-10-29,48.8726,49.4436,46.1045,46.6215,46.6215,170202
2024-10-30,46.502,46.749,44.1578,44.2394,44.2394,99577
2024-10-31,43.8655,44.4373,43.1579,43.5074,43.5074,256592
2024-11-01,43.3519,43.5678,42.7101,42.8086,42.8086,100481
2024-11-04,42.5,42.7001,41.7392,42.1214,42.1214,96486
2024-11-05,41.8568,43.1354,41.0046,42.5631,42.5631,74729
2024-11-06,42.7675,43.0227,41.6076,41.8055,41.8055,201431
2024-11-07,41.9269,42.0446,41.1536,41.6534,41.6534,86484
2024-11-08,41.5133,44.0295,41.391,43.0807,43.0807,286812
2024-11-11,42.7122,44.4714,42.5788,44.0166,44.0166,167020
2024-11-12,44.1694,44.3915,43.0059,43.3787,43.3787,172084
2024-11-13,43.6995,45.7489,43.0294,45.3448,45.3448,157152
2024-11-14,45.501,47.2755,44.9178,46.8414,46.8414,102412
2024-11-15,46.8638,47.4816,46.5204,46.635,46.635,70342
2024-11-18,47.2398,47.4572,46.5308,46.9739,46.9739,112867
2024-11-19,46.5676,47.0076,44.3112,45.3048,45.3048,348863
2024-11-20,45.4443,45.7051,44.8923,45.374,45.374,202427
2024-11-21,45.8825,47.9972,45.6377,47.9703,47.9703,175729
2024-11-22,47.7291,48.249,46.764,47.9457,47.9457,136670
2024-11-25,47.8275,48.6977,47.2958,48.195,48.195,279163
2024-11-26,48.2072,48.456,46.5087,47.3111,47.3111,239676
2024-11-27,46.9655,47.8322,46.3823,47.4334,47.4334,275449
2024-11-28,47.1365,50.6259,46.1993,50.0567,50.0567,125100
2024-11-29,49.5362,50.0498,49.0347,49.34,49.34,191456
2024-12-02,49.0999,49.9646,49.0071,49.9458,49.9458,143528
2024-12-03,49.9861,51.0453,48.5921,48.6664,48.6664,148786
2024-12-04,49.2951,49.446,48.6008,49.2494,49.2494,200152
2024-12-05,49.3091,49.6163,47.5717,48.0912,48.0912,89138
2024-12-06,47.7401,47.9696,46.3381,47.3239,47.3239,194270
2024-12-09,47.5598,47.7327,46.6358,46.7201,46.7201,109380
2024-12-10,47.1786,48.1087,47.0048,47.3396,47.3396,174133
2024-12-11,47.6124,47.7244,46.0129,46.4578,46.4578,127056
2024-12-12,46.5337,47.9439,46.2369,47.8043,47.8043,179562
2024-12-13,47.9481,48.3426,46.7716,48.2015,48.2015,115125
2024-12-16,48.3792,48.6662,46.492,47.0569,47.0569,118293
2024-12-17,47.4177,48.2236,46.9632,47.7137,47.7137,113851
2024-12-18,48.0526,48.2267,45.3817,45.5973,45.5973,152305
2024-12-19,45.1118,46.9403,44.9435,46.3838,46.3838,273461
2024-12-20,46.4579,47.7576,45.7165,46.7804,46.7804,149057
2024-12-23,47.4008,47.9695,46.6744,47.299,47.299,198017
2024-12-24,47.4124,47.9333,47.0251,47.9033,47.9033,160348
2024-12-26,47.8778,47.9713,47.0523,47.1153,47.1153,233468
2024-12-27,47.0867,48.4135,46.8442,47.147,47.147,157600
2024-12-30,47.3583,50.0111,46.3887,49.253,49.253,106316
2024-12-31,48.6286,50.9203,48.5001,50.7747,50.7747,104647
2025-01-02,50.8418,51.6631,50.4749,50.9607,50.9607,259581
2025-01-03,50.655,51.8446,50.5701,50.9463,50.9463,144659
2025-01-06,51.4812,53.0848,49.6362,50.4216,50.4216,166711
2025-01-07,50.7562,52.6038,50.524,52.073,52.073,201069
2025-01-08,52.854,53.4853,51.0859,52.3435,52.3435,282810
2025-01-09,53.012,53.2748,51.51,52.8928,52.8928,194473
2025-01-10,52.375,54.1518,52.3042,53.9756,53.9756,132257
2025-01-13,54.0465,56.2358,53.8866,55.3047,55.3047,223943
2025-01-14,55.1162,55.9028,54.736,54.9073,54.9073,136419
2025-01-15,55.2114,55.5696,54.4179,54.859,54.859,127852
2025-01-16,54.0275,54.0708,53.3676,53.6863,53.6863,172909
2025-01-17,53.4421,55.8381,52.4614,55.6427,55.6427,98253
2025-01-20,55.7234,56.5926,53.9737,54.4102,54.4102,82586
2025-01-21,54.482,55.8881,53.9105,55.4486,55.4486,95035
2025-01-22,55.3892,55.3926,53.5835,54.0178,54.0178,158800
2025-01-23,53.6666,56.5156,53.3406,55.5149,55.5149,196130
2025-01-24,55.32,57.9969,55.26,57.5226,57.5226,157683
2025-01-27,58.1886,58.4815,54.2467,55.5168,55.5168,206832
2025-01-28,56.0518,56.4464,53.5883,53.7067,53.7067,216997
2025-01-29,53.822,54.11,52.6691,52.9268,52.9268,202502
2025-01-30,52.4869,53.775,51.7266,52.8828,52.8828,139350
2025-01-31,52.3823,53.8464,50.8873,51.1315,51.1315,346881
2025-02-03,51.0372,51.3048,50.4391,50.7086,50.7086,116346
2025-02-04,50.8154,51.3063,49.7817,50.4181,50.4181,283657
2025-02-05,50.1741,51.0976,48.6635,49.6266,49.6266,159096
2025-02-06,49.3651,51.9297,49.3198,51.3895,51.3895,75204
2025-02-07,51.1315,52.6854,49.8617,52.2344,52.2344,76762
2025-02-10,53.1165,53.5296,53.0414,53.2479,53.2479,131263
2025-02-11,53.2288,55.0041,52.9991,54.6284,54.6284,260436
2025-02-12,54.9762,55.3228,53.9402,54.9046,54.9046,125580
2025-02-13,55.4186,55.603,52.6092,53.3008,53.3008,153736
2025-02-14,52.5642,53.5014,52.2302,52.5445,52.5445,138745
2025-02-17,52.8462,53.2404,52.4758,53.0269,53.0269,143572
2025-02-18,53.2363,53.2371,52.0974,52.1104,52.1104,297403
2025-02-19,52.7024,54.7806,52.1789,54.6531,54.6531,153659
2025-02-20,54.4499,56.5813,54.1377,56.1805,56.1805,133363
2025-02-21,56.1027,56.4432,52.8959,53.8918,53.8918,229050
2025-02-24,53.1525,53.4012,52.3491,53.1139,53.1139,113313
2025-02-25,53.3146,54.1836,51.6733,51.8496,51.8496,109702
2025-02-26,51.6768,52.4807,51.0895,52.3079,52.3079,251140
2025-02-27,52.7964,54.1676,51.7601,52.9917,52.9917,71190
2025-02-28,52.3499,52.5589,51.7807,51.9706,51.9706,237119
2025-03-03,52.2172,55.0499,52.0852,54.8029,54.8029,114822
2025-03-04,54.1317,54.7334,53.9139,54.091,54.091,134220
2025-03-05,54.3931,54.3997,53.7951,54.1378,54.1378,145764
2025-03-06,53.8223,54.233,51.8757,53.1463,53.1463,109412
2025-03-07,53.2683,53.9812,52.3555,52.8769,52.8769,266946
2025-03-10,52.6243,52.6526,50.4977,51.4693,51.4693,176414
2025-03-11,50.8334,52.3598,50.6683,52.3432,52.3432,121514
2025-03-12,52.2705,55.1799,51.4906,54.6859,54.6859,209087
2025-03-13,54.9499,55.1558,51.6683,52.2074,52.2074,105228
2025-03-14,52.2424,53.0113,50.4007,51.3306,51.3306,255751
2025-03-17,51.3356,52.3125,50.7098,51.8363,51.8363,329065
2025-03-18,51.4512,51.9285,50.1122,50.6276,50.6276,200413
2025-03-19,50.9272,52.2266,50.0842,50.7307,50.7307,234876
2025-03-20,49.82,53.0503,49.8185,52.1354,52.1354,142581
2025-03-21,52.3295,52.9933,51.3269,52.7852,52.7852,92890
2025-03-24,52.8359,53.7304,51.9505,52.0041,52.0041,204715
2025-03-25,52.394,53.6021,52.2659,53.2385,53.2385,148393
2025-03-26,53.5228,53.5645,53.3744,53.4562,53.4562,133728
2025-03-27,52.6571,54.6673,52.1162,54.434,54.434,149627
2025-03-28,54.6675,55.2619,54.4044,54.967,54.967,304055
2025-03-31,55.3452,55.5655,54.7133,54.7273,54.7273,219095
2025-04-01,53.8622,55.2186,53.6813,54.7986,54.7986,239209
2025-04-02,54.7009,55.68,53.1839,53.2198,53.2198,204067
2025-04-03,53.2561,53.838,52.6837,53.2134,53.2134,94812
2025-04-04,53.5438,54.3054,53.0187,53.3062,53.3062,184121
2025-04-07,53.7193,53.8377,51.4524,52.0193,52.0193,335544
2025-04-08,52.0264,52.2061,49.308,49.9697,49.9697,186296
2025-04-09,49.9646,50.2903,49.0609,49.0675,49.0675,76828
2025-04-10,49.537,49.5782,49.4237,49.4924,49.4924,320863
2025-04-11,49.0322,50.3897,48.8777,49.5442,49.5442,133500
2025-04-14,49.2223,50.2097,48.8501,49.6256,49.6256,88571
2025-04-15,49.2495,49.4247,48.0701,48.1241,48.1241,181177
2025-04-16,48.95,49.3015,47.9672,48.7241,48.7241,92561
2025-04-17,48.5111,49.6417,47.9955,49.0988,49.0988,164132
2025-04-18,48.8654,48.9754,46.8504,47.8182,47.8182,63692
2025-04-21,47.3552,49.295,46.7023,48.8072,48.8072,124871
2025-04-22,48.5901,49.0956,47.9882,48.1099,48.1099,157403
2025-04-23,48.5163,49.166,47.1665,47.631,47.631,110224
2025-04-24,48.2405,48.4613,46.6444,47.5631,47.5631,143923
2025-04-25,47.4889,48.0596,47.4368,47.9116,47.9116,162922
2025-04-28,47.5636,48.9064,47.2776,48.655,48.655,95076
2025-04-29,48.4501,48.751,47.1798,47.7165,47.7165,85263
2025-04-30,48.0995,48.746,46.5323,47.171,47.171,155870
2025-05-01,47.4979,47.79,45.4703,46.1338,46.1338,144097
2025-05-02,46.3865,46.9286,46.2738,46.5831,46.5831,143180
2025-05-05,46.305,47.2453,45.4742,46.7851,46.7851,141283
2025-05-06,46.3901,47.2646,44.2564,44.7664,44.7664,163473
2025-05-07,45.7066,45.7646,44.7176,45.0647,45.0647,211879
2025-05-08,45.0241,45.1607,45.0142,45.0175,45.0175,197814
2025-05-09,45.2358,46.0393,44.1214,45.2144,45.2144,163292
2025-05-12,45.4041,45.8172,45.1717,45.5742,45.5742,193824
2025-05-13,45.5829,46.6076,45.2345,46.1007,46.1007,87379
2025-05-14,46.1859,47.9716,46.0807,47.4926,47.4926,123265
2025-05-15,46.9169,47.2152,46.3212,46.4494,46.4494,148009
2025-05-16,46.125,46.6186,45.7032,46.4725,46.4725,216033
2025-05-19,46.5242,48.0065,45.6205,47.8244,47.8244,167574
2025-05-20,48.2857,48.8488,47.9426,48.522,48.522,122836
2025-05-21,48.3727,49.1581,47.8891,48.3121,48.3121,276487
2025-05-22,48.3348,49.9463,47.9067,49.3208,49.3208,81166
2025-05-23,49.1794,52.7895,48.9663,52.2301,52.2301,110731
2025-05-26,51.8527,52.6561,51.1268,52.1472,52.1472,295365
2025-05-27,51.5691,52.9647,51.2872,52.9406,52.9406,96292
2025-05-28,52.9753,53.9693,52.673,52.9873,52.9873,205466
2025-05-29,52.8806,53.5859,50.9624,51.6493,51.6493,302325
2025-05-30,52.2949,52.7577,50.2523,50.4761,50.4761,189836
2025-06-02,50.8226,52.4026,50.1049,52.112,52.112,377051
2025-06-03,52.0538,52.8851,50.6467,50.8267,50.8267,141024
2025-06-04,50.8643,51.2138,49.3926,50.3277,50.3277,522367
2025-06-05,49.8844,50.0109,49.519,49.8002,49.8002,272777
2025-06-06,49.4739,50.2648,49.2231,49.9163,49.9163,94339
2025-06-09,50.4052,50.5073,48.3171,48.5505,48.5505,87574
2025-06-10,48.4509,51.356,47.6933,50.8263,50.8263,176795
2025-06-11,50.9431,53.1686,50.6653,52.5476,52.5476,150583
2025-06-12,51.8309,52.4729,51.5971,52.4274,52.4274,155275
2025-06-13,52.1685,53.6981,52.0351,53.6743,53.6743,291539
2025-06-16,53.268,55.3059,52.9489,54.8162,54.8162,110785
2025-06-17,55.0618,56.5719,55.0498,56.5624,56.5624,154491
2025-06-18,56.3416,56.6375,55.5293,55.7377,55.7377,454303
2025-06-19,55.7894,56.5281,55.0386,55.4099,55.4099,241510
2025-06-20,55.3672,55.4837,54.3915,54.6456,54.6456,109660
2025-06-23,54.813,56.1094,54.6556,55.893,55.893,201650
2025-06-24,55.8499,57.6654,54.659,57.2699,57.2699,147447
2025-06-25,57.1193,57.1319,53.2673,54.0707,54.0707,166696
2025-06-26,54.275,54.9649,53.3481,54.9239,54.9239,78122
2025-06-27,54.6928,55.9953,54.6499,55.2063,55.2063,176861
2025-06-30,54.7218,55.1296,54.5856,54.6714,54.6714,129844
2025-07-01,54.3137,55.1861,53.8402,54.0759,54.0759,85359
2025-07-02,54.4661,55.7712,54.1862,55.5352,55.5352,174610
2025-07-03,55.1163,55.5824,54.6066,55.3683,55.3683,348189
2025-07-07,55.9628,56.6158,54.3741,54.9565,54.9565,164673
2025-07-08,55.0075,55.5263,54.8254,55.0938,55.0938,408115
2025-07-09,55.5409,55.6374,52.6809,53.5459,53.5459,188752
2025-07-10,53.3851,54.5159,52.7962,53.7856,53.7856,187618
2025-07-11,53.8548,54.0153,53.6037,53.6087,53.6087,350146
2025-07-14,53.473,54.2273,53.2965,53.9343,53.9343,137196
2025-07-15,52.9967,56.1324,52.1326,55.5205,55.5205,75699
2025-07-16,55.7303,57.4811,55.485,57.0701,57.0701,126133
2025-07-17,57.5762,57.7891,55.8914,56.0631,56.0631,168957
2025-07-18,56.7626,57.0,53.2458,54.5794,54.5794,245679
2025-07-21,55.0372,55.4836,54.68,55.3709,55.3709,148187
2025-07-22,55.0648,56.7825,54.751,55.8706,55.8706,94294
2025-07-23,56.6054,57.4373,54.238,54.6196,54.6196,170394
2025-07-24,53.8361,57.162,52.5087,56.243,56.243,190949
2025-07-25,56.3962,57.2804,55.3304,55.5471,55.5471,153808
2025-07-28,55.7289,56.1947,52.2884,53.3337,53.3337,162948
2025-07-29,53.765,54.3425,51.6334,51.7882,51.7882,117294
2025-07-30,51.5911,52.1403,50.4529,50.8544,50.8544,156770
2025-07-31,51.198,51.2089,50.439,50.6548,50.6548,221035
2025-08-01,51.1462,52.597,50.8445,52.5961,52.5961,469024
2025-08-04,52.6423,52.6819,51.5583,52.0881,52.0881,406036
2025-08-05,52.0933,53.6007,51.1301,53.2061,53.2061,124611
2025-08-06,53.1916,53.6087,52.3359,52.3729,52.3729,122776
2025-08-07,52.7892,53.0043,51.7995,51.8919,51.8919,201381
2025-08-08,51.7312,51.8561,51.3877,51.8386,51.8386,56499
2025-08-11,51.569,52.2998,51.1647,52.1314,52.1314,93086
2025-08-12,52.418,52.5888,51.2911,51.6053,51.6053,155959
2025-08-13,51.07,53.3257,50.773,52.914,52.914,166671
2025-08-14,53.9402,55.5372,52.9702,55.4946,55.4946,226375
2025-08-15,54.9135,56.6329,54.5989,56.3832,56.3832,321189
2025-08-18,56.1835,57.4369,56.1598,57.2998,57.2998,119527
2025-08-19,56.3919,57.2435,55.5793,56.9851,56.9851,131336
2025-08-20,57.5723,58.2592,56.2177,57.129,57.129,412071
2025-08-21,57.4956,58.4226,56.7935,58.3289,58.3289,115645
2025-08-22,57.6516,57.9458,57.4581,57.6022,57.6022,143354
2025-08-25,57.9532,60.6465,57.4058,59.7656,59.7656,438226
2025-08-26,60.1288,60.2906,59.3415,60.1762,60.1762,256685
2025-08-27,59.324,60.6148,58.8595,59.4901,59.4901,136764
2025-08-28,59.7122,60.2133,56.2488,57.4968,57.4968,267017
2025-08-29,56.8343,58.4246,56.4341,57.958,57.958,175239
2025-09-01,57.9409,58.357,56.3482,56.8585,56.8585,118055
2025-09-02,56.5964,58.041,56.3187,57.6403,57.6403,58953
2025-09-03,58.4367,59.3113,58.0052,58.047,58.047,189720
2025-09-04,57.3983,60.4868,56.7868,60.0928,60.0928,207791
2025-09-05,60.1666,60.8609,59.335,59.9319,59.9319,171158
2025-09-08,60.3786,61.5053,58.8149,58.849,58.849,377266
2025-09-09,58.8035,61.769,58.7678,61.4164,61.4164,299626
2025-09-10,61.225,62.7017,59.8672,60.3059,60.3059,213226
2025-09-11,59.9852,62.3993,59.8494,61.3667,61.3667,160741
2025-09-12,60.4196,62.8739,60.2013,61.868,61.868,231923
2025-09-15,61.9687,62.9164,59.9709,60.0933,60.0933,147776
2025-09-16,60.1633,60.9955,59.561,60.9319,60.9319,80600
2025-09-17,60.0398,60.4763,59.6983,60.3673,60.3673,140650
2025-09-18,60.2055,61.0175,57.3727,58.7925,58.7925,215009
2025-09-19,58.3523,58.7984,58.1815,58.6185,58.6185,94035
2025-09-22,58.6049,59.5682,58.3372,58.7748,58.7748,161851
2025-09-23,59.1056,61.0087,59.0727,60.0021,60.0021,119906
2025-09-24,60.2794,60.6655,57.9396,58.144,58.144,92461
2025-09-25,57.9091,58.2745,55.4468,56.5739,56.5739,159122
2025-09-26,57.4899,58.6927,55.0497,55.5557,55.5557,162898
2025-09-29,55.5283,55.9734,53.9904,54.3574,54.3574,131701
2025-09-30,54.9623,55.2381,53.3272,53.3711,53.3711,304074
2025-10-01,53.7045,54.3635,53.612,54.321,54.321,218226
2025-10-02,54.9888,55.3482,52.1686,52.5601,52.5601,172340
2025-10-03,52.2865,53.5067,51.9171,52.9276,52.9276,113113
2025-10-06,52.8945,53.1169,51.0602,52.2931,52.2931,66343
2025-10-07,51.975,52.7463,51.1851,52.6805,52.6805,99190
2025-10-08,52.8563,53.3354,51.8943,52.3749,52.3749,97280
2025-10-09,51.9466,52.7958,51.7662,52.5117,52.5117,351690
2025-10-10,52.8329,53.0625,51.7833,52.1402,52.1402,108982
2025-10-13,51.8092,52.4689,49.7963,50.3677,50.3677,225854
2025-10-14,50.5817,51.0036,49.7415,50.6493,50.6493,160247
2025-10-15,50.6832,52.7411,50.3209,52.1744,52.1744,152862
2025-10-16,52.4571,52.5187,51.2514,51.6772,51.6772,207994
2025-10-17,51.7995,52.0713,50.1997,50.8815,50.8815,105044
2025-10-20,50.8375,53.3263,50.0705,52.7591,52.7591,160907
2025-10-21,52.6574,56.4182,51.9959,56.2749,56.2749,162562
2025-10-22,56.1465,56.4336,54.1656,54.9569,54.9569,107688
2025-10-23,54.9554,55.6647,54.8377,55.1371,55.1371,85677
2025-10-24,54.6968,57.7948,54.5797,57.3787,57.3787,223392
2025-10-27,57.1399,57.5136,56.5419,56.8878,56.8878,117723
2025-10-28,56.579,59.1746,56.3648,57.6655,57.6655,196946
2025-10-29,57.296,58.8972,56.7646,58.5851,58.5851,244563
2025-10-30,58.4049,61.1738,58.0119,61.0628,61.0628,204856
2025-10-31,60.9328,61.9641,60.1985,60.3356,60.3356,100402
2025-11-03,61.1496,61.2749,59.7717,60.279,60.279,180501
2025-11-04,60.5138,62.8789,60.4732,62.2403,62.2403,107871
2025-11-05,62.0739,63.9815,61.484,63.2167,63.2167,112282
2025-11-06,63.2876,63.7912,62.8348,63.7801,63.7801,245276
2025-11-07,64.3941,64.4185,62.1965,62.5559,62.5559,163738
2025-11-10,62.2774,63.6831,61.9079,62.6494,62.6494,87055
2025-11-11,62.8441,64.0689,62.8207,63.8695,63.8695,200339
2025-11-12,64.3403,64.8659,60.7986,61.8502,61.8502,134503
2025-11-13,61.5835,62.998,60.8052,61.2966,61.2966,67098
2025-11-14,61.45,62.0792,60.8347,61.979,61.979,181392
2025-11-17,62.1238,63.24,61.5044,62.7623,62.7623,177301
2025-11-18,63.0088,63.0471,60.4519,61.0545,61.0545,96353
2025-11-19,60.9598,61.1274,60.2872,60.725,60.725,104048
2025-11-20,60.8537,63.5479,60.7156,61.804,61.804,115049
2025-11-21,61.1633,64.0206,60.4819,63.0,63.0,37308
2025-11-24,63.3925,66.062,63.2649,65.039,65.039,82647
2025-11-25,65.7917,66.5223,63.8686,64.0088,64.0088,172294
2025-11-26,63.3968,64.631,62.8197,64.2359,64.2359,108147
2025-11-27,64.3897,68.7691,63.6153,68.5999,68.5999,108815
2025-11-28,69.4412,69.9042,66.061,67.9994,67.9994,179244
2025-12-01,68.2445,68.2623,66.8293,67.965,67.965,335149
2025-12-02,67.7989,69.7701,67.1218,69.0022,69.0022,132608
2025-12-03,69.092,69.6701,67.3368,68.9642,68.9642,206439
2025-12-04,69.3162,71.2792,68.4795,70.4691,70.4691,172123
2025-12-05,71.0775,71.4881,68.757,70.2832,70.2832,187667
2025-12-08,70.6909,70.8462,68.7738,68.8625,68.8625,233538
2025-12-09,69.5747,69.7334,66.8542,67.3678,67.3678,182467
2025-12-10,67.7813,68.0427,63.2485,64.2221,64.2221,168028
2025-12-11,64.678,64.8701,59.9626,60.3458,60.3458,161237
2025-12-12,59.2151,63.3793,58.7428,62.7172,62.7172,87077
2025-12-15,62.6048,63.5275,59.3158,60.954,60.954,184157
2025-12-16,60.5029,61.0013,57.2106,58.335,58.335,134081
2025-12-17,58.2745,60.241,55.9811,56.5718,56.5718,127544
2025-12-18,57.168,57.6948,54.7599,55.0675,55.0675,153873
2025-12-19,55.6534,56.2168,55.1297,55.3156,55.3156,144911
2025-12-22,54.9959,56.5342,54.2339,55.6265,55.6265,101870
2025-12-23,56.332,57.9152,55.9349,57.5829,57.5829,191318
2025-12-24,57.7218,58.2933,57.3094,58.1952,58.1952,123022
2025-12-26,58.1901,58.5211,56.4544,56.8498,56.8498,146176
2025-12-29,57.3851,57.7929,56.8185,57.5781,57.5781,111451
2025-12-30,56.8852,57.312,54.7519,55.2207,55.2207,243684
2025-12-31,55.1358,56.9926,54.965,55.5212,55.5212,137785
