Date,Open,High,Low,Close,Adjusted_close,Volume
2018-01-02,100.1875,100.3121,99.586,99.7588,99.7588,1250204
2018-01-03,99.914,101.603,99.7772,101.0269,101.0269,891676
2018-01-04,101.2117,102.5773,100.2409,101.6318,101.6318,1312830
2018-01-05,101.6147,102.307,101.2558,102.0147,102.0147,911903
2018-01-08,102.6571,102.9714,100.649,101.316,101.316,1399864
2018-01-09,101.2765,101.6285,100.8357,100.9737,100.9737,1492952
2018-01-10,101.4257,101.8764,100.3021,100.4373,100.4373,2352773
2018-01-11,100.9183,102.0364,100.3532,100.531,100.531,1500209
2018-01-12,100.5081,101.9376,100.0504,101.123,101.123,753655
2018-01-15,101.2573,102.8468,100.5338,102.7793,102.7793,1750575
2018-01-16,102.3027,102.8542,102.0038,102.3097,102.3097,1140613
2018-01-17,102.5267,105.0753,101.1067,103.9886,103.9886,1637674
2018-01-18,104.3613,104.9937,102.6678,102.7567,102.7567,929126
2018-01-19,102.9899,104.9146,102.6796,104.6161,104.6161,671995
2018-01-22,104.8193,106.9115,104.454,105.7633,105.7633,927227
2018-01-23,106.3877,106.7107,104.2044,104.2906,104.2906,900509
2018-01-24,104.7287,105.1097,104.2322,104.4705,104.4705,669539
2018-01-25,104.8331,105.6781,103.2518,103.505,103.505,1236504
2018-01-26,103.3919,104.1908,102.7929,103.3768,103.3768,1063551
2018-01-29,103.7024,104.909,103.6212,104.7102,104.7102,947355
2018-01-30,104.8167,105.1469,104.5488,104.5493,104.5493,782511
2018-01-31,104.6738,107.1816,104.4593,106.9301,106.9301,926808
2018-02-01,107.0814,108.1634,105.0742,106.5776,106.5776,1149439
2018-02-02,106.6708,107.3424,106.2864,107.0884,107.0884,1573965
2018-02-05,107.2279,110.369,107.1692,110.0336,110.0336,1239785
2018-02-06,109.8371,110.4464,106.1368,106.8233,106.8233,928343
2018-02-07,107.4074,108.8868,107.1986,107.8773,107.8773,1034635
2018-02-08,106.8161,109.8784,105.9657,109.2243,109.2243,2784997
2018-02-09,109.7028,109.7929,109.3645,109.4796,109.4796,767162
2018-02-12,110.0951,110.73,109.2401,109.4169,109.4169,1965807
2018-02-13,109.6997,109.8338,109.2351,109.6201,109.6201,2824919
2018-02-14,109.233,111.0317,108.3498,110.4083,110.4083,1670862
2018-02-15,111.0518,111.9325,110.0987,111.3871,111.3871,2054846
2018-02-16,111.9616,112.0209,108.6791,109.0406,109.0406,889573
2018-02-19,108.6327,111.5897,107.7441,110.8967,110.8967,957960
2018-02-20,110.9472,111.9519,110.7865,111.0817,111.0817,1582956
2018-02-21,111.4152,111.6095,108.5169,108.8829,108.8829,945191
2018-02-22,109.4125,109.4494,108.3973,109.0211,109.0211,999314
2018-02-23,108.588,109.7603,106.209,106.8371,106.8371,1205514
2018-02-26,106.8259,107.1735,106.5171,106.6541,106.6541,784624
2018-02-27,106.1615,106.79,105.5347,106.4647,106.4647,1434541
2018-02-28,106.7742,107.6987,106.3013,107.6942,107.6942,1757692
2018-03-01,107.4418,107.9871,105.5703,105.8997,105.8997,1405874
2018-03-02,105.8541,106.5409,103.9633,104.1719,104.1719,929459
2018-03-05,103.4301,103.8931,103.2734,103.4807,103.4807,2470291
2018-03-06,103.3067,104.2995,102.8819,103.854,103.854,817268
2018-03-07,104.1053,105.6927,102.912,105.431,105.431,521627
2018-03-08,105.2495,106.3727,104.1127,105.1293,105.1293,1049510
2018-03-09,105.0829,107.7079,104.5613,107.3765,107.3765,1222248
2018-03-12,107.7014,107.7864,107.5857,107.766,107.766,1285021
2018-03-13,107.8062,109.3825,107.3072,108.8717,108.8717,831287
2018-03-14,109.0425,110.9929,108.7291,110.9517,110.9517,658527
2018-03-15,110.6661,112.2056,109.5648,111.3935,111.3935,1413672
2018-03-16,111.4684,112.0407,110.8712,111.7957,111.7957,1914670
2018-03-19,112.2012,115.0967,111.7012,113.9554,113.9554,1146242
2018-03-20,113.6428,113.6797,111.0041,111.3242,111.3242,1232126
2018-03-21,111.478,112.3247,111.3498,111.9319,111.9319,998858
2018-03-22,111.5929,112.4232,111.5927,112.0375,112.0375,1080644
2018-03-23,112.1098,112.1926,111.306,112.0817,112.0817,801534
2018-03-26,112.0039,112.9406,111.4091,112.6639,112.6639,1177920
2018-03-27,112.9696,113.6431,109.9484,111.5613,111.5613,631854
2018-03-28,111.0011,111.6048,110.6831,111.1381,111.1381,984181
2018-03-29,111.534,113.8622,110.8697,113.2247,113.2247,987103
2018-03-30,113.6685,114.0413,112.3373,112.9013,112.9013,981542
2018-04-02,112.904,114.904,112.7875,114.1711,114.1711,794679
2018-04-03,114.1813,115.7455,113.8423,115.2047,115.2047,1009440
2018-04-04,114.9391,114.9422,113.0047,113.922,113.922,1074635
2018-04-05,113.8992,114.8263,113.0117,114.6799,114.6799,2474879
2018-04-06,113.9148,114.9837,113.3289,114.4922,114.4922,1224657
2018-04-09,113.7525,116.4929,113.0861,115.3349,115.3349,1810738
2018-04-10,115.4405,115.8431,114.9756,115.4212,115.4212,1339617
2018-04-11,114.9656,115.017,114.1253,114.1287,114.1287,2707409
2018-04-12,114.119,114.2442,112.4377,112.6305,112.6305,1494473
2018-04-13,112.7768,113.6029,112.3599,113.5481,113.5481,1194543
2018-04-16,113.6312,113.7233,110.8831,111.7296,111.7296,1337339
2018-04-17,111.9803,112.3636,111.456,112.3411,112.3411,1260584
2018-04-18,112.4624,113.748,111.6246,113.2977,113.2977,1425489
2018-04-19,113.2496,113.5555,111.9003,111.9653,111.9653,1685130
2018-04-20,111.8333,115.6071,111.7584,114.9108,114.9108,1146896
2018-04-23,115.8952,116.1008,114.9065,115.7211,115.7211,717447
2018-04-24,115.6549,116.7448,114.9691,116.4188,116.4188,1190932
2018-04-25,116.43,118.4889,116.2646,117.9649,117.9649,825862
2018-04-26,118.7229,119.8113,117.0018,117.0135,117.0135,1566643
2018-04-27,116.7111,119.3363,116.4031,118.8955,118.8955,1040874
2018-04-30,118.8911,121.1508,118.3605,120.7011,120.7011,1022625
2018-05-01,121.2019,123.1402,119.6796,122.7891,122.7891,951440
2018-05-02,122.769,123.9507,120.7681,121.9666,121.9666,3393911
2018-05-03,121.7611,123.6449,121.5517,123.6037,123.6037,1607756
2018-05-04,122.952,123.7346,122.7432,123.686,123.686,1168133
2018-05-07,124.3961,124.9214,122.9996,123.0776,123.0776,1401572
2018-05-08,122.9183,123.1176,121.5184,121.864,121.864,1199514
2018-05-09,121.0297,126.0792,120.9168,125.7186,125.7186,953475
2018-05-10,125.8874,125.9239,124.9069,125.4391,125.4391,1837117
2018-05-11,124.9645,126.2072,124.5331,125.4862,125.4862,1058457
2018-05-14,125.6273,126.9242,125.555,126.5705,126.5705,1210194
2018-05-15,126.3248,127.3251,125.8043,127.2554,127.2554,1062214
2018-05-16,126.9967,130.0462,126.8916,129.9415,129.9415,2013735
2018-05-17,129.9368,131.2399,128.9072,129.9704,129.9704,875671
2018-05-18,129.8694,130.9355,127.4918,127.8961,127.8961,1848525
2018-05-21,128.0535,129.2455,125.942,126.2402,126.2402,1388055
2018-05-22,126.4941,127.7359,125.6801,127.0269,127.0269,1251936
2018-05-23,127.2412,127.3229,126.2617,126.3214,126.3214,934211
2018-05-24,126.1515,128.9173,125.6258,128.3201,128.3201,944371
2018-05-25,128.1401,130.5808,128.0017,130.5276,130.5276,1198328
2018-05-28,130.7054,131.5177,128.2033,129.6126,129.6126,992727
2018-05-29,129.3247,129.6645,128.1604,129.2754,129.2754,1207680
2018-05-30,129.1983,130.7619,128.7325,130.5404,130.5404,541436
2018-05-31,131.673,132.1393,129.5982,129.6104,129.6104,868329
2018-06-01,128.6121,129.0408,127.3502,127.9098,127.9098,731220
2018-06-04,127.3291,130.5934,124.9167,130.3243,130.3243,1870168
2018-06-05,131.3537,131.7126,131.1698,131.7083,131.7083,1442063
2018-06-06,132.017,132.0438,130.8028,130.8505,130.8505,952660
2018-06-07,130.7825,132.0973,130.6733,131.6161,131.6161,692878
2018-06-08,131.1542,133.1297,130.9053,132.3444,132.3444,406315
2018-06-11,132.777,133.0285,132.6678,132.8839,132.8839,868675
2018-06-12,132.7443,133.2378,132.6873,132.9811,132.9811,1772635
2018-06-13,131.9382,133.2906,131.4479,132.981,132.981,676077
2018-06-14,133.3389,134.5697,132.5293,132.5583,132.5583,2625481
2018-06-15,132.5207,132.9986,131.6973,132.9146,132.9146,1083841
2018-06-18,133.1568,133.5757,131.2328,131.4334,131.4334,2660284
2018-06-19,130.6889,133.0975,130.2891,132.5896,132.5896,990490
2018-06-20,132.3964,133.1587,131.245,132.7619,132.7619,999087
2018-06-21,132.8923,135.5893,131.0721,134.6386,134.6386,1008379
2018-06-22,134.9688,136.3347,134.1865,136.1309,136.1309,879602
2018-06-25,135.6182,135.6365,133.1289,134.5628,134.5628,1367351
2018-06-26,134.2166,135.9421,133.9256,135.2858,135.2858,1474750
2018-06-27,135.6579,136.5422,134.0887,135.358,135.358,1302425
2018-06-28,136.3006,136.8439,131.7396,131.7638,131.7638,2214499
2018-06-29,131.7511,133.8216,131.5395,132.4909,132.4909,769463
2018-07-02,132.7054,134.1936,132.5422,133.238,133.238,1924593
2018-07-03,132.8404,134.443,131.5757,134.3629,134.3629,1430594
2018-07-05,134.8257,135.1417,134.315,134.7033,134.7033,790288
2018-07-06,134.4318,135.0884,134.1322,134.1792,134.1792,1397461
2018-07-09,134.486,134.7476,132.9635,133.8541,133.8541,1025086
2018-07-10,133.6894,134.2746,132.5255,133.4952,133.4952,1103090
2018-07-11,134.628,134.9936,131.3985,132.2678,132.2678,1016684
2018-07-12,131.0355,135.9141,130.6748,135.5901,135.5901,1463729
2018-07-13,135.6296,140.1501,134.9925,138.8938,138.8938,694343
2018-07-16,138.9676,139.9314,137.9796,138.0692,138.0692,3506326
2018-07-17,138.444,140.5608,137.7895,139.9329,139.9329,856794
2018-07-18,139.7779,140.4701,136.0025,136.5533,136.5533,948080
2018-07-19,136.0758,140.7515,136.049,140.497,140.497,1939155
2018-07-20,140.0911,142.5471,139.6848,142.3382,142.3382,1547464
2018-07-23,142.9087,143.1472,139.4852,139.9151,139.9151,871328
2018-07-24,139.8585,140.2732,138.0734,138.4742,138.4742,585651
2018-07-25,138.3327,138.7502,138.0089,138.5495,138.5495,1399711
2018-07-26,138.2384,139.1194,137.216,137.6979,137.6979,1035744
2018-07-27,137.8759,138.9178,136.0718,136.2241,136.2241,1191328
2018-07-30,135.358,136.957,135.2367,136.5008,136.5008,1178106
2018-07-31,136.8845,138.3481,136.4414,137.6624,137.6624,1211377
2018-08-01,137.5043,137.6402,136.0048,137.3073,137.3073,1212664
2018-08-02,137.2952,137.6845,135.7756,135.8984,135.8984,2844249
2018-08-03,137.221,139.3174,137.1244,137.4263,137.4263,759698
2018-08-06,137.1302,137.9986,136.7641,137.5158,137.5158,1548651
2018-08-07,137.5,137.6529,133.6555,134.2124,134.2124,1209906
2018-08-08,134.284,136.1045,132.813,135.1807,135.1807,3909454
2018-08-09,135.9388,137.2076,135.3302,136.5151,136.5151,1391803
2018-08-10,136.0588,139.2863,135.3123,137.9109,137.9109,1393063
2018-08-13,137.5319,139.3143,137.4727,138.3177,138.3177,800148
2018-08-14,138.4299,138.4395,137.2505,137.4883,137.4883,1613723
2018-08-15,136.3752,137.3252,134.2185,134.7807,134.7807,1383686
2018-08-16,134.6972,135.0564,131.3447,131.7284,131.7284,1339035
2018-08-17,131.7359,133.6857,131.3138,133.1454,133.1454,763447
2018-08-20,132.9702,133.5611,131.7819,132.3622,132.3622,977901
2018-08-21,132.7541,135.0275,131.8319,134.1382,134.1382,1097511
2018-08-22,134.1893,136.9711,133.9276,136.3274,136.3274,1439237
2018-08-23,136.0147,138.6683,134.397,138.6527,138.6527,616652
2018-08-24,138.8613,140.0999,137.3056,137.7777,137.7777,710613
2018-08-27,137.7461,137.9282,135.2538,135.68,135.68,997558
2018-08-28,135.9932,139.0049,134.8327,138.7561,138.7561,1647291
2018-08-29,138.1984,138.779,137.8439,138.7248,138.7248,766155
2018-08-30,137.7999,137.942,137.2079,137.7867,137.7867,1283946
2018-08-31,137.1896,138.3887,136.1131,138.2841,138.2841,969694
2018-09-03,137.0649,138.215,136.3944,138.1987,138.1987,1773604
2018-09-04,139.3019,140.104,137.6233,138.4798,138.4798,1055364
2018-09-05,137.5313,138.6881,137.0644,137.5663,137.5663,1289450
2018-09-06,138.2505,139.7264,137.3382,138.1225,138.1225,1062301
2018-09-07,138.149,138.9958,137.1412,138.6146,138.6146,2009922
2018-09-10,138.8873,141.4816,137.8211,140.5494,140.5494,856465
2018-09-11,140.6376,141.7346,139.4817,140.9182,140.9182,2035598
2018-09-12,140.6053,140.8894,139.9071,140.1124,140.1124,1501753
2018-09-13,140.6017,141.1923,139.4113,139.4887,139.4887,711501
2018-09-14,139.8205,140.7076,138.4331,138.6355,138.6355,2261768
2018-09-17,138.737,141.4683,138.2261,140.2444,140.2444,842394
2018-09-18,140.1597,140.3779,139.0019,139.2566,139.2566,1566768
2018-09-19,139.2594,140.5085,137.1511,140.3456,140.3456,1168516
2018-09-20,140.8966,141.9656,139.6978,141.1252,141.1252,995514
2018-09-21,140.5477,141.4616,139.8471,140.6134,140.6134,2269285
2018-09-24,140.2654,140.8943,139.2192,139.6666,139.6666,914649
2018-09-25,139.3153,142.3751,138.2216,141.2049,141.2049,856721
2018-09-26,141.034,141.055,137.6312,138.7311,138.7311,1030535
2018-09-27,139.542,141.1101,138.4665,140.443,140.443,802865
2018-09-28,139.7728,141.4035,139.1635,140.7978,140.7978,1701113
2018-10-01,141.206,141.7604,139.7742,141.3261,141.3261,908158
2018-10-02,141.7868,142.2443,141.3396,141.4036,141.4036,1039738
2018-10-03,141.2734,145.5922,140.0854,143.9651,143.9651,771479
2018-10-04,143.8698,146.946,143.029,146.8556,146.8556,676120
2018-10-05,147.0834,147.9404,146.9462,147.7773,147.7773,863240
2018-10-08,147.1788,147.787,146.5038,147.1712,147.1712,646784
2018-10-09,147.6711,148.3924,144.5854,145.0476,145.0476,1472290
2018-10-10,145.2297,145.5154,142.49,144.0975,144.0975,2251290
2018-10-11,143.4598,146.153,142.7858,145.5981,145.5981,851554
2018-10-12,145.9193,147.286,144.6771,147.0278,147.0278,1354036
2018-10-15,147.3023,147.9027,144.9455,145.5136,145.5136,640840
2018-10-16,144.9925,148.0219,144.8546,145.8519,145.8519,600761
2018-10-17,146.6424,148.3196,146.2865,147.406,147.406,631955
2018-10-18,147.1869,148.3395,144.9055,144.9927,144.9927,1927972
2018-10-19,145.6829,145.9849,140.6599,141.8074,141.8074,881266
2018-10-22,142.851,145.3054,142.6395,145.1377,145.1377,929192
2018-10-23,145.184,147.9605,144.5922,146.8628,146.8628,1047494
2018-10-24,147.7371,148.6615,146.9819,147.3474,147.3474,455135
2018-10-25,147.5816,148.5481,145.5247,146.5377,146.5377,2149807
2018-10-26,146.6707,146.9832,142.5511,144.577,144.577,909800
2018-10-29,143.6909,146.5223,143.5595,145.8658,145.8658,1249008
2018-10-30,145.4329,147.057,144.9239,146.6808,146.6808,1073187
2018-10-31,146.8352,148.1269,145.795,145.8167,145.8167,985746
2018-11-01,146.3957,147.4286,144.7953,145.2896,145.2896,1427471
2018-11-02,144.8368,149.6368,144.3124,148.2049,148.2049,1319505
2018-11-05,148.3013,152.6783,147.7875,152.3243,152.3243,531209
2018-11-06,152.5885,153.8132,150.9983,151.8367,151.8367,1689583
2018-11-07,150.8088,151.1843,148.6392,150.1722,150.1722,611710
2018-11-08,149.998,151.5803,146.9543,147.5867,147.5867,1266000
2018-11-09,147.8817,148.1638,147.7219,147.7341,147.7341,1171280
2018-11-12,147.7686,149.339,145.5058,145.8992,145.8992,1143653
2018-11-13,145.0158,145.6032,143.8195,144.4047,144.4047,1557260
2018-11-14,144.5342,147.3908,142.8562,146.6233,146.6233,1219741
2018-11-15,146.5386,147.2463,145.4318,147.0213,147.0213,539966
2018-11-16,147.4771,148.851,145.6415,145.8615,145.8615,846231
2018-11-19,146.1799,146.4902,143.5441,144.1288,144.1288,1753578
2018-11-20,144.1189,146.2701,142.8432,142.9294,142.9294,2002255
2018-11-21,143.3293,143.6481,141.3287,142.3196,142.3196,1846386
2018-11-22,142.5277,145.5795,141.8796,144.8267,144.8267,773215
2018-11-23,144.8402,146.8902,144.3231,145.922,145.922,2010633
2018-11-26,145.527,148.7044,144.7748,147.856,147.856,1679244
2018-11-27,147.516,147.9632,146.6652,147.4433,147.4433,1469718
2018-11-28,147.5781,147.9651,145.8011,147.6888,147.6888,1424465
2018-11-29,146.8344,149.5972,146.5971,149.0116,149.0116,950807
2018-11-30,149.5387,150.7441,146.8685,148.347,148.347,593230
2018-12-03,148.414,149.6021,147.4216,149.2047,149.2047,2020744
2018-12-04,149.2527,152.5296,148.1961,150.8916,150.8916,2255665
2018-12-05,151.0258,151.3789,149.8466,150.2967,150.2967,1466878
2018-12-06,149.9436,151.6021,149.5029,150.247,150.247,3315422
2018-12-07,150.0177,151.1161,149.08,150.219,150.219,806257
2018-12-10,151.6406,151.6664,150.0481,150.1705,150.1705,744748
2018-12-11,151.1154,152.1853,151.0904,151.893,151.893,971103
2018-12-12,152.2074,153.1249,148.4815,149.643,149.643,923362
2018-12-13,149.2275,150.3134,147.5883,148.5323,148.5323,1283107
2018-12-14,149.0793,153.2029,147.6082,152.7471,152.7471,897710
2018-12-17,152.5978,156.5731,152.1699,155.98,155.98,775933
2018-12-18,156.588,158.0586,153.1126,154.1897,154.1897,1614288
2018-12-19,154.1944,156.588,153.6669,155.5828,155.5828,1287165
2018-12-20,154.7501,158.2657,153.0226,157.5001,157.5001,1072109
2018-12-21,157.1586,157.5998,153.3188,154.6675,154.6675,1770494
2018-12-24,154.1364,154.6995,152.6139,152.7375,152.7375,611529
2018-12-26,152.1372,154.584,151.3431,153.282,153.282,1534102
2018-12-27,152.7075,153.4732,149.5567,150.22,150.22,1156463
2018-12-28,150.554,151.227,149.3873,150.6838,150.6838,968874
2018-12-31,151.0672,151.216,148.9163,149.1158,149.1158,2074008
2019-01-02,149.5944,151.1243,149.1281,151.0118,151.0118,1331520
2019-01-03,150.998,153.4736,150.207,150.7363,150.7363,1961137
2019-01-04,150.5599,150.7191,148.7702,149.6227,149.6227,936168
2019-01-07,149.7118,151.707,149.1243,150.1441,150.1441,699240
2019-01-08,150.0366,151.3939,149.5566,150.713,150.713,820307
2019-01-09,149.6437,150.0412,147.4496,148.1626,148.1626,1152926
2019-01-10,147.8036,153.2786,147.579,153.2368,153.2368,928626
2019-01-11,152.538,156.4605,152.3157,156.3214,156.3214,2366009
2019-01-14,154.9936,155.4414,153.227,153.389,153.389,1429887
2019-01-15,152.874,153.4607,150.6303,151.0825,151.0825,994130
2019-01-16,151.1219,151.1554,149.6852,150.143,150.143,1447278
2019-01-17,150.4261,154.3023,148.5301,153.9391,153.9391,768954
2019-01-18,154.6818,157.8935,153.6803,157.2271,157.2271,1144475
2019-01-21,156.6382,158.5006,156.2934,158.166,158.166,1670065
2019-01-22,159.0916,160.5005,158.195,160.4071,160.4071,869652
2019-01-23,159.9581,161.8326,159.069,161.3234,161.3234,1392186
2019-01-24,161.392,161.4211,159.3614,159.9511,159.9511,815340
2019-01-25,159.8286,160.6055,159.1038,160.4972,160.4972,1655568
2019-01-28,160.5253,161.165,159.5866,160.6312,160.6312,820976
2019-01-29,160.414,162.1915,160.2056,161.7545,161.7545,462224
2019-01-30,161.3733,161.8719,161.1919,161.538,161.538,1393946
2019-01-31,161.9359,162.9985,160.5182,161.4222,161.4222,2008014
2019-02-01,161.6307,161.779,160.7256,161.6803,161.6803,1412707
2019-02-04,161.183,163.3186,159.6979,162.344,162.344,1196765
2019-02-05,161.9818,164.6288,161.4769,164.136,164.136,1078389
2019-02-06,164.7217,165.8186,162.5035,162.5351,162.5351,1113667
2019-02-07,163.1844,165.4049,161.5415,164.6684,164.6684,785952
2019-02-08,165.3515,167.0635,161.8465,162.5275,162.5275,2228281
2019-02-11,162.4663,162.644,160.3736,160.4156,160.4156,943278
2019-02-12,161.4998,161.8928,160.3957,160.4704,160.4704,1424917
2019-02-13,160.5586,163.8928,160.062,162.926,162.926,1404232
2019-02-14,162.2321,165.3934,162.104,164.9471,164.9471,1192058
2019-02-15,165.2503,165.6594,164.5668,164.8418,164.8418,1892765
2019-02-18,165.4714,166.3496,164.9262,166.3378,166.3378,1054167
2019-02-19,165.7082,169.3429,164.3849,167.6031,167.6031,1602815
2019-02-20,168.1573,170.5544,166.7464,167.7709,167.7709,637448
2019-02-21,167.3952,172.0529,166.431,172.0484,172.0484,1387845
2019-02-22,172.0025,173.0262,170.9582,171.4147,171.4147,1372735
2019-02-25,170.9623,173.0242,170.269,170.8293,170.8293,1343825
2019-02-26,170.7443,171.481,168.6883,168.9207,168.9207,823380
2019-02-27,169.4917,171.8997,169.1867,170.8141,170.8141,892843
2019-02-28,170.7392,171.094,169.496,169.8441,169.8441,947270
2019-03-01,170.2959,171.2986,168.9648,169.5797,169.5797,2186292
2019-03-04,169.1949,169.6372,165.8382,167.2185,167.2185,1133261
2019-03-05,166.7695,167.023,165.0905,165.721,165.721,812713
2019-03-06,166.2613,167.1118,163.9368,163.9995,163.9995,1666282
2019-03-07,163.7559,164.3346,159.533,162.1099,162.1099,649645
2019-03-08,162.2954,163.2001,161.6,162.5356,162.5356,736008
2019-03-11,162.8939,163.3889,159.5138,159.9119,159.9119,841059
2019-03-12,160.6154,161.8968,157.2669,158.3995,158.3995,1899413
2019-03-13,157.4441,158.3204,156.4625,158.2602,158.2602,2352274
2019-03-14,158.1056,159.1629,158.0469,159.1068,159.1068,1867643
2019-03-15,159.1267,159.9457,154.3556,154.7424,154.7424,1354187
2019-03-18,154.9279,155.0474,152.3237,153.0144,153.0144,1015911
2019-03-19,153.3427,153.7217,150.3863,151.9692,151.9692,1201936
2019-03-20,152.4037,153.2765,151.5368,152.6031,152.6031,1278732
2019-03-21,152.365,154.8672,151.0332,153.9724,153.9724,683920
2019-03-22,153.9842,155.4772,153.59,154.5619,154.5619,1232804
2019-03-25,154.0449,154.7581,153.0691,153.9564,153.9564,1552041
2019-03-26,154.2749,156.2486,153.6395,155.3575,155.3575,1835625
2019-03-27,155.2119,158.484,154.7731,157.3572,157.3572,2019586
2019-03-28,157.1573,157.5187,153.6699,154.3223,154.3223,1214345
2019-03-29,153.7895,157.5693,151.4643,156.4462,156.4462,1904871
2019-04-01,156.8411,158.3243,156.7666,157.3011,157.3011,925626
2019-04-02,156.7292,158.3876,153.5868,155.7624,155.7624,1326182
2019-04-03,156.2935,156.7531,152.0734,153.2837,153.2837,2121017
2019-04-04,152.9599,154.0278,152.7823,152.7966,152.7966,763292
2019-04-05,152.42,153.19,146.9469,147.323,147.323,883796
2019-04-08,147.0669,147.8288,146.7759,147.4278,147.4278,1312285
2019-04-09,146.7891,146.9075,145.2252,145.2734,145.2734,1581984
2019-04-10,144.7872,145.3147,144.2388,145.0101,145.0101,1311514
2019-04-11,145.1728,146.7542,143.0188,143.5783,143.5783,4898779
2019-04-12,143.8494,143.8504,141.3743,141.6079,141.6079,1641812
2019-04-15,140.8164,142.7096,138.4861,138.5382,138.5382,900681
2019-04-16,138.1858,138.9455,136.7409,138.3814,138.3814,1142023
2019-04-17,138.6944,139.003,138.0956,138.4758,138.4758,1897785
2019-04-18,138.3812,139.1156,137.6782,137.8357,137.8357,1120090
2019-04-19,138.4966,140.2752,138.0373,139.9325,139.9325,894673
2019-04-22,140.0688,140.43,139.4173,140.0215,140.0215,538848
2019-04-23,140.2453,141.3083,139.8981,141.1017,141.1017,948213
2019-04-24,140.815,142.2186,139.8253,141.4679,141.4679,1207773
2019-04-25,141.5484,141.7119,140.1588,140.7381,140.7381,2338179
2019-04-26,141.0243,141.4413,139.6755,140.0102,140.0102,1226340
2019-04-29,140.8854,141.7354,138.983,139.7279,139.7279,1286436
2019-04-30,139.8665,140.5307,137.9418,139.2823,139.2823,835563
2019-05-01,139.6973,141.4604,139.0053,140.8721,140.8721,1035960
2019-05-02,141.2151,142.0811,139.6378,140.5119,140.5119,936292
2019-05-03,140.03,143.9879,139.0016,142.8314,142.8314,848406
2019-05-06,142.9773,145.6223,142.3507,145.2383,145.2383,1008554
2019-05-07,144.8561,145.3422,144.2467,144.9182,144.9182,1339793
2019-05-08,145.6955,147.7668,144.4364,147.6386,147.6386,900565
2019-05-09,148.1393,148.8212,147.0074,147.1779,147.1779,1350116
2019-05-10,146.5845,148.493,145.9799,148.3628,148.3628,1043984
2019-05-13,148.3823,149.0959,147.161,148.3802,148.3802,1031783
2019-05-14,147.7899,150.3947,147.6115,149.8049,149.8049,1450423
2019-05-15,149.2883,149.3278,147.746,149.3041,149.3041,1019674
2019-05-16,149.114,152.1548,148.5798,151.0014,151.0014,3150590
2019-05-17,150.5632,151.7712,149.3755,149.8022,149.8022,1087370
2019-05-20,149.677,150.6579,149.4316,150.6393,150.6393,2461155
2019-05-21,151.3321,152.4961,150.3278,150.5531,150.5531,1251906
2019-05-22,150.7425,152.5491,150.4494,152.0724,152.0724,1034511
2019-05-23,151.2719,151.516,150.6547,151.4689,151.4689,1225695
2019-05-24,151.2661,153.4969,149.6194,152.9631,152.9631,685099
2019-05-27,153.8552,155.2206,151.0604,151.481,151.481,608834
2019-05-28,151.1221,151.281,148.4918,150.0403,150.0403,828805
2019-05-29,150.3279,150.9516,149.1369,149.3838,149.3838,599238
2019-05-30,149.4698,149.8868,147.8623,148.6831,148.6831,1074078
2019-05-31,148.7181,150.3232,148.6507,148.9598,148.9598,711262
2019-06-03,149.1021,149.2042,148.0204,148.0485,148.0485,2703000
2019-06-04,147.1351,147.4889,144.9844,145.4828,145.4828,982284
2019-06-05,145.642,148.6527,145.0741,148.2878,148.2878,662720
2019-06-06,147.2629,151.1841,146.0259,150.4732,150.4732,2898957
2019-06-07,150.7855,151.1176,149.3988,150.0441,150.0441,983631
2019-06-10,150.8041,150.8201,147.7609,147.9967,147.9967,1360579
2019-06-11,147.2283,150.7754,146.1342,149.1404,149.1404,1193372
2019-06-12,149.5261,150.257,149.362,149.9625,149.9625,1403157
2019-06-13,150.4709,150.6707,145.8642,145.9867,145.9867,1142462
2019-06-14,145.9471,146.8778,144.6188,146.0247,146.0247,1694125
2019-06-17,146.7958,147.6366,145.5164,145.5932,145.5932,987338
2019-06-18,144.7303,145.1233,143.8822,144.1518,144.1518,934985
2019-06-19,143.9622,144.0745,142.5512,142.8632,142.8632,961029
2019-06-20,142.6576,147.7899,141.0681,146.3447,146.3447,1639305
2019-06-21,147.0127,147.898,145.5259,145.7942,145.7942,1389303
2019-06-24,146.7201,147.2343,143.9267,144.0159,144.0159,1501334
2019-06-25,144.4119,146.826,143.6575,146.091,146.091,1064391
2019-06-26,145.8778,146.2591,144.3435,144.6738,144.6738,2174314
2019-06-27,145.3585,147.1729,145.0015,147.165,147.165,1237020
2019-06-28,147.2112,147.3661,144.1547,145.1848,145.1848,696980
2019-07-01,145.0699,145.331,144.519,144.6888,144.6888,887393
2019-07-02,144.4264,144.4434,141.9852,142.3712,142.3712,1099695
2019-07-03,142.2043,144.4617,141.7853,144.3944,144.3944,901987
2019-07-05,144.4621,146.7489,143.809,146.5926,146.5926,1541036
2019-07-08,146.1102,149.1097,145.366,148.3807,148.3807,491427
2019-07-09,149.1566,149.8049,145.5725,146.9413,146.9413,795785
2019-07-10,145.6352,146.7281,145.4001,146.6857,146.6857,1301603
2019-07-11,146.3929,147.7842,142.8208,143.9966,143.9966,1413112
2019-07-12,144.5349,145.2107,143.6427,144.6584,144.6584,740803
2019-07-15,145.4416,145.7686,143.8123,144.1135,144.1135,2101396
2019-07-16,143.2217,143.3463,143.0645,143.1061,143.1061,1058753
2019-07-17,143.0942,143.1601,139.8028,139.9994,139.9994,1472971
2019-07-18,140.0451,140.4785,138.5316,139.1643,139.1643,2321586
2019-07-19,139.3736,140.7851,137.7858,140.4414,140.4414,1282114
2019-07-22,140.868,142.2041,140.6635,141.2061,141.2061,1067639
2019-07-23,141.2318,143.4011,141.095,143.3205,143.3205,1413115
2019-07-24,143.9326,144.0104,142.0885,143.1067,143.1067,1883784
2019-07-25,143.0999,144.8375,142.5976,143.579,143.579,1544139
2019-07-26,143.9038,144.3553,141.271,142.8018,142.8018,681255
2019-07-29,142.1787,143.2174,141.6332,142.7358,142.7358,1275199
2019-07-30,142.9118,145.1729,140.8086,144.1222,144.1222,1178672
2019-07-31,144.5085,144.759,143.8801,144.2278,144.2278,1134827
2019-08-01,144.04,144.1831,142.8128,143.0674,143.0674,987576
2019-08-02,142.4104,143.4957,142.1366,142.8336,142.8336,2406624
2019-08-05,142.992,145.8047,141.8646,143.7576,143.7576,778316
2019-08-06,144.22,145.0516,140.6076,140.9762,140.9762,1755400
2019-08-07,141.0878,141.4013,140.4902,141.0167,141.0167,1438958
2019-08-08,141.2207,142.4592,139.3094,140.2378,140.2378,1364787
2019-08-09,138.9234,140.1456,138.7392,139.8938,139.8938,1059966
2019-08-12,140.4828,141.4592,139.7042,140.6751,140.6751,1738212
2019-08-13,141.4353,141.9058,138.9123,139.5422,139.5422,1447640
2019-08-14,139.7291,142.1366,139.4252,141.0919,141.0919,960706
2019-08-15,140.8619,140.9867,140.1449,140.174,140.174,2349157
2019-08-16,140.1604,141.6905,139.3482,140.7533,140.7533,1056727
2019-08-19,140.9913,141.3244,140.6567,141.2881,141.2881,1747335
2019-08-20,141.122,142.1909,138.9678,139.3478,139.3478,1334619
2019-08-21,138.9538,139.6494,137.6943,139.3372,139.3372,1581966
2019-08-22,137.9449,140.5868,137.7672,139.9918,139.9918,1576912
2019-08-23,140.0428,141.3006,139.8722,140.1882,140.1882,1615430
2019-08-26,140.1639,141.3705,139.8295,141.3565,141.3565,656133
2019-08-27,141.2448,141.9335,140.217,140.4894,140.4894,897572
2019-08-28,139.3309,140.376,139.1725,140.2777,140.2777,1547205
2019-08-29,140.2107,142.6202,139.676,142.149,142.149,1762030
2019-08-30,143.157,144.1547,139.9117,140.7004,140.7004,732758
2019-09-02,140.9451,144.1094,140.0128,142.6244,142.6244,933689
2019-09-03,143.1805,143.2425,142.0272,142.5521,142.5521,1978316
2019-09-04,144.1554,144.3698,140.1194,141.1049,141.1049,1699464
2019-09-05,140.1424,141.3309,139.465,141.1893,141.1893,1098069
2019-09-06,141.8559,143.1969,141.3626,142.4928,142.4928,1912823
2019-09-09,143.542,144.4199,142.3095,143.3645,143.3645,1631351
2019-09-10,142.0778,146.8745,141.9117,146.8216,146.8216,485182
2019-09-11,147.0098,147.8308,146.6891,147.686,147.686,500813
2019-09-12,147.5463,148.1664,147.5286,147.5775,147.5775,1140204
2019-09-13,147.7845,153.3523,146.2589,152.6528,152.6528,723578
2019-09-16,153.0989,154.4421,151.9437,153.8866,153.8866,477899
2019-09-17,153.8854,154.4858,152.3389,153.1236,153.1236,1870351
2019-09-18,154.5583,155.5815,153.2254,154.1464,154.1464,995157
2019-09-19,154.3591,155.3343,153.8782,154.1492,154.1492,1043199
2019-09-20,154.2119,154.6796,152.9091,154.05,154.05,1285775
2019-09-23,152.5566,153.4948,151.4085,152.3565,152.3565,1086662
2019-09-24,153.0866,153.7169,148.0068,148.5319,148.5319,1118959
2019-09-25,148.5314,150.2149,147.3619,148.7592,148.7592,780213
2019-09-26,149.0419,149.1716,147.5682,147.9515,147.9515,1464803
2019-09-27,147.4074,148.2745,144.7953,146.7693,146.7693,1973155
2019-09-30,145.8138,145.9242,141.4156,142.5149,142.5149,1573454
2019-10-01,142.007,143.2659,141.8303,142.2032,142.2032,1438893
2019-10-02,141.7305,141.91,139.8637,140.9159,140.9159,1125952
2019-10-03,140.8347,140.9118,138.8183,139.2354,139.2354,2240600
2019-10-04,139.1417,139.3608,136.9338,137.4484,137.4484,1114830
2019-10-07,136.5045,139.1635,136.3397,139.0102,139.0102,740184
2019-10-08,138.7723,139.7214,138.2942,139.3899,139.3899,787283
2019-10-09,138.8039,140.3743,138.7081,140.0581,140.0581,1533417
2019-10-10,140.1827,140.207,136.9782,137.4082,137.4082,1461981
2019-10-11,137.3601,137.8341,135.867,136.3632,136.3632,1106770
2019-10-14,136.9825,137.4537,136.8149,137.012,137.012,1478283
2019-10-15,137.3461,137.5128,136.2807,136.5646,136.5646,2331590
2019-10-16,137.0658,137.3661,136.0569,137.0913,137.0913,1096746
2019-10-17,137.2612,137.4085,135.195,135.8026,135.8026,1004908
2019-10-18,135.372,137.1187,134.7263,136.3775,136.3775,1724781
2019-10-21,136.2364,139.567,135.4392,138.7815,138.7815,1060289
2019-10-22,138.2848,139.7769,138.1409,138.8936,138.8936,1146479
2019-10-23,138.4476,141.3906,138.1833,139.7961,139.7961,1108866
2019-10-24,139.7253,140.3307,135.9323,137.0183,137.0183,1120937
2019-10-25,136.441,136.5961,134.9829,136.2582,136.2582,859178
2019-10-28,136.6875,139.0452,136.4948,138.7819,138.7819,1792390
2019-10-29,139.0424,141.2423,138.1904,141.0265,141.0265,1050345
2019-10-30,141.0151,144.2793,140.7017,143.9714,143.9714,949832
2019-10-31,144.0312,148.946,143.4206,148.8474,148.8474,1012353
2019-11-01,148.3087,151.0921,148.25,150.2314,150.2314,772316
2019-11-04,149.4952,152.6981,148.9983,152.2971,152.2971,1252160
2019-11-05,152.4413,153.133,150.0798,150.4766,150.4766,1557602
2019-11-06,150.1354,153.0843,149.9088,152.3936,152.3936,1249686
2019-11-07,152.1976,152.4177,149.6337,151.0995,151.0995,733638
2019-11-08,150.3975,153.756,149.8537,151.8825,151.8825,881883
2019-11-11,152.0931,153.7905,151.8897,153.6189,153.6189,1303536
2019-11-12,153.2803,155.9237,152.34,155.6089,155.6089,1735883
2019-11-13,155.9862,156.2399,154.9357,155.3434,155.3434,1726393
2019-11-14,155.4943,156.4729,153.4432,156.023,156.023,1012961
2019-11-15,157.2653,157.4619,155.45,155.9076,155.9076,999941
2019-11-18,155.6607,156.1204,154.485,154.6677,154.6677,1827333
2019-11-19,154.3943,155.9904,152.131,155.2608,155.2608,1113491
2019-11-20,155.8185,155.9978,152.505,153.5511,153.5511,714441
2019-11-21,152.9598,153.5482,152.5859,153.3686,153.3686,1554673
2019-11-22,152.5001,159.4859,152.1192,158.4965,158.4965,964916
2019-11-25,157.8156,158.9131,157.6519,158.5646,158.5646,1113504
2019-11-26,158.1465,158.5519,156.6096,156.8593,156.8593,1634254
2019-11-27,156.7919,159.1581,155.4797,157.3168,157.3168,1346573
2019-11-28,157.8631,157.8865,155.0218,156.4386,156.4386,1036349
2019-11-29,156.3452,157.7809,155.3031,155.7836,155.7836,1358367
2019-12-02,155.9278,158.8966,155.2181,157.8704,157.8704,661034
2019-12-03,158.3182,158.5887,156.4815,156.9229,156.9229,578030
2019-12-04,156.4529,158.6043,156.1449,158.3749,158.3749,1195739
2019-12-05,158.8141,160.4521,157.8865,159.892,159.892,1211478
2019-12-06,160.4563,160.6671,160.0157,160.5344,160.5344,1216232
2019-12-09,160.6681,166.4682,160.5542,164.8679,164.8679,1404708
2019-12-10,165.866,166.2726,164.7412,165.3268,165.3268,707486
2019-12-11,165.2696,165.5644,163.6575,163.8978,163.8978,1290229
2019-12-12,163.3048,163.3832,161.0673,161.3757,161.3757,778186
2019-12-13,161.3573,162.9599,160.4361,161.9534,161.9534,1669728
2019-12-16,161.3396,162.8722,161.2773,162.7565,162.7565,2010360
2019-12-17,162.8977,162.945,160.7308,162.1812,162.1812,1389648
2019-12-18,162.4525,162.6537,161.1053,161.6987,161.6987,1169778
2019-12-19,160.4251,162.4874,159.1701,162.4758,162.4758,693179
2019-12-20,161.6124,165.5303,160.8374,164.3288,164.3288,1062867
2019-12-23,164.1364,167.07,163.6506,167.0562,167.0562,1342217
2019-12-24,166.1007,169.1327,165.5421,168.5947,168.5947,2362854
2019-12-26,168.4925,171.1413,168.1714,169.5324,169.5324,419619
2019-12-27,169.9428,170.6058,169.5602,169.7395,169.7395,1138119
2019-12-30,168.8395,170.1048,167.6301,168.6491,168.6491,2270180
2019-12-31,168.2351,172.3229,168.0156,171.9871,171.9871,2278424
2020-01-02,172.7041,173.574,169.2763,170.7036,170.7036,1738863
2020-01-03,170.2801,170.6121,168.582,169.1363,169.1363,630516
2020-01-06,168.7851,169.4133,167.6892,168.0751,168.0751,1540187
2020-01-07,167.1273,168.1387,165.4176,166.3715,166.3715,893097
2020-01-08,166.2196,168.4359,164.3245,168.1225,168.1225,2453416
2020-01-09,168.5694,169.6294,166.1849,166.4835,166.4835,1576643
2020-01-10,166.4807,167.4992,164.5135,166.5021,166.5021,1021157
2020-01-13,167.0711,168.0102,165.8717,166.56,166.56,2005381
2020-01-14,167.5417,168.6141,162.8192,163.6444,163.6444,554584
2020-01-15,164.1639,165.0223,158.5246,159.5096,159.5096,1390320
2020-01-16,159.3875,160.2468,156.4247,156.983,156.983,1598474
2020-01-17,157.2926,158.3757,153.4755,154.3423,154.3423,1046546
2020-01-20,153.9951,158.5772,153.1065,157.8663,157.8663,1270926
2020-01-21,158.4679,158.9139,155.1595,155.6995,155.6995,1550484
2020-01-22,155.5356,156.7615,153.882,154.0498,154.0498,2296183
2020-01-23,155.0395,155.3668,149.7298,150.9614,150.9614,1002305
2020-01-24,150.4906,150.6977,147.5558,148.2809,148.2809,721753
2020-01-27,148.0557,149.0751,147.5588,149.0384,149.0384,1049348
2020-01-28,149.5516,151.6109,148.1921,148.6236,148.6236,881281
2020-01-29,148.4985,150.085,147.7069,149.704,149.704,836337
2020-01-30,150.0388,150.672,148.3452,148.4911,148.4911,975174
2020-01-31,147.7736,147.9584,146.2881,146.7137,146.7137,1677785
2020-02-03,146.4245,146.4352,143.9075,144.5455,144.5455,384025
2020-02-04,144.4653,144.8866,142.8731,143.3192,143.3192,2016826
2020-02-05,144.3104,144.3681,140.5501,141.127,141.127,625432
2020-02-06,140.3481,142.4423,139.6174,141.2384,141.2384,818404
2020-02-07,140.1693,140.9578,137.9471,138.8207,138.8207,1641651
2020-02-10,138.5138,141.6605,137.876,141.2377,141.2377,1660495
2020-02-11,142.2027,143.4695,142.0143,142.537,142.537,3915188
2020-02-12,142.8907,144.2965,142.564,143.5502,143.5502,1214563
2020-02-13,142.9491,143.7935,142.0044,142.587,142.587,442394
2020-02-14,141.6178,144.0477,140.6726,143.363,143.363,1705129
2020-02-17,142.6922,146.2227,141.2379,146.1572,146.1572,2790699
2020-02-18,146.7715,148.2499,145.7067,147.9291,147.9291,1019187
2020-02-19,147.3175,147.3984,145.0417,145.5902,145.5902,975681
2020-02-20,144.2954,144.5364,143.0056,143.7123,143.7123,1393740
2020-02-21,143.3155,145.6321,143.2916,144.5127,144.5127,854319
2020-02-24,144.7216,147.5627,144.233,146.1894,146.1894,852048
2020-02-25,145.8343,146.3411,144.3393,145.2435,145.2435,470983
2020-02-26,146.2284,146.5885,145.1528,146.0828,146.0828,625700
2020-02-27,146.1718,147.0555,144.6894,145.627,145.627,1325293
2020-02-28,145.573,145.8121,142.0002,143.5706,143.5706,1928200
2020-03-02,143.5532,144.6561,143.4945,144.2351,144.2351,1088663
2020-03-03,143.6725,144.1217,143.2424,143.842,143.842,1095917
2020-03-04,144.6504,145.6407,144.5635,144.7894,144.7894,597085
2020-03-05,145.1835,146.4131,144.7246,145.2592,145.2592,2072831
2020-03-06,145.398,147.9232,145.2676,146.3223,146.3223,1815571
2020-03-09,146.8232,147.4129,145.2759,146.2503,146.2503,449894
2020-03-10,145.6937,147.2127,145.4658,146.9053,146.9053,1097403
2020-03-11,147.0919,148.3928,146.7181,147.5024,147.5024,921100
2020-03-12,147.6597,151.6208,145.7626,151.125,151.125,2159649
2020-03-13,150.5828,151.6091,149.112,151.005,151.005,749187
2020-03-16,151.0567,151.7621,149.6267,150.9025,150.9025,1171707
2020-03-17,150.4634,153.2137,150.1478,152.5447,152.5447,2534264
2020-03-18,152.6222,152.7944,149.6443,150.2378,150.2378,1888003
2020-03-19,150.6858,152.4557,150.2913,152.0639,152.0639,1118864
2020-03-20,151.4036,151.6929,150.3029,150.4175,150.4175,1415214
2020-03-23,150.5197,151.1296,147.6956,148.8414,148.8414,722521
2020-03-24,148.2653,149.388,146.855,148.2432,148.2432,1293076
2020-03-25,149.8389,149.9485,147.8378,148.6465,148.6465,1716142
2020-03-26,148.7041,150.8768,148.4841,149.4127,149.4127,669017
2020-03-27,149.0815,152.182,148.7704,151.6126,151.6126,1464285
2020-03-30,151.4657,154.8774,150.0716,154.2833,154.2833,748435
2020-03-31,154.8969,158.1897,153.6842,156.7129,156.7129,1490615
2020-04-01,156.7005,157.9808,153.5435,154.3957,154.3957,1256709
2020-04-02,154.4379,154.4438,154.1025,154.2898,154.2898,1163749
2020-04-03,153.9779,154.3475,153.4971,153.6734,153.6734,1075503
2020-04-06,152.5848,153.5522,152.2685,153.3263,153.3263,1055672
2020-04-07,153.0093,155.2981,151.5629,153.4621,153.4621,1671376
2020-04-08,153.3838,154.3523,151.0569,151.687,151.687,4071896
2020-04-09,150.7003,152.7796,149.8783,151.4246,151.4246,2750459
2020-04-10,151.9047,152.7576,146.6506,148.4162,148.4162,1049461
2020-04-13,148.8762,149.2969,147.8636,148.4526,148.4526,730006
2020-04-14,148.3575,152.175,147.7859,150.8939,150.8939,1527144
2020-04-15,151.4644,152.0627,150.8781,150.9569,150.9569,720727
2020-04-16,149.8087,151.8474,148.8329,151.5633,151.5633,853609
2020-04-17,152.0747,152.559,150.1354,150.2403,150.2403,1277746
2020-04-20,149.9299,151.4559,145.5826,146.5624,146.5624,841111
2020-04-21,147.7003,148.3287,145.7527,145.806,145.806,809956
2020-04-22,145.0506,145.0839,143.5852,144.918,144.918,953288
2020-04-23,145.0589,147.563,144.4606,147.4038,147.4038,1442441
2020-04-24,146.9233,147.0209,145.1608,145.4351,145.4351,1076473
2020-04-27,145.8403,148.1273,145.6075,146.9173,146.9173,612773
2020-04-28,147.1398,147.5739,146.3557,147.3015,147.3015,1520112
2020-04-29,147.0626,147.9376,146.757,147.2621,147.2621,1609718
2020-04-30,146.4933,149.4382,145.9224,149.1221,149.1221,1672764
2020-05-01,148.51,148.7829,147.5725,148.0084,148.0084,2057203
2020-05-04,147.4325,147.4822,146.5621,146.8535,146.8535,858220
2020-05-05,147.578,148.7687,146.8029,148.7606,148.7606,1224203
2020-05-06,149.7331,149.9104,148.0695,148.8515,148.8515,1519883
2020-05-07,149.2117,149.8937,148.6911,149.309,149.309,1445158
2020-05-08,149.1802,150.5399,147.8431,149.7307,149.7307,1146412
2020-05-11,149.9462,150.2895,147.0701,147.2953,147.2953,1182321
2020-05-12,147.8729,148.0975,147.3592,147.5651,147.5651,1004998
2020-05-13,147.2981,150.066,147.0485,149.5405,149.5405,1764509
2020-05-14,148.5177,152.773,148.2105,152.5189,152.5189,2282470
2020-05-15,152.8603,153.2436,152.2101,152.6461,152.6461,814715
2020-05-18,152.3605,154.4143,152.0331,154.3752,154.3752,1147087
2020-05-19,155.1773,155.4546,154.8026,155.1325,155.1325,2282753
2020-05-20,155.2086,155.8902,154.3671,155.3021,155.3021,649503
2020-05-21,154.5966,155.3374,153.6019,155.2372,155.2372,1478284
2020-05-22,156.0488,158.5371,155.5762,157.1994,157.1994,1772318
2020-05-25,156.9899,158.3321,155.8366,158.1621,158.1621,1145454
2020-05-26,159.062,161.0649,158.0264,159.2681,159.2681,975208
2020-05-27,159.3807,163.7517,158.3882,163.6431,163.6431,1403817
2020-05-28,163.7354,164.1905,157.8047,158.224,158.224,1602553
2020-05-29,158.2224,160.5556,156.0284,160.222,160.222,978501
2020-06-01,160.9499,161.7977,158.7232,158.8447,158.8447,886976
2020-06-02,158.4965,158.9158,155.8918,156.3773,156.3773,909814
2020-06-03,156.2721,156.4947,154.0171,154.207,154.207,966075
2020-06-04,153.8891,155.3792,151.7252,152.6774,152.6774,2660031
2020-06-05,152.559,154.8355,152.253,154.0254,154.0254,981642
2020-06-08,153.7896,158.4087,153.2898,157.4766,157.4766,1492675
2020-06-09,157.7653,159.1377,156.7992,158.5056,158.5056,1275632
2020-06-10,158.0882,158.1628,157.2607,158.0928,158.0928,1265227
2020-06-11,158.5171,161.4481,157.824,160.7386,160.7386,2168032
2020-06-12,160.779,163.4365,159.5293,162.8208,162.8208,1360667
2020-06-15,162.5506,166.0568,161.6072,165.953,165.953,1719792
2020-06-16,165.3809,166.6665,164.0531,165.86,165.86,865673
2020-06-17,166.3268,166.809,166.1305,166.2403,166.2403,1076042
2020-06-18,166.6186,169.5915,166.1928,168.4549,168.4549,860212
2020-06-19,168.6024,168.776,167.4428,167.4628,167.4628,1388740
2020-06-22,168.6117,168.7971,162.6267,164.3345,164.3345,1570375
2020-06-23,162.8279,163.5949,161.3872,163.0886,163.0886,1000862
2020-06-24,162.3585,165.2947,160.8825,164.2151,164.2151,1297583
2020-06-25,164.2852,166.6333,163.573,166.5218,166.5218,575295
2020-06-26,166.5327,168.0563,165.0959,167.9181,167.9181,949299
2020-06-29,168.4969,169.2074,167.0735,167.1677,167.1677,1592157
2020-06-30,168.2499,168.3625,166.1377,166.97,166.97,1194286
2020-07-01,166.6312,169.6856,166.4635,169.1753,169.1753,1491092
2020-07-02,168.737,169.4548,167.1396,168.9666,168.9666,613567
2020-07-03,169.873,170.6402,168.3135,170.089,170.089,981261
2020-07-06,169.4003,169.7942,168.4481,168.9121,168.9121,1281389
2020-07-07,168.5691,168.6213,167.094,168.0627,168.0627,1306096
2020-07-08,168.2536,171.21,167.4992,171.0686,171.0686,1640735
2020-07-09,170.1767,170.4039,167.3508,168.1169,168.1169,1398434
2020-07-10,168.4858,169.1469,166.7655,168.9144,168.9144,1611386
2020-07-13,169.8218,171.0247,167.3651,167.7985,167.7985,1216039
2020-07-14,167.2739,171.9477,167.1286,171.3401,171.3401,708363
2020-07-15,171.2606,171.5034,168.5238,169.6436,169.6436,1485797
2020-07-16,169.9059,172.1062,169.8322,171.3907,171.3907,1395307
2020-07-17,172.0414,172.4219,169.0046,170.5689,170.5689,1025613
2020-07-20,169.9281,174.9449,169.6294,174.6128,174.6128,1106101
2020-07-21,174.7867,176.8799,174.3392,174.588,174.588,746616
2020-07-22,174.2195,175.6707,172.8106,173.4745,173.4745,1673161
2020-07-23,173.8009,177.2507,172.4305,175.1915,175.1915,780322
2020-07-24,174.8477,175.6679,174.6193,175.3784,175.3784,734879
2020-07-27,175.0391,176.7955,173.5855,176.0354,176.0354,1113553
2020-07-28,176.3721,177.6199,176.2866,177.1416,177.1416,636560
2020-07-29,176.2567,182.9748,175.8435,180.5259,180.5259,1329591
2020-07-30,180.7535,180.8061,177.0349,177.5468,177.5468,1038163
2020-07-31,178.2792,178.8342,177.5138,177.5466,177.5466,1721005
2020-08-03,178.4984,179.4749,177.9676,179.1293,179.1293,878588
2020-08-04,178.478,182.5759,178.369,180.8903,180.8903,2487103
2020-08-05,180.715,183.7398,179.2183,182.6624,182.6624,933567
2020-08-06,183.1052,183.4564,181.0831,181.4171,181.4171,1016116
2020-08-07,180.6908,184.1334,178.4609,184.053,184.053,2276965
2020-08-10,183.5772,185.2787,182.7565,184.7245,184.7245,1573874
2020-08-11,184.5753,184.9763,182.1847,183.0214,183.0214,1626539
2020-08-12,182.6022,186.8592,181.2932,186.1995,186.1995,1277254
2020-08-13,187.2097,187.628,182.3718,184.3778,184.3778,893208
2020-08-14,184.6888,184.7974,184.2494,184.4554,184.4554,1564826
2020-08-17,184.5641,185.2545,183.89,185.2166,185.2166,1151394
2020-08-18,183.6215,187.4681,182.2928,186.9337,186.9337,2005761
2020-08-19,186.2764,190.532,184.3451,189.7313,189.7313,1272165
2020-08-20,189.048,190.2361,186.3524,186.4895,186.4895,744278
2020-08-21,186.0868,186.7178,185.1171,185.8562,185.8562,1020412
2020-08-24,185.9851,187.8598,184.8397,185.1194,185.1194,1636542
2020-08-25,186.2243,186.4543,185.096,185.7768,185.7768,1117151
2020-08-26,184.2565,184.9361,183.4368,184.6789,184.6789,776004
2020-08-27,185.4647,187.2622,185.4617,185.7442,185.7442,1541177
2020-08-28,185.283,188.1429,183.2341,188.0183,188.0183,345128
2020-08-31,188.163,190.4275,188.1296,188.2127,188.2127,1342412
2020-09-01,188.0713,189.3392,185.856,187.2183,187.2183,1054597
2020-09-02,187.7692,188.8561,186.6049,187.1982,187.1982,1174115
2020-09-03,187.2205,189.5168,185.5468,189.16,189.16,943734
2020-09-04,189.1149,190.9126,186.6052,187.9541,187.9541,734274
2020-09-07,186.8271,187.7855,185.2547,187.4025,187.4025,457897
2020-09-08,187.3001,189.1327,186.9171,188.0825,188.0825,2262364
2020-09-09,188.6787,191.9365,185.9191,189.6042,189.6042,742665
2020-09-10,190.0669,190.6355,188.813,189.7227,189.7227,1351076
2020-09-11,190.1383,191.1617,189.7896,190.5706,190.5706,931786
2020-09-14,191.3009,194.2531,190.2571,191.6208,191.6208,1013577
2020-09-15,191.7041,192.1978,190.0046,190.3243,190.3243,1085301
2020-09-16,190.6188,190.9995,187.7051,188.6691,188.6691,1264416
2020-09-17,187.7633,191.6194,186.6098,190.7168,190.7168,1947256
2020-09-18,190.9588,192.4183,188.6772,189.1898,189.1898,819295
2020-09-21,188.2039,192.8101,187.3696,191.473,191.473,1272794
2020-09-22,191.7898,193.4963,190.6529,191.98,191.98,744270
2020-09-23,192.0852,193.5525,187.945,189.6206,189.6206,964957
2020-09-24,189.1945,193.3483,189.0592,192.4066,192.4066,986400
2020-09-25,191.8723,193.5741,191.1125,192.8526,192.8526,407843
2020-09-28,192.7149,193.6884,189.5855,191.2826,191.2826,566917
2020-09-29,191.3452,194.5162,190.6499,192.7302,192.7302,878643
2020-09-30,192.926,194.5435,191.2418,194.3661,194.3661,1881260
2020-10-01,195.232,199.2605,194.9488,198.6059,198.6059,1103008
2020-10-02,197.7329,203.7444,196.0252,201.2544,201.2544,1769842
2020-10-05,201.539,202.9812,200.1603,202.3396,202.3396,1117002
2020-10-06,202.8794,206.4585,201.8124,202.3868,202.3868,1427248
2020-10-07,202.7726,204.0966,201.3045,203.0143,203.0143,631431
2020-10-08,202.8379,204.6828,202.1065,202.8495,202.8495,1322060
2020-10-09,202.1656,205.7554,201.2118,205.1665,205.1665,2299422
2020-10-12,205.5307,207.4169,204.3718,206.1264,206.1264,1802113
2020-10-13,206.1741,211.7802,205.3072,210.304,210.304,1434814
2020-10-14,211.3647,213.9343,204.7956,205.5129,205.5129,1350016
2020-10-15,205.9304,207.5823,203.1884,204.3207,204.3207,719020
2020-10-16,205.3469,206.5601,202.3037,204.1642,204.1642,1189856
2020-10-19,204.0191,206.7927,203.2178,205.0751,205.0751,2068421
2020-10-20,204.6644,205.1039,202.934,203.1281,203.1281,1486515
2020-10-21,203.4889,204.3232,202.1541,203.0265,203.0265,1482088
2020-10-22,201.9579,203.7737,201.212,202.7096,202.7096,1459739
2020-10-23,202.215,203.9317,199.9626,201.7751,201.7751,1069431
2020-10-26,200.6111,205.3521,200.0128,203.2051,203.2051,310142
2020-10-27,203.2689,203.2724,201.56,202.1822,202.1822,1369799
2020-10-28,202.1142,205.0871,201.5258,205.051,205.051,1398105
2020-10-29,206.432,207.6983,204.8895,205.1564,205.1564,1148761
2020-10-30,203.964,205.9717,201.7918,204.5267,204.5267,936475
2020-11-02,204.1782,205.5794,202.9614,205.0591,205.0591,1051468
2020-11-03,204.6958,207.6612,203.8631,207.4677,207.4677,1729832
2020-11-04,206.8865,212.1372,206.5331,210.1845,210.1845,1457459
2020-11-05,209.5247,213.9092,208.0468,211.8071,211.8071,2325477
2020-11-06,211.2431,213.9463,210.7493,211.8357,211.8357,575531
2020-11-09,211.5717,211.8839,209.1478,209.6923,209.6923,1155170
2020-11-10,210.4238,212.2725,208.879,209.5291,209.5291,1293939
2020-11-11,209.0464,214.4672,208.2335,211.2854,211.2854,666070
2020-11-12,211.1273,214.5997,210.831,213.625,213.625,838624
2020-11-13,212.8925,214.58,211.0768,211.6426,211.6426,1470836
2020-11-16,210.7644,215.0173,209.5495,213.9924,213.9924,1259128
2020-11-17,213.9739,214.8822,211.413,212.9016,212.9016,701241
2020-11-18,212.7709,215.1312,212.7059,214.988,214.988,664509
2020-11-19,214.2041,214.9945,211.3092,211.3734,211.3734,1221738
2020-11-20,211.2079,213.931,210.7978,213.7886,213.7886,999587
2020-11-23,214.6582,218.2715,210.5378,211.6079,211.6079,1363429
2020-11-24,210.6367,212.8289,208.7109,211.2514,211.2514,988739
2020-11-25,211.6207,213.8379,210.5166,212.0585,212.0585,752228
2020-11-26,211.609,212.8529,208.7368,209.4892,209.4892,1121826
2020-11-27,208.9181,210.031,208.1544,209.6467,209.6467,704316
2020-11-30,210.098,210.1757,207.342,208.1502,208.1502,2435946
2020-12-01,208.4149,209.7991,204.949,205.6597,205.6597,783094
2020-12-02,206.2375,209.4117,205.7875,208.5379,208.5379,1371935
2020-12-03,208.9809,209.3277,207.7129,208.6682,208.6682,1134218
2020-12-04,208.7783,210.84,207.4206,209.8808,209.8808,641312
2020-12-07,210.2091,212.8219,209.747,212.5442,212.5442,2164131
2020-12-08,212.5126,213.1155,210.1347,211.2181,211.2181,1358340
2020-12-09,211.1805,211.6635,210.0268,211.4636,211.4636,958480
2020-12-10,209.178,209.6386,207.9451,208.7227,208.7227,1398126
2020-12-11,209.4052,210.0128,205.6999,205.978,205.978,630959
2020-12-14,205.8778,212.3193,205.0924,211.2085,211.2085,1190829
2020-12-15,210.415,210.7621,209.0895,209.9845,209.9845,1177417
2020-12-16,210.0256,210.7276,207.2401,208.8736,208.8736,1517745
2020-12-17,209.1026,210.7004,207.7073,208.6233,208.6233,853780
2020-12-18,209.5202,210.0568,203.2023,206.2953,206.2953,1152288
2020-12-21,206.957,210.5494,205.7401,209.4673,209.4673,1422853
2020-12-22,210.2487,210.5887,207.0426,207.0502,207.0502,539661
2020-12-23,207.035,210.8348,205.9518,209.1368,209.1368,2209878
2020-12-24,208.9258,213.9222,208.448,212.4928,212.4928,780200
2020-12-28,212.5683,213.5484,209.4925,210.4789,210.4789,1299786
2020-12-29,211.3778,212.5886,210.0648,210.0942,210.0942,1380961
2020-12-30,209.9713,210.1976,206.5926,208.3658,208.3658,1793339
2020-12-31,210.1075,211.2256,208.4077,208.4833,208.4833,945498
2021-01-04,207.1182,209.3197,206.9165,207.4813,207.4813,839441
2021-01-05,207.988,209.2054,204.8724,206.3425,206.3425,1471858
2021-01-06,207.661,208.6287,205.4191,206.8295,206.8295,1627857
2021-01-07,207.0955,207.2826,206.5731,206.7972,206.7972,2343332
2021-01-08,205.064,205.3369,203.2855,204.0486,204.0486,1060720
2021-01-11,202.8756,206.2516,202.7926,205.1715,205.1715,883839
2021-01-12,203.6182,205.4377,201.7865,204.1239,204.1239,1119031
2021-01-13,205.9864,206.2563,201.2457,201.8401,201.8401,1727309
2021-01-14,200.5899,205.3872,200.2715,204.7269,204.7269,1622173
2021-01-15,205.8315,209.4711,205.4088,208.3996,208.3996,1312952
2021-01-18,208.496,210.8829,208.3783,210.7573,210.7573,831874
2021-01-19,211.7684,212.302,208.5824,209.1065,209.1065,1339550
2021-01-20,210.5409,211.2987,210.0853,210.5879,210.5879,1381573
2021-01-21,210.777,211.5369,208.9154,210.3965,210.3965,1387189
2021-01-22,210.7675,212.0892,209.6526,211.6351,211.6351,460097
2021-01-25,213.1502,217.0162,210.8441,216.8742,216.8742,785194
2021-01-26,217.0284,217.6542,214.4056,216.4855,216.4855,592651
2021-01-27,216.7911,217.8902,209.3436,209.7217,209.7217,730905
2021-01-28,208.2667,211.6749,207.9276,210.5811,210.5811,1513055
2021-01-29,211.8693,215.2856,209.0897,210.4226,210.4226,713826
2021-02-01,210.4717,210.9631,210.1915,210.5422,210.5422,1026316
2021-02-02,210.511,210.9255,207.4019,208.7226,208.7226,1220008
2021-02-03,209.8194,210.4146,203.4237,205.6676,205.6676,1038338
2021-02-04,205.0264,205.1268,203.1141,203.5738,203.5738,1973570
2021-02-05,204.2923,207.1247,204.0923,206.135,206.135,562640
2021-02-08,206.802,207.839,204.6897,204.9751,204.9751,1109892
2021-02-09,204.0277,205.1084,202.9441,203.3216,203.3216,502208
2021-02-10,203.6952,204.9831,198.1081,199.3695,199.3695,1528356
2021-02-11,199.4534,200.1881,196.6329,198.0209,198.0209,1438976
2021-02-12,197.7111,198.2171,196.9418,197.3762,197.3762,1214127
2021-02-15,197.2548,198.7488,196.1958,196.3517,196.3517,836897
2021-02-16,195.5361,196.9265,194.0055,195.2561,195.2561,1280876
2021-02-17,195.7325,197.3774,190.8687,191.5857,191.5857,1015414
2021-02-18,191.3394,195.8416,190.9303,195.549,195.549,1301975
2021-02-19,194.7752,201.0853,193.9378,200.9656,200.9656,1604624
2021-02-22,200.1767,204.6383,199.948,202.3106,202.3106,943772
2021-02-23,201.463,201.9476,200.7913,201.3588,201.3588,1818737
2021-02-24,201.4677,203.8259,201.2948,203.4297,203.4297,1324969
2021-02-25,203.953,204.969,201.4722,204.5147,204.5147,2192164
2021-02-26,203.9307,206.9587,203.0189,205.116,205.116,1478108
2021-03-01,206.0469,211.0585,205.5446,209.5563,209.5563,1607213
2021-03-02,208.7413,209.1201,207.507,208.8353,208.8353,667603
2021-03-03,208.3312,210.1601,207.2483,209.7679,209.7679,944206
2021-03-04,209.558,213.3558,209.4739,211.9832,211.9832,1062120
2021-03-05,213.0157,213.6692,208.9161,209.903,209.903,1226893
2021-03-08,209.4771,214.3262,209.3905,212.2749,212.2749,569726
2021-03-09,213.4094,214.1917,209.2743,209.7923,209.7923,1439470
2021-03-10,210.499,210.7489,206.5158,207.716,207.716,443530
2021-03-11,207.3835,207.7984,204.4687,204.884,204.884,1573352
2021-03-12,203.8817,208.4751,202.0276,207.56,207.56,1052814
2021-03-15,207.416,210.0176,206.7207,209.0621,209.0621,1211912
2021-03-16,210.5755,211.0769,209.5543,209.9787,209.9787,718626
2021-03-17,210.7913,212.2457,210.4984,211.0314,211.0314,1221489
2021-03-18,211.2185,216.6133,210.9101,216.5089,216.5089,1843005
2021-03-19,216.3777,216.5752,213.9873,214.9795,214.9795,1471479
2021-03-22,214.476,215.4096,211.057,212.0195,212.0195,1404275
2021-03-23,211.6239,213.4142,207.2329,208.5334,208.5334,996008
2021-03-24,208.8582,209.7283,208.5422,208.6004,208.6004,932192
2021-03-25,209.5742,209.671,205.355,205.9042,205.9042,1054576
2021-03-26,204.6615,205.4755,204.6412,204.7048,204.7048,499472
2021-03-29,205.1111,207.5724,202.0724,203.2708,203.2708,1220634
2021-03-30,203.7619,204.3814,198.7588,199.8507,199.8507,829027
2021-03-31,199.3775,202.4388,198.1872,201.6844,201.6844,1129882
2021-04-01,202.6282,202.9283,201.5119,201.8522,201.8522,566157
2021-04-02,201.8357,203.3913,200.7116,202.2931,202.2931,1875140
2021-04-05,202.7526,204.0773,201.0016,203.6574,203.6574,681987
2021-04-06,202.7462,203.9386,201.7676,201.9321,201.9321,892559
2021-04-07,202.2637,202.7027,200.6112,201.4105,201.4105,1602833
2021-04-08,201.0293,202.3693,196.4963,197.6664,197.6664,1077514
2021-04-09,198.1906,198.6698,195.4486,195.7287,195.7287,1229760
2021-04-12,195.5846,198.6097,195.2786,197.8904,197.8904,1932489
2021-04-13,196.7998,198.2222,194.3656,195.4875,195.4875,1014112
2021-04-14,195.6926,198.3604,195.1764,197.8455,197.8455,1012362
2021-04-15,198.2574,199.3968,197.5815,197.7196,197.7196,798655
2021-04-16,197.8152,200.0881,196.4787,197.3055,197.3055,867185
2021-04-19,197.0525,197.6547,196.8133,197.1913,197.1913,744685
2021-04-20,197.2763,200.2403,196.3985,199.3713,199.3713,977394
2021-04-21,199.6303,201.2658,199.5643,200.6705,200.6705,1754859
2021-04-22,201.2168,201.3999,200.442,200.7314,200.7314,1445792
2021-04-23,200.474,204.7704,199.2077,202.9498,202.9498,1659588
2021-04-26,202.3593,203.4214,202.3453,202.7049,202.7049,1132467
2021-04-27,202.3837,202.6316,199.6101,201.1779,201.1779,1198069
2021-04-28,201.7593,205.0308,201.7161,203.2489,203.2489,1037931
2021-04-29,202.8764,207.0935,202.5965,204.7319,204.7319,490209
2021-04-30,204.404,206.0277,203.6309,203.6562,203.6562,1945114
2021-05-03,204.37,208.0995,203.5932,207.7001,207.7001,1327669
2021-05-04,207.9809,209.366,203.3611,204.2981,204.2981,716697
2021-05-05,203.3763,204.0782,202.1712,202.3653,202.3653,2019847
2021-05-06,202.6923,203.2997,198.825,200.5339,200.5339,1428982
2021-05-07,200.1594,201.1821,195.7583,198.2217,198.2217,2263601
2021-05-10,197.7647,199.2418,196.0432,199.1625,199.1625,1715855
2021-05-11,198.3559,200.2263,197.3896,199.8231,199.8231,2459605
2021-05-12,200.197,201.2111,199.8821,200.5182,200.5182,1061341
2021-05-13,201.4835,202.9394,199.3623,202.583,202.583,553551
2021-05-14,203.1374,203.2749,201.9874,202.0938,202.0938,1119810
2021-05-17,202.2107,206.6549,202.1877,206.6314,206.6314,1347090
2021-05-18,207.2541,208.3347,206.554,206.759,206.759,2416147
2021-05-19,206.3319,207.1311,201.7692,202.9161,202.9161,920412
2021-05-20,204.0054,206.0155,203.1407,204.2652,204.2652,1497848
2021-05-21,203.6195,208.9351,203.2143,208.0068,208.0068,1918080
2021-05-24,208.4178,210.4704,205.8639,209.7478,209.7478,1617229
2021-05-25,209.2358,214.7932,208.8053,213.5618,213.5618,1561461
2021-05-26,214.2548,216.5079,213.425,216.1826,216.1826,3887079
2021-05-27,216.4904,218.2409,216.4432,217.1643,217.1643,1004142
2021-05-28,216.8024,217.5293,216.1256,216.2554,216.2554,706826
2021-05-31,216.3569,221.6144,214.8052,219.0664,219.0664,810605
2021-06-01,218.0178,219.8294,216.9983,219.7505,219.7505,1191040
2021-06-02,218.9928,219.7216,216.6257,218.0953,218.0953,870038
2021-06-03,216.126,216.9974,214.7774,216.1772,216.1772,1271714
2021-06-04,216.5897,216.908,214.5904,214.8895,214.8895,1259825
2021-06-07,214.9299,216.4653,211.4493,212.5847,212.5847,2008563
2021-06-08,213.2856,217.439,210.7889,215.0451,215.0451,2611256
2021-06-09,216.793,217.958,212.0276,214.2495,214.2495,798447
2021-06-10,214.7034,214.8188,211.2924,212.9096,212.9096,934201
2021-06-11,212.4702,217.053,211.6895,215.7406,215.7406,1131047
2021-06-14,213.6803,215.8847,212.7429,214.9215,214.9215,1465112
2021-06-15,213.0877,214.4403,212.9978,213.4127,213.4127,2001166
2021-06-16,214.1772,214.4489,211.8546,213.6701,213.6701,1264378
2021-06-17,214.5966,216.5646,211.7597,212.3327,212.3327,1815361
2021-06-18,212.2555,213.4507,208.4189,210.1351,210.1351,725627
2021-06-21,208.3516,211.952,208.2454,211.036,211.036,1115844
2021-06-22,212.3041,214.6243,211.4185,213.4433,213.4433,1046979
2021-06-23,213.9394,215.3398,212.4623,214.8656,214.8656,1209654
2021-06-24,213.5455,217.4235,210.8235,216.8378,216.8378,1585291
2021-06-25,216.8478,222.0281,216.3679,221.7739,221.7739,2692486
2021-06-28,220.629,221.7055,218.7032,218.8055,218.8055,802693
2021-06-29,217.3767,218.2533,216.634,217.0251,217.0251,828404
2021-06-30,218.21,220.9485,217.6367,220.2561,220.2561,1819627
2021-07-01,221.2277,223.5063,220.1925,223.3987,223.3987,819171
2021-07-02,222.4887,224.1514,221.827,223.8616,223.8616,794309
2021-07-05,223.5274,226.8731,222.6125,225.02,225.02,822811
2021-07-06,223.5833,224.7142,221.8009,222.5233,222.5233,738203
2021-07-07,223.9601,224.4409,220.735,222.8279,222.8279,1292932
2021-07-08,223.4055,224.8774,222.4411,224.6093,224.6093,1481944
2021-07-09,225.2064,226.3667,222.4587,223.7829,223.7829,1177096
2021-07-12,222.8642,230.6187,222.3709,229.0698,229.0698,1680387
2021-07-13,229.4611,231.6197,229.0709,229.0977,229.0977,793922
2021-07-14,229.0412,233.8954,227.4183,232.0908,232.0908,1851059
2021-07-15,232.9389,234.9678,230.0413,234.7915,234.7915,1409389
2021-07-16,234.725,236.093,232.297,232.7758,232.7758,2106367
2021-07-19,232.6722,235.8595,231.8016,234.2391,234.2391,1859291
2021-07-20,234.2281,236.2916,232.2807,234.9128,234.9128,726616
2021-07-21,236.3148,237.6262,235.724,235.9871,235.9871,1431101
2021-07-22,235.9028,238.8667,234.9546,237.9077,237.9077,1940450
2021-07-23,237.4902,241.939,237.0246,241.5185,241.5185,650214
2021-07-26,241.0369,242.3984,238.9714,239.1209,239.1209,1008825
2021-07-27,240.9497,243.5751,240.0528,242.1737,242.1737,1123698
2021-07-28,243.1233,246.6369,239.8092,241.0318,241.0318,1270068
2021-07-29,241.204,243.9265,239.2943,242.6066,242.6066,1706187
2021-07-30,241.6636,244.8546,241.2806,243.2495,243.2495,1740710
2021-08-02,244.6153,245.1007,237.993,239.0016,239.0016,618278
2021-08-03,238.4864,239.9449,237.6277,238.0392,238.0392,1355248
2021-08-04,238.252,238.5768,235.5868,236.3436,236.3436,1787291
2021-08-05,235.5615,236.5322,233.9276,235.9217,235.9217,1431259
2021-08-06,235.7086,237.6186,234.1423,234.4583,234.4583,1279116
2021-08-09,234.9149,236.7453,232.4465,236.4419,236.4419,658765
2021-08-10,235.3286,239.8559,234.2531,239.6385,239.6385,646115
2021-08-11,240.9813,242.2986,236.6715,238.4658,238.4658,1577754
2021-08-12,238.389,241.3113,238.3733,241.1243,241.1243,1265254
2021-08-13,240.3612,242.1118,238.1258,241.5084,241.5084,1385180
2021-08-16,241.5246,241.6483,239.9609,240.882,240.882,733357
2021-08-17,239.6306,243.3345,238.8829,241.3141,241.3141,1391590
2021-08-18,241.0525,241.1695,237.0775,237.9384,237.9384,986910
2021-08-19,238.3963,240.2608,236.6891,240.0387,240.0387,521091
2021-08-20,241.0217,243.791,240.5438,243.4296,243.4296,846387
2021-08-23,245.2679,246.2876,242.4177,242.8294,242.8294,2112410
2021-08-24,242.5733,245.7476,239.999,241.0334,241.0334,730348
2021-08-25,241.5637,244.1354,239.1705,240.3695,240.3695,1753122
2021-08-26,240.7962,241.2452,240.2816,240.7767,240.7767,897086
2021-08-27,240.3232,240.8705,236.8409,238.3478,238.3478,2377803
2021-08-30,239.9745,240.4092,233.607,235.2132,235.2132,1172888
2021-08-31,236.5535,239.3867,236.1804,238.9213,238.9213,816799
2021-09-01,238.2187,242.2079,238.1983,240.253,240.253,683349
2021-09-02,241.3876,242.186,231.8633,233.7356,233.7356,779369
2021-09-03,234.0637,235.698,233.923,234.9106,234.9106,1504297
2021-09-06,233.7159,234.3462,230.7201,231.3564,231.3564,1694896
2021-09-07,231.0379,236.1519,229.1278,233.5639,233.5639,1682039
2021-09-08,232.9853,234.8288,226.2248,227.8628,227.8628,2547814
2021-09-09,227.6359,228.1979,226.8781,227.0281,227.0281,2429138
2021-09-10,228.1811,229.9515,224.4629,225.5645,225.5645,803783
2021-09-13,225.8333,226.3258,219.7811,221.2302,221.2302,635456
2021-09-14,221.9968,226.1716,220.8438,225.5958,225.5958,2010832
2021-09-15,225.5047,226.6877,224.725,225.3379,225.3379,1709791
2021-09-16,225.5366,226.4099,224.877,225.3328,225.3328,952419
2021-09-17,224.6006,228.9545,224.2742,228.377,228.377,395546
2021-09-20,228.395,235.2579,226.8569,231.1025,231.1025,2878309
2021-09-21,231.4454,236.5112,231.3801,235.0099,235.0099,730036
2021-09-22,234.5767,236.5081,233.6313,235.5453,235.5453,973900
2021-09-23,235.8572,238.3246,230.9035,232.0431,232.0431,1222172
2021-09-24,232.0019,235.0581,231.8834,233.9161,233.9161,1038880
2021-09-27,234.0281,235.33,232.7103,233.4154,233.4154,2839935
2021-09-28,231.984,233.6225,230.0294,232.9626,232.9626,764432
2021-09-29,232.13,232.7093,228.4167,229.4243,229.4243,962582
2021-09-30,228.0517,230.1379,226.3025,228.8304,228.8304,1233057
2021-10-01,228.253,233.0937,226.8629,232.1458,232.1458,1182101
2021-10-04,231.9488,233.141,230.4395,231.0365,231.0365,1081802
2021-10-05,231.6809,232.7813,228.9598,229.4994,229.4994,1055498
2021-10-06,229.0605,229.0756,227.3561,227.5758,227.5758,913733
2021-10-07,227.8345,229.6971,225.7931,227.2786,227.2786,947472
2021-10-08,225.8691,227.1541,225.6361,225.946,225.946,485818
2021-10-11,224.7083,230.5479,223.6163,229.2739,229.2739,1163886
2021-10-12,229.78,235.3186,228.8193,233.1985,233.1985,1492403
2021-10-13,231.9478,238.4139,231.5568,237.968,237.968,1335694
2021-10-14,239.9732,240.0563,237.417,238.0791,238.0791,906230
2021-10-15,237.7369,239.9623,235.2198,236.1012,236.1012,551163
2021-10-18,237.9218,239.0343,232.8417,233.1824,233.1824,1305172
2021-10-19,233.8199,234.5811,229.3776,230.2628,230.2628,1264353
2021-10-20,231.3626,232.6057,228.258,229.1438,229.1438,800872
2021-10-21,230.592,231.1424,227.7163,228.5302,228.5302,760381
2021-10-22,229.0024,230.0485,228.3594,229.4563,229.4563,994202
2021-10-25,228.6022,230.9577,228.4052,229.7037,229.7037,628143
2021-10-26,232.0282,233.9354,229.4638,229.7672,229.7672,1075404
2021-10-27,231.0836,234.6247,229.5635,233.3618,233.3618,1136064
2021-10-28,233.8765,234.8884,232.2095,233.8847,233.8847,1239013
2021-10-29,232.9986,234.2138,232.5812,233.3102,233.3102,1265510
2021-11-01,234.0199,234.2432,232.2599,233.4226,233.4226,3088695
2021-11-02,231.7366,232.1668,231.2215,231.8115,231.8115,845817
2021-11-03,230.7967,234.2544,230.3926,233.3903,233.3903,1072824
2021-11-04,233.3156,235.8272,232.7916,235.4547,235.4547,1415796
2021-11-05,234.9888,237.9221,234.4795,237.2217,237.2217,1636817
2021-11-08,237.9014,241.1385,234.9455,236.8998,236.8998,1059570
2021-11-09,237.6854,237.6965,230.7514,231.515,231.515,1558153
2021-11-10,231.4793,231.9134,229.5777,230.0135,230.0135,895426
2021-11-11,229.9304,231.8536,226.5893,227.255,227.255,1999783
2021-11-12,227.6642,233.0521,227.5374,231.9435,231.9435,649704
2021-11-15,231.5058,232.9894,229.1168,232.3035,232.3035,1391030
2021-11-16,230.9085,231.5279,230.2351,230.6356,230.6356,1411643
2021-11-17,231.0137,232.289,230.633,231.7457,231.7457,1008784
2021-11-18,231.4678,231.6371,228.8814,229.3957,229.3957,1779956
2021-11-19,228.3295,230.9774,227.6802,230.2583,230.2583,978607
2021-11-22,230.1657,230.7841,227.0578,229.2181,229.2181,1038516
2021-11-23,227.9296,230.3929,227.0992,229.592,229.592,1041583
2021-11-24,230.2183,232.3061,228.3256,228.4985,228.4985,1804993
2021-11-25,227.6998,229.0656,226.0819,227.7017,227.7017,1276335
2021-11-26,229.4188,229.7573,226.0078,227.0192,227.0192,844033
2021-11-29,226.9667,228.3657,225.5426,227.7999,227.7999,1303340
2021-11-30,228.3698,230.7524,223.7113,225.2022,225.2022,1672080
2021-12-01,224.0135,226.9922,223.8442,226.6239,226.6239,1507354
2021-12-02,226.3458,227.1926,221.3113,222.5576,222.5576,1051403
2021-12-03,224.6011,224.9807,219.7625,221.5646,221.5646,728666
2021-12-06,221.6854,223.3373,215.4843,217.3483,217.3483,1514578
2021-12-07,216.795,219.7725,212.9365,213.4794,213.4794,1603598
2021-12-08,213.1196,215.3252,211.5394,214.3492,214.3492,1713188
2021-12-09,214.3073,218.461,214.1376,217.8714,217.8714,611690
2021-12-10,218.4305,218.8892,216.9902,217.1459,217.1459,1292963
2021-12-13,218.1558,220.023,213.4148,216.0709,216.0709,810488
2021-12-14,216.6622,220.1778,216.4647,217.9135,217.9135,1020076
2021-12-15,217.7946,218.5031,214.6606,216.0137,216.0137,1323002
2021-12-16,214.8083,216.0523,213.5083,215.7542,215.7542,1161567
2021-12-17,215.9751,219.006,215.4666,218.4315,218.4315,1191004
2021-12-20,219.7302,220.3144,217.943,217.9992,217.9992,712188
2021-12-21,218.8748,220.6405,214.7177,216.2041,216.2041,356650
2021-12-22,216.7986,218.1899,212.5749,215.3227,215.3227,1710034
2021-12-23,215.7039,218.5282,212.3154,218.1616,218.1616,2096607
2021-12-24,218.3436,219.2302,217.9254,218.237,218.237,1283476
2021-12-27,217.3638,219.6764,212.6475,213.4347,213.4347,473327
2021-12-28,213.5283,216.8101,213.2188,215.9551,215.9551,967156
2021-12-29,217.1939,217.5009,215.9199,216.355,216.355,1479136
2021-12-30,216.6059,219.1776,216.5755,217.0372,217.0372,1048025
2021-12-31,216.6943,223.5095,216.5004,222.5485,222.5485,2377420
2022-01-03,221.3431,222.8774,220.3015,222.1866,222.1866,1571114
2022-01-04,223.7173,225.3102,223.4822,223.8008,223.8008,1277194
2022-01-05,223.3852,226.7486,222.2238,226.2402,226.2402,1342219
2022-01-06,226.2469,227.5818,225.6027,227.4294,227.4294,502881
2022-01-07,226.1133,230.9399,226.0004,230.8808,230.8808,1857963
2022-01-10,231.0039,231.8535,230.2601,230.6496,230.6496,969340
2022-01-11,230.2702,230.5589,228.9277,230.3285,230.3285,1970223
2022-01-12,231.2065,231.8818,228.1762,229.2663,229.2663,1473748
2022-01-13,228.7522,231.2475,227.6996,229.8211,229.8211,810479
2022-01-14,230.6774,233.8399,229.6086,233.2443,233.2443,623348
2022-01-17,232.2781,235.4128,231.944,233.4881,233.4881,1369775
2022-01-18,234.3677,237.3207,233.5222,234.705,234.705,1033684
2022-01-19,233.6748,233.7021,229.9769,231.93,231.93,2111647
2022-01-20,231.5883,236.0643,229.4996,234.5712,234.5712,881139
2022-01-21,234.5397,236.1202,233.1626,235.6105,235.6105,1895129
2022-01-24,235.0617,239.7266,235.057,239.2205,239.2205,687283
2022-01-25,239.4017,243.1108,238.7466,242.5076,242.5076,1824418
2022-01-26,242.2992,246.2772,241.1596,245.0493,245.0493,574547
2022-01-27,245.0665,248.4073,242.5498,247.1987,247.1987,1203112
2022-01-28,248.3832,248.6203,245.5618,246.1686,246.1686,1647000
2022-01-31,246.026,249.8506,241.94,243.4829,243.4829,2062687
2022-02-01,243.6686,245.0095,241.918,244.0329,244.0329,1370180
2022-02-02,246.0367,246.3017,243.4293,243.4828,243.4828,1016508
2022-02-03,244.4998,252.4949,243.0854,250.4217,250.4217,670627
2022-02-04,251.3746,254.8312,249.1024,253.9322,253.9322,1510134
2022-02-07,253.9667,256.7135,251.7706,255.2661,255.2661,1220133
2022-02-08,254.8951,256.295,254.818,256.2555,256.2555,2118919
2022-02-09,254.5806,260.6669,252.5709,257.0305,257.0305,1501922
2022-02-10,257.7991,258.2979,255.9321,255.9679,255.9679,1142545
2022-02-11,255.9502,259.9038,254.3217,259.3892,259.3892,1585432
2022-02-14,260.2021,261.0795,252.6802,255.4896,255.4896,507622
2022-02-15,254.271,256.8195,253.2836,255.2972,255.2972,1037493
2022-02-16,255.7454,259.921,253.8132,259.6903,259.6903,581912
2022-02-17,258.5145,261.8842,256.6993,261.6219,261.6219,1089463
2022-02-18,263.1643,267.4598,260.6802,265.1767,265.1767,885736
2022-02-21,265.1568,265.7428,262.5531,264.2679,264.2679,1047299
2022-02-22,263.6227,265.8108,259.4535,260.7362,260.7362,688801
2022-02-23,260.877,261.3916,260.8712,261.2326,261.2326,920093
2022-02-24,261.2973,261.4606,260.2251,261.3932,261.3932,978722
2022-02-25,262.0473,264.7739,259.5547,259.8817,259.8817,1660127
2022-02-28,259.894,263.3707,258.9699,262.0782,262.0782,1204605
2022-03-01,262.6447,265.6632,261.1826,264.0628,264.0628,1516830
2022-03-02,264.3165,267.0739,263.0997,263.3794,263.3794,852161
2022-03-03,265.2017,266.4159,262.6994,265.2561,265.2561,337022
2022-03-04,266.5245,267.0198,264.1782,265.121,265.121,1098874
2022-03-07,264.5269,266.5401,263.6413,265.7656,265.7656,1567870
2022-03-08,265.4705,265.4859,259.286,260.2681,260.2681,1237568
2022-03-09,260.8054,261.9846,259.8368,260.4555,260.4555,2600517
2022-03-10,260.8072,263.7691,259.8484,262.2824,262.2824,1347163
2022-03-11,263.0833,266.8908,261.1566,266.7723,266.7723,1240268
2022-03-14,266.4475,271.3114,265.5996,269.6736,269.6736,1795795
2022-03-15,268.2942,272.7086,267.3024,268.908,268.908,1510107
2022-03-16,268.4653,268.7682,263.6021,266.1372,266.1372,622058
2022-03-17,266.2063,266.8387,260.9385,263.1782,263.1782,1590574
2022-03-18,262.1918,263.6529,261.0687,261.6413,261.6413,1087707
2022-03-21,261.8619,262.1051,257.6556,258.281,258.281,1188486
2022-03-22,259.1854,260.8166,257.8159,259.8434,259.8434,1243936
2022-03-23,259.98,263.8487,258.5983,260.3159,260.3159,954060
2022-03-24,261.741,264.3052,258.3263,258.4342,258.4342,873702
2022-03-25,258.9864,260.483,255.959,256.2833,256.2833,4970269
2022-03-28,255.3007,255.8988,252.9047,254.016,254.016,1272398
2022-03-29,254.6421,259.8058,253.2097,258.3749,258.3749,1062082
2022-03-30,257.9591,260.2857,256.3341,260.069,260.069,454429
2022-03-31,260.5176,263.2937,258.3032,262.8229,262.8229,1510385
2022-04-01,262.245,265.6756,260.7464,265.0293,265.0293,2011564
2022-04-04,265.584,266.0508,265.0433,265.0536,265.0536,1741314
2022-04-05,265.9567,267.8021,265.8196,267.114,267.114,1643633
2022-04-06,265.8788,267.7617,262.193,262.7487,262.7487,888407
2022-04-07,263.6242,266.5275,262.8258,265.1213,265.1213,1174140
2022-04-08,263.9383,265.5035,261.3755,264.5061,264.5061,1046561
2022-04-11,266.1053,266.7664,263.9656,264.4122,264.4122,1369629
2022-04-12,263.7292,268.2504,262.7501,266.9677,266.9677,1272275
2022-04-13,267.6971,268.2319,267.6754,268.0065,268.0065,1308212
2022-04-14,266.9751,269.0597,266.5036,268.1242,268.1242,1681732
2022-04-15,268.2475,270.7367,267.5739,269.4316,269.4316,1986660
2022-04-18,269.1764,271.2127,268.9933,269.3771,269.3771,623695
2022-04-19,269.6695,270.7704,265.0358,267.0062,267.0062,792534
2022-04-20,265.0587,267.9172,261.5472,262.1093,262.1093,1691588
2022-04-21,262.0741,266.8927,261.3936,266.1412,266.1412,626309
2022-04-22,264.7857,264.9896,262.1542,262.1673,262.1673,1866623
2022-04-25,264.0895,266.0614,260.1111,261.7562,261.7562,2239874
2022-04-26,261.6905,263.2467,260.3856,261.618,261.618,1767736
2022-04-27,262.0647,263.606,261.5834,263.2689,263.2689,838910
2022-04-28,262.106,266.754,259.1983,264.4225,264.4225,1293681
2022-04-29,263.6601,264.7095,258.2144,259.3343,259.3343,1350672
2022-05-02,258.9216,261.1401,256.8885,257.2611,257.2611,616231
2022-05-03,258.4343,259.1196,254.4419,255.868,255.868,1362976
2022-05-04,256.9879,257.9719,255.6409,255.844,255.844,1729737
2022-05-05,256.4095,257.9869,252.0436,254.6241,254.6241,1793761
2022-05-06,255.1948,261.086,254.7666,258.3212,258.3212,1447436
2022-05-09,258.8377,259.5633,253.3088,254.4357,254.4357,2227627
2022-05-10,254.2132,254.4342,252.366,253.4164,253.4164,2325305
2022-05-11,252.719,254.3652,247.3842,247.7039,247.7039,908793
2022-05-12,247.2976,252.0159,247.2804,250.7276,250.7276,693213
2022-05-13,250.6671,252.7638,246.6961,247.7173,247.7173,1692298
2022-05-16,246.8421,248.2929,245.6447,245.9755,245.9755,2144103
2022-05-17,246.1029,248.8302,245.1457,247.4196,247.4196,548674
2022-05-18,246.5926,253.958,244.6449,252.4183,252.4183,709643
2022-05-19,251.6324,255.1878,249.4533,253.4602,253.4602,611494
2022-05-20,253.0923,257.7711,252.6316,257.296,257.296,1281708
2022-05-23,257.7629,258.1877,256.5096,256.6074,256.6074,1629664
2022-05-24,255.7011,263.3008,254.4054,260.7297,260.7297,1907998
2022-05-25,260.7494,261.0011,258.8123,259.6568,259.6568,2071911
2022-05-26,260.9008,261.2989,256.2978,257.8222,257.8222,921991
2022-05-27,257.158,258.3681,255.7962,257.4767,257.4767,1350741
2022-05-30,259.973,260.2371,254.1522,256.5642,256.5642,1039364
2022-05-31,256.7282,256.8035,250.6253,251.0524,251.0524,1737846
2022-06-01,251.2032,252.0734,247.0082,247.1263,247.1263,1402833
2022-06-02,248.7725,250.2614,244.6105,245.2811,245.2811,1597395
2022-06-03,246.0403,247.2875,242.6664,242.8399,242.8399,2699224
2022-06-06,244.3071,246.321,241.9305,245.8183,245.8183,1563507
2022-06-07,245.1083,246.6556,243.6531,245.8019,245.8019,903634
2022-06-08,246.0776,247.5389,243.7573,245.2026,245.2026,1184319
2022-06-09,244.9681,247.3412,243.3697,246.0492,246.0492,1260896
2022-06-10,246.6891,247.2843,244.9583,246.0422,246.0422,1878669
2022-06-13,246.0038,246.3414,244.4681,244.8781,244.8781,1233574
2022-06-14,244.0268,245.6878,240.9611,245.1762,245.1762,1053257
2022-06-15,244.4831,246.4099,240.6314,242.7245,242.7245,2069277
2022-06-16,242.4352,244.9703,240.9251,242.2325,242.2325,1007360
2022-06-17,242.1349,244.383,241.7786,244.0669,244.0669,1412219
2022-06-20,245.3298,249.1575,244.8354,246.6692,246.6692,1670515
2022-06-21,245.2061,250.3963,243.7525,248.9939,248.9939,861517
2022-06-22,250.6014,250.8258,245.5289,246.6312,246.6312,768790
2022-06-23,247.6637,253.546,246.6161,252.6766,252.6766,2025649
2022-06-24,251.9474,255.3173,249.8854,250.7428,250.7428,871527
2022-06-27,250.8109,251.8053,248.0431,249.3395,249.3395,1725287
2022-06-28,250.1149,257.3855,247.9422,255.4902,255.4902,865997
2022-06-29,256.2343,257.5814,250.8995,251.4697,251.4697,1045721
2022-06-30,253.7082,253.9805,249.5775,250.2607,250.2607,1266004
2022-07-01,250.0044,250.8039,248.8321,250.221,250.221,1828315
2022-07-05,250.5489,251.6435,247.9035,248.1346,248.1346,1465709
2022-07-06,247.4052,249.319,246.9372,247.645,247.645,1851337
2022-07-07,247.8109,248.3955,246.2088,246.7042,246.7042,922015
2022-07-08,246.0014,246.8289,244.9659,245.5043,245.5043,971375
2022-07-11,246.578,249.0495,246.09,248.1347,248.1347,2318737
2022-07-12,248.6741,249.4908,243.6802,244.8897,244.8897,773786
2022-07-13,244.6012,247.8341,244.1578,247.4579,247.4579,1046908
2022-07-14,247.4018,247.5799,244.8096,245.4956,245.4956,1562147
2022-07-15,244.8691,254.6951,242.5672,252.3467,252.3467,2344530
2022-07-18,251.6702,252.362,249.9329,250.2845,250.2845,1258583
2022-07-19,251.5704,256.981,250.2913,254.43,254.43,861070
2022-07-20,256.1635,256.6819,251.6995,253.6482,253.6482,1271712
2022-07-21,254.1658,259.1685,253.794,256.5902,256.5902,936531
2022-07-22,258.1828,258.408,252.9859,254.9615,254.9615,1597728
2022-07-25,255.6497,258.8004,255.1383,257.487,257.487,1286660
2022-07-26,257.4775,258.8596,255.5009,256.7485,256.7485,1038602
2022-07-27,258.7725,260.1529,257.6051,259.4003,259.4003,1408669
2022-07-28,259.6355,259.8106,258.7881,259.7324,259.7324,1258434
2022-07-29,259.8104,262.6657,258.1923,261.5375,261.5375,1221249
2022-08-01,261.248,265.1487,260.9202,264.8809,264.8809,1865068
2022-08-02,265.8509,267.5683,264.7281,265.6042,265.6042,630214
2022-08-03,266.9264,269.4994,265.3675,267.7815,267.7815,1864845
2022-08-04,266.8799,269.0356,264.9864,266.6789,266.6789,1890302
2022-08-05,268.8088,272.3575,265.624,266.322,266.322,644641
2022-08-08,264.6367,265.1521,262.5021,264.0159,264.0159,845890
2022-08-09,263.0205,263.2785,261.8262,262.0874,262.0874,644471
2022-08-10,263.1476,269.3503,261.5734,266.7698,266.7698,967151
2022-08-11,265.2984,268.653,264.2496,266.9807,266.9807,2440862
2022-08-12,266.9228,268.3924,263.1042,263.4571,263.4571,1392693
2022-08-15,261.3819,261.5076,259.417,261.2105,261.2105,1075767
2022-08-16,261.8641,266.4515,259.8883,264.325,264.325,505668
2022-08-17,263.2874,266.1933,262.5637,265.6025,265.6025,953324
2022-08-18,264.5509,266.1874,261.7839,265.2442,265.2442,1058323
2022-08-19,266.3461,266.7234,264.5704,265.9041,265.9041,1497970
2022-08-22,266.0901,274.037,264.3039,273.5891,273.5891,825229
2022-08-23,275.1945,277.5286,275.1466,277.0849,277.0849,872787
2022-08-24,277.8576,279.763,276.9226,278.392,278.392,763047
2022-08-25,279.1968,281.735,278.6665,281.3358,281.3358,1262023
2022-08-26,279.9097,283.088,278.776,281.3059,281.3059,920734
2022-08-29,279.5039,281.2818,278.8924,279.8052,279.8052,909110
2022-08-30,278.8612,282.7705,276.2532,282.6742,282.6742,806022
2022-08-31,283.5045,285.7746,279.8662,280.3018,280.3018,857163
2022-09-01,277.8791,288.2843,275.0811,285.6915,285.6915,1490147
2022-09-02,285.5672,286.8635,284.5295,285.8109,285.8109,701369
2022-09-05,287.224,291.3152,282.8355,283.0154,283.0154,1598229
2022-09-06,281.9226,290.7098,281.1693,288.9254,288.9254,861508
2022-09-07,289.613,290.6765,288.507,289.4335,289.4335,1849311
2022-09-08,289.0319,291.2749,287.4812,290.1857,290.1857,1354652
2022-09-09,289.1614,289.5951,287.0881,289.2198,289.2198,844822
2022-09-12,289.0296,290.6938,287.5589,289.3427,289.3427,1497933
2022-09-13,289.5168,289.5199,285.282,285.894,285.894,1214047
2022-09-14,285.4618,285.7716,282.8602,283.9512,283.9512,1840789
2022-09-15,282.7902,288.0452,280.8276,287.8071,287.8071,1330740
2022-09-16,287.6608,288.2857,283.1337,284.2689,284.2689,2533507
2022-09-19,285.1184,290.6349,284.2322,289.6193,289.6193,3394537
2022-09-20,289.3452,291.261,288.3176,290.634,290.634,2329018
2022-09-21,291.1257,292.8189,279.3486,284.0957,284.0957,2514520
2022-09-22,282.5505,285.2547,281.479,283.7691,283.7691,1210864
2022-09-23,285.7719,287.1516,281.4799,283.4643,283.4643,1566095
2022-09-26,282.7811,284.4636,279.3884,279.465,279.465,1173854
2022-09-27,281.3744,284.0874,278.8346,279.397,279.397,1024656
2022-09-28,279.0056,283.5227,278.3323,283.2057,283.2057,1399205
2022-09-29,282.3247,283.2628,282.2206,282.6538,282.6538,1438934
2022-09-30,283.1114,284.2737,279.6319,281.8979,281.8979,1264303
2022-10-03,283.0694,283.5387,282.1729,282.2154,282.2154,1155745
2022-10-04,281.8662,283.5925,279.1077,283.5801,283.5801,912055
2022-10-05,283.5085,291.3276,280.7369,288.0454,288.0454,959875
2022-10-06,289.4511,291.2499,284.6989,286.3203,286.3203,1638984
2022-10-07,285.915,289.5798,284.3192,287.3159,287.3159,2148583
2022-10-10,287.7764,291.0398,285.6254,290.7822,290.7822,1055990
2022-10-11,290.447,291.451,285.9685,286.7851,286.7851,995052
2022-10-12,288.114,292.3347,287.7159,291.6068,291.6068,442060
2022-10-13,289.3727,299.0072,289.3091,297.616,297.616,809012
2022-10-14,297.6131,297.6554,295.3116,297.1608,297.1608,1393703
2022-10-17,297.8426,300.0886,297.3906,299.3812,299.3812,1394325
2022-10-18,298.9719,304.0112,297.7923,300.08,300.08,547488
2022-10-19,301.3739,303.7548,300.3113,303.188,303.188,1178321
2022-10-20,302.053,307.4286,299.8941,306.5779,306.5779,1785520
2022-10-21,305.873,305.9439,301.3502,303.4086,303.4086,877358
2022-10-24,303.5163,306.9522,303.0762,303.6051,303.6051,1454792
2022-10-25,303.5284,305.1559,298.4689,299.3432,299.3432,1227751
2022-10-26,298.4455,302.9226,296.0242,302.3883,302.3883,845490
2022-10-27,303.3434,304.7349,301.2244,301.3014,301.3014,895708
2022-10-28,301.0041,306.0651,297.9711,303.167,303.167,598529
2022-10-31,302.2458,306.1284,299.8729,304.2601,304.2601,1099961
2022-11-01,304.6661,307.6052,296.8994,299.162,299.162,1501193
2022-11-02,299.2565,299.7148,297.5895,299.0178,299.0178,787952
2022-11-03,300.1931,303.4544,299.5337,302.3924,302.3924,1453987
2022-11-04,302.7086,308.9502,299.2929,308.8606,308.8606,992322
2022-11-07,308.2592,310.767,307.7449,308.3528,308.3528,1245467
2022-11-08,309.5133,310.4586,307.6231,307.7378,307.7378,1287592
2022-11-09,307.4015,314.5314,304.803,313.4354,313.4354,900163
2022-11-10,313.791,318.8102,313.2469,317.8245,317.8245,1588391
2022-11-11,317.6994,321.08,316.3766,319.985,319.985,1517561
2022-11-14,318.5581,321.6608,317.0439,321.1812,321.1812,1640815
2022-11-15,320.4,321.7363,319.2056,321.5133,321.5133,2705737
2022-11-16,323.0805,326.804,322.6002,324.8603,324.8603,592480
2022-11-17,323.0875,324.1034,322.59,323.9318,323.9318,1647344
2022-11-18,324.064,332.3052,323.0493,330.9279,330.9279,1248482
2022-11-21,330.1375,338.9502,329.8319,335.8045,335.8045,1193995
2022-11-22,335.4318,336.3736,330.7322,332.3063,332.3063,910672
2022-11-23,329.7701,335.7005,328.8223,332.2993,332.2993,707351
2022-11-24,330.1768,333.0514,329.4602,332.2101,332.2101,1412240
2022-11-25,333.2429,339.1718,331.0716,335.9647,335.9647,1901797
2022-11-28,335.091,339.1978,326.0148,330.5472,330.5472,1380075
2022-11-29,331.0394,332.0813,328.2234,331.2682,331.2682,1402051
2022-11-30,331.4396,333.9757,322.216,325.2477,325.2477,1233453
2022-12-01,326.1112,326.5944,320.2471,320.7704,320.7704,1242184
2022-12-02,322.4349,328.0069,321.826,326.4824,326.4824,951906
2022-12-05,327.7069,328.8353,323.2467,327.3252,327.3252,2833777
2022-12-06,328.1045,329.984,322.7624,322.7642,322.7642,1527643
2022-12-07,324.1402,324.5781,321.4927,321.5623,321.5623,526148
2022-12-08,321.8545,323.5478,320.179,320.4072,320.4072,2932123
2022-12-09,319.8431,322.4426,319.4355,320.8326,320.8326,1323933
2022-12-12,321.3903,323.0374,315.4525,317.0049,317.0049,740033
2022-12-13,316.9082,323.6101,316.7992,320.6604,320.6604,2711709
2022-12-14,321.9193,322.683,314.4339,316.7276,316.7276,852427
2022-12-15,316.49,317.3458,315.9546,316.8009,316.8009,1968146
2022-12-16,316.3415,320.7779,315.977,320.4883,320.4883,2079778
2022-12-19,319.8293,322.81,318.7592,320.9495,320.9495,1518959
2022-12-20,322.3252,324.3864,322.0615,323.0551,323.0551,1486357
2022-12-21,323.7082,324.2049,319.2371,319.726,319.726,1001583
2022-12-22,319.0697,324.1774,317.4774,322.5585,322.5585,1564079
2022-12-23,324.0817,325.3471,319.7807,322.8675,322.8675,994048
2022-12-26,321.9823,323.6458,313.3335,313.3997,313.3997,1253021
2022-12-27,315.3182,318.4308,315.0498,315.5025,315.5025,2594637
2022-12-28,314.1291,315.4517,312.7243,314.1495,314.1495,2047452
2022-12-29,315.0736,318.9393,314.2017,316.7255,316.7255,947662
2022-12-30,314.7199,317.4526,311.4834,311.7154,311.7154,1342066
2023-01-02,311.7964,313.0421,309.7158,311.3888,311.3888,590907
2023-01-03,309.503,315.8141,309.4014,313.7865,313.7865,1570950
2023-01-04,313.9699,315.8954,313.8672,314.0,314.0,1058009
2023-01-05,315.1803,319.7804,315.0545,318.7255,318.7255,803257
2023-01-06,318.7135,321.0983,315.628,320.7748,320.7748,509196
2023-01-09,321.8294,328.8274,318.7021,325.1631,325.1631,1184896
2023-01-10,325.7801,327.4434,323.4462,327.2234,327.2234,843226
2023-01-11,328.327,335.0193,326.2857,334.9651,334.9651,918104
2023-01-12,336.5768,338.8255,335.3193,336.9726,336.9726,1793520
2023-01-13,338.6592,339.2249,334.7503,334.9353,334.9353,1189398
2023-01-16,333.6304,336.4512,331.3142,334.9986,334.9986,1646431
2023-01-17,336.676,345.7426,335.041,341.8186,341.8186,1825756
2023-01-18,342.3188,342.4089,340.1578,342.2184,342.2184,670612
2023-01-19,343.1929,345.0587,340.2468,342.0796,342.0796,3048913
2023-01-20,342.612,344.2254,337.7107,338.4352,338.4352,744032
2023-01-23,338.5876,339.9486,335.6284,338.6718,338.6718,1500603
2023-01-24,336.2839,341.8824,333.1387,339.2667,339.2667,1130248
2023-01-25,340.3269,341.867,335.8632,336.1261,336.1261,1962919
2023-01-26,337.5994,338.5706,330.3924,330.4961,330.4961,1227540
2023-01-27,330.4797,335.0164,329.2755,330.3241,330.3241,1494558
2023-01-30,329.7693,332.4929,320.4765,323.7613,323.7613,1603308
2023-01-31,323.4528,325.5221,317.0191,317.7942,317.7942,1419371
2023-02-01,319.1261,319.2768,313.6277,315.3216,315.3216,995319
2023-02-02,315.5441,315.7223,307.5386,308.9226,308.9226,972745
2023-02-03,311.5124,317.2131,311.4598,314.4132,314.4132,1130515
2023-02-06,315.4017,319.4933,308.5926,311.1676,311.1676,1343051
2023-02-07,311.322,315.1398,309.2059,313.8368,313.8368,778959
2023-02-08,315.3085,316.1028,311.4583,313.3848,313.3848,1895611
2023-02-09,314.2276,320.8379,313.9316,317.9032,317.9032,1909908
2023-02-10,317.2216,319.6294,317.0731,319.5209,319.5209,1798566
2023-02-13,319.9073,320.792,314.8115,315.7136,315.7136,1712917
2023-02-14,316.0221,319.7485,315.4319,318.4499,318.4499,859472
2023-02-15,320.4841,321.4055,312.6036,312.7018,312.7018,957714
2023-02-16,313.0206,314.6605,307.035,310.1936,310.1936,817721
2023-02-17,311.0949,314.5619,309.0091,312.7473,312.7473,1032158
2023-02-20,313.9102,318.7661,311.5111,316.0754,316.0754,894369
2023-02-21,315.039,320.6704,314.3941,320.6191,320.6191,1306972
2023-02-22,318.5345,320.2853,318.4152,320.227,320.227,1370209
2023-02-23,322.1145,323.7704,316.9776,317.3029,317.3029,1100062
2023-02-24,319.0372,321.0002,315.1316,315.3457,315.3457,1805541
2023-02-27,316.3246,319.1944,309.4859,310.0066,310.0066,2712175
2023-02-28,308.6377,319.2963,308.306,317.5999,317.5999,770856
2023-03-01,316.0583,316.8169,315.2526,315.3089,315.3089,3115819
2023-03-02,315.5157,316.1888,309.166,311.0506,311.0506,1164106
2023-03-03,309.1975,312.1917,306.6622,310.6894,310.6894,925779
2023-03-06,312.3888,315.1602,304.5311,305.6011,305.6011,1060576
2023-03-07,306.2215,308.2888,301.1273,301.5658,301.5658,2252690
2023-03-08,301.5396,307.5996,298.8191,307.0499,307.0499,1131066
2023-03-09,305.2255,311.6495,304.0685,311.4343,311.4343,1201578
2023-03-10,312.4329,317.086,307.7018,308.9598,308.9598,1690740
2023-03-13,307.8599,311.3209,306.6084,309.5276,309.5276,1521592
2023-03-14,308.5473,308.9476,306.2858,308.2225,308.2225,2129471
2023-03-15,306.5309,307.8167,303.4384,304.4892,304.4892,2081433
2023-03-16,302.4035,304.8244,301.0857,303.6901,303.6901,1046289
2023-03-17,304.8252,309.5137,296.5055,298.3433,298.3433,1891068
2023-03-20,297.6238,297.9299,293.4234,296.7317,296.7317,1022933
2023-03-21,297.5426,298.9461,295.4542,297.333,297.333,1087282
2023-03-22,297.4195,298.9001,295.7466,297.5639,297.5639,749926
2023-03-23,298.3223,298.4192,294.9834,296.5233,296.5233,2335614
2023-03-24,296.7177,297.856,294.334,296.0551,296.0551,1432091
2023-03-27,295.3429,299.609,289.2472,289.4778,289.4778,1375962
2023-03-28,288.2368,295.4879,288.1114,295.3023,295.3023,1389055
2023-03-29,294.3894,296.5013,287.7302,289.997,289.997,1010941
2023-03-30,290.1143,291.8101,288.1686,291.5905,291.5905,954642
2023-03-31,290.8206,291.2611,289.0056,289.8024,289.8024,1435897
2023-04-03,290.2722,297.8646,288.8156,294.4804,294.4804,1405355
2023-04-04,294.6772,295.963,292.8873,293.6751,293.6751,1941970
2023-04-05,293.0252,294.0773,288.9204,290.4748,290.4748,782182
2023-04-06,291.5061,293.2833,285.8584,289.5656,289.5656,996365
2023-04-07,289.9867,291.7095,285.6894,287.9007,287.9007,798109
2023-04-10,289.2561,289.371,286.3596,287.1338,287.1338,1188885
2023-04-11,285.873,286.0778,283.2689,284.3829,284.3829,983452
2023-04-12,283.0576,289.9261,281.5522,289.5159,289.5159,1159210
2023-04-13,290.1603,291.5027,281.3081,282.1515,282.1515,921911
2023-04-14,282.6604,289.6275,282.415,286.8044,286.8044,2178224
2023-04-17,287.6012,288.012,286.4382,286.727,286.727,1194196
2023-04-18,287.3519,290.5257,286.5699,290.4103,290.4103,1089193
2023-04-19,292.007,292.9919,281.9366,282.9198,282.9198,1277826
2023-04-20,283.5065,284.3062,274.906,277.6162,277.6162,853873
2023-04-21,277.2525,280.0273,273.5835,273.861,273.861,1152697
2023-04-24,272.8489,276.4855,270.3907,276.3346,276.3346,3207017
2023-04-25,276.6485,280.1532,274.7947,279.0278,279.0278,888855
2023-04-26,278.7456,278.9802,275.8288,275.8813,275.8813,1234231
2023-04-27,276.0691,277.7624,274.8205,276.8638,276.8638,785206
2023-04-28,278.2806,280.5183,277.3288,279.5514,279.5514,532159
2023-05-01,278.375,280.4822,277.8287,279.809,279.809,1099799
2023-05-02,278.9929,281.6883,278.6056,281.6754,281.6754,949585
2023-05-03,281.294,286.7471,277.9405,284.2057,284.2057,1515869
2023-05-04,284.8168,287.6573,281.1266,286.6804,286.6804,1019057
2023-05-05,286.4348,288.3063,284.3759,287.8018,287.8018,491728
2023-05-08,289.1041,292.6684,278.5228,279.84,279.84,1931108
2023-05-09,278.2952,278.4815,277.8943,278.1687,278.1687,2067067
2023-05-10,278.5967,280.5069,277.807,278.7551,278.7551,1592574
2023-05-11,279.7378,282.595,277.8312,280.1992,280.1992,1790811
2023-05-12,280.4217,285.7237,278.3649,284.8568,284.8568,1948233
2023-05-15,286.6426,290.7311,286.035,290.3744,290.3744,637756
2023-05-16,292.7252,293.0612,286.1125,287.909,287.909,1253157
2023-05-17,290.0104,290.3556,283.8013,285.8125,285.8125,1752706
2023-05-18,286.0137,288.5331,285.377,288.0717,288.0717,1397896
2023-05-19,289.3484,290.7737,281.5592,283.7391,283.7391,1111324
2023-05-22,283.5241,291.5429,283.1284,291.0367,291.0367,556683
2023-05-23,292.7222,293.3064,291.8304,292.9304,292.9304,1780273
2023-05-24,290.6673,296.7258,290.037,296.4992,296.4992,894853
2023-05-25,296.9891,297.8558,295.0668,295.31,295.31,1179406
2023-05-26,294.5685,295.8103,294.2655,295.0995,295.0995,1548283
2023-05-29,296.5418,298.8103,295.8556,296.6607,296.6607,795680
2023-05-30,295.3663,299.1771,293.9024,299.1186,299.1186,1165992
2023-05-31,299.1526,301.6337,297.0633,299.0213,299.0213,1151379
2023-06-01,299.1292,301.8258,296.6077,298.113,298.113,1501392
2023-06-02,298.511,299.335,295.8848,297.6936,297.6936,1708165
2023-06-05,294.5149,305.0715,294.3167,304.6167,304.6167,558919
2023-06-06,306.3643,310.2255,306.1741,309.6835,309.6835,2133850
2023-06-07,309.1646,310.2955,304.4911,305.5205,305.5205,853149
2023-06-08,303.8303,307.4783,302.1442,306.6876,306.6876,1699100
2023-06-09,307.9522,308.3356,304.0932,304.1045,304.1045,1534194
2023-06-12,303.7184,305.5775,296.7312,297.9851,297.9851,719618
2023-06-13,296.8804,298.9587,294.6126,297.3525,297.3525,1649200
2023-06-14,294.6937,297.3456,292.2159,297.2589,297.2589,1601961
2023-06-15,296.718,301.8103,296.1298,299.7146,299.7146,1635350
2023-06-16,300.0939,300.6749,294.04,295.6272,295.6272,1705692
2023-06-19,295.548,296.1911,292.7673,293.9451,293.9451,584356
2023-06-20,293.2037,293.8017,289.7821,291.708,291.708,1379940
2023-06-21,291.9022,293.5793,288.8712,291.506,291.506,647495
2023-06-22,292.6171,294.7105,286.0449,288.1993,288.1993,1543541
2023-06-23,289.3335,289.7437,285.9017,286.496,286.496,2715314
2023-06-26,285.9035,287.0839,282.8558,283.9352,283.9352,1568431
2023-06-27,281.8619,282.8692,281.705,282.6104,282.6104,1727466
2023-06-28,282.7711,284.6974,281.8581,282.8006,282.8006,1514726
2023-06-29,283.4145,283.7429,279.0528,280.2728,280.2728,984291
2023-06-30,281.3575,281.3833,278.8199,280.6492,280.6492,753058
2023-07-03,280.33,281.8327,277.4678,278.7413,278.7413,1073178
2023-07-05,278.4751,280.2236,278.095,279.6521,279.6521,1304595
2023-07-06,280.4265,281.4316,275.2607,276.1514,276.1514,824655
2023-07-07,275.2044,279.2819,273.7014,279.243,279.243,814163
2023-07-10,278.305,279.0521,272.0713,273.2379,273.2379,1079844
2023-07-11,274.1469,277.803,272.1097,276.6858,276.6858,1013564
2023-07-12,278.301,279.0942,272.9501,276.2124,276.2124,1128856
2023-07-13,275.4852,277.5207,273.7649,277.1672,277.1672,1155983
2023-07-14,278.8371,281.9051,277.2227,278.0131,278.0131,1889393
2023-07-17,278.0054,279.8749,276.9041,278.339,278.339,678272
2023-07-18,279.3311,280.5714,277.7812,278.0537,278.0537,610602
2023-07-19,277.7557,278.4698,277.1639,277.2857,277.2857,923172
2023-07-20,278.1738,278.7534,274.6732,275.0727,275.0727,1377123
2023-07-21,276.0166,278.9988,273.9757,275.048,275.048,1732686
2023-07-24,275.4466,278.4193,273.9696,277.7555,277.7555,977179
2023-07-25,278.1257,282.474,277.438,282.1749,282.1749,810538
2023-07-26,283.4427,284.5617,280.371,281.9929,281.9929,1072887
2023-07-27,281.2687,287.8025,281.2573,286.3805,286.3805,1159880
2023-07-28,285.635,288.9443,284.7479,288.523,288.523,1251388
2023-07-31,288.0014,293.23,287.4026,291.2487,291.2487,943312
2023-08-01,290.5579,296.818,288.7127,295.8714,295.8714,1321759
2023-08-02,294.5205,299.1192,293.4134,298.2869,298.2869,1761544
2023-08-03,301.3516,301.7017,291.6666,294.0803,294.0803,2590793
2023-08-04,295.8626,297.8771,286.8978,288.2172,288.2172,1099574
2023-08-07,288.8445,295.8425,286.9789,294.7832,294.7832,1067736
2023-08-08,294.929,298.1786,292.7091,298.17,298.17,932147
2023-08-09,297.4945,301.2004,297.3191,300.9989,300.9989,1854191
2023-08-10,301.0968,301.1427,300.3233,300.358,300.358,953423
2023-08-11,300.0108,301.4463,296.5275,298.386,298.386,1028784
2023-08-14,299.1203,302.0514,297.3822,297.9454,297.9454,657347
2023-08-15,296.1513,302.5251,295.8132,300.3564,300.3564,2315867
2023-08-16,299.6516,300.5485,295.9101,297.7257,297.7257,982998
2023-08-17,297.8512,299.3014,293.0488,295.7765,295.7765,909965
2023-08-18,296.7206,299.3574,294.878,298.5313,298.5313,1422537
2023-08-21,297.7382,297.8734,294.6668,295.4472,295.4472,1645551
2023-08-22,294.4091,295.7505,292.0243,294.9768,294.9768,364956
2023-08-23,295.436,295.6386,290.8461,291.7435,291.7435,1806138
2023-08-24,291.3546,294.7647,289.8513,293.2298,293.2298,875226
2023-08-25,294.8718,295.1413,292.4105,294.9453,294.9453,1279355
2023-08-28,293.6147,296.9237,292.3852,294.2019,294.2019,2229234
2023-08-29,294.1596,296.4976,290.7111,291.651,291.651,1638809
2023-08-30,291.563,292.9248,287.5127,288.262,288.262,2172501
2023-08-31,289.2824,292.0323,289.1848,290.4537,290.4537,1562622
2023-09-01,290.3173,293.3875,287.3803,292.7472,292.7472,619304
2023-09-04,293.836,295.0299,292.1422,292.3716,292.3716,672432
2023-09-05,291.0249,296.8583,289.8658,292.2414,292.2414,1425115
2023-09-06,292.4694,294.5774,289.7435,291.3974,291.3974,1030206
2023-09-07,290.8493,291.32,284.3669,284.9669,284.9669,1131636
2023-09-08,283.9606,289.3496,282.8492,286.3228,286.3228,933948
2023-09-11,286.2122,291.3535,285.6514,289.1253,289.1253,886084
2023-09-12,290.0725,292.4806,283.1265,284.0047,284.0047,1419421
2023-09-13,284.3802,285.2887,281.7163,282.7596,282.7596,1242561
2023-09-14,282.3907,284.2862,280.6386,282.5472,282.5472,1421786
2023-09-15,281.7259,285.6108,280.351,284.6833,284.6833,1695431
2023-09-18,281.5294,283.0159,279.6705,283.0023,283.0023,1670178
2023-09-19,282.475,286.6878,278.491,280.2882,280.2882,1336766
2023-09-20,281.0891,284.6428,280.594,283.5936,283.5936,1548663
2023-09-21,282.7688,285.3536,281.2509,283.1336,283.1336,1228622
2023-09-22,284.3692,284.424,280.8861,281.8554,281.8554,819387
2023-09-25,281.0705,281.2719,277.4109,279.8837,279.8837,964108
2023-09-26,280.9998,283.2658,280.093,282.5789,282.5789,1373130
2023-09-27,282.3495,288.6432,281.2647,286.5753,286.5753,578580
2023-09-28,285.8998,286.8333,281.9116,284.3863,284.3863,1408153
2023-09-29,283.8943,294.6332,282.4579,291.2798,291.2798,2016009
2023-10-02,292.0248,293.1599,291.9667,292.2639,292.2639,613455
2023-10-03,292.4364,298.9596,291.0522,296.8091,296.8091,875539
2023-10-04,296.9979,298.0897,295.8227,297.0622,297.0622,990317
2023-10-05,297.9294,301.5016,295.7724,299.3256,299.3256,581720
2023-10-06,299.0276,299.3007,295.3109,296.4277,296.4277,1365657
2023-10-09,297.8713,301.3666,295.1776,300.1784,300.1784,1653299
2023-10-10,300.3934,302.0266,296.2187,298.1635,298.1635,981875
2023-10-11,298.7977,300.2456,294.1816,296.5438,296.5438,1139011
2023-10-12,296.0941,298.1104,295.15,297.9856,297.9856,1445459
2023-10-13,298.4667,306.4484,295.508,305.5155,305.5155,1093371
2023-10-16,306.0017,308.7802,305.0018,307.8255,307.8255,874746
2023-10-17,308.6092,310.6877,306.7275,306.996,306.996,1256201
2023-10-18,308.5871,309.9773,304.2265,306.848,306.848,1868242
2023-10-19,307.9161,310.2123,307.1505,309.9868,309.9868,1665986
2023-10-20,310.8356,311.4589,306.0184,309.7662,309.7662,940839
2023-10-23,311.0155,312.2926,309.883,310.5887,310.5887,1407331
2023-10-24,310.7431,313.2055,310.2471,312.3718,312.3718,1300233
2023-10-25,310.6846,312.9679,305.6567,307.4838,307.4838,2474467
2023-10-26,306.2251,310.5398,305.827,309.617,309.617,1147919
2023-10-27,307.3053,315.8332,306.843,311.7309,311.7309,1099646
2023-10-30,312.3689,312.5481,306.8284,308.051,308.051,1267355
2023-10-31,307.7962,308.4909,298.3496,302.447,302.447,1469538
2023-11-01,300.9417,301.0946,296.1092,296.5868,296.5868,1251092
2023-11-02,297.2491,298.2389,293.2202,294.1138,294.1138,1631031
2023-11-03,296.4366,296.4846,291.3535,292.714,292.714,594103
2023-11-06,291.7555,293.3556,290.3011,291.7601,291.7601,938198
2023-11-07,291.7137,294.6285,290.8744,291.7829,291.7829,863479
2023-11-08,290.9849,293.9534,290.7961,293.2756,293.2756,1761560
2023-11-09,290.8948,294.7351,289.3412,294.3704,294.3704,1858517
2023-11-10,293.8018,298.444,293.488,297.5059,297.5059,1950785
2023-11-13,297.5619,299.8346,295.4889,297.5682,297.5682,1127123
2023-11-14,296.4728,303.4152,295.2668,302.822,302.822,864590
2023-11-15,303.5443,304.8539,302.1381,302.7617,302.7617,651187
2023-11-16,301.8221,302.4907,296.7722,299.8509,299.8509,985855
2023-11-17,300.8469,301.4306,294.0307,295.043,295.043,1117145
2023-11-20,294.9868,299.7325,294.9473,298.1084,298.1084,1241681
2023-11-21,297.2838,302.9623,294.7641,299.7826,299.7826,875921
2023-11-22,298.1353,300.0258,296.6948,299.2904,299.2904,1511698
2023-11-23,299.7908,300.7419,299.2442,299.5753,299.5753,972053
2023-11-24,300.3971,302.3915,297.0162,297.3324,297.3324,1272204
2023-11-27,296.743,298.6792,291.4979,291.7707,291.7707,1060850
2023-11-28,292.221,292.3204,291.7559,292.2076,292.2076,1050143
2023-11-29,293.3943,298.5864,292.7208,296.411,296.411,952708
2023-11-30,295.9124,297.1291,295.437,295.8223,295.8223,1573709
2023-12-01,296.1028,296.9199,296.0073,296.0792,296.0792,712934
2023-12-04,296.7506,297.6446,287.486,291.7427,291.7427,1049792
2023-12-05,291.8467,292.1955,289.6289,291.9283,291.9283,1328525
2023-12-06,292.0876,293.4844,289.9107,293.0296,293.0296,653466
2023-12-07,292.9625,293.627,291.3441,293.2383,293.2383,1599610
2023-12-08,292.2045,293.3893,289.9494,291.8657,291.8657,813997
2023-12-11,291.607,292.5347,286.2516,287.8207,287.8207,1183704
2023-12-12,285.5849,286.2091,277.1218,278.8059,278.8059,1268535
2023-12-13,279.7611,281.7693,279.0304,280.301,280.301,871253
2023-12-14,280.088,281.4013,277.1051,279.1357,279.1357,910429
2023-12-15,279.4107,283.364,277.9998,282.6376,282.6376,1403482
2023-12-18,282.7323,287.2916,282.5748,283.7461,283.7461,1552093
2023-12-19,284.2984,285.9129,281.6495,283.7589,283.7589,1109674
2023-12-20,285.3661,285.5741,281.4844,283.0452,283.0452,1858723
2023-12-21,283.1488,287.1424,281.5977,285.2508,285.2508,808150
2023-12-22,285.9866,289.4932,281.985,282.5404,282.5404,1237998
2023-12-26,282.8056,288.9391,281.7909,286.6485,286.6485,1356168
2023-12-27,287.9354,288.893,284.6563,285.2086,285.2086,1416237
2023-12-28,285.6056,286.9714,277.4327,279.1336,279.1336,1021477
2023-12-29,279.9913,283.8904,276.8417,278.0073,278.0073,1177155
2024-01-02,277.4155,283.2595,276.0846,280.8513,280.8513,954149
2024-01-03,280.2773,280.3268,279.2665,280.289,280.289,1215423
2024-01-04,279.2657,280.062,279.0187,279.1213,279.1213,918207
2024-01-05,280.2959,280.3559,275.3206,276.4392,276.4392,799244
2024-01-08,274.8521,279.5787,273.1333,279.3379,279.3379,1279346
2024-01-09,281.0214,281.8631,278.2034,279.6534,279.6534,1333355
2024-01-10,280.0101,280.1432,276.393,279.0308,279.0308,990672
2024-01-11,277.644,282.7941,273.9279,281.3553,281.3553,1037827
2024-01-12,280.887,281.9257,280.5418,281.3533,281.3533,1529573
2024-01-15,281.9303,282.7429,277.6588,279.7072,279.7072,705047
2024-01-16,281.4028,284.1112,279.7937,282.0167,282.0167,1543764
2024-01-17,281.2962,281.588,277.4885,278.7672,278.7672,1209185
2024-01-18,277.3462,280.0229,276.4627,277.6482,277.6482,1076766
2024-01-19,278.1422,284.3162,277.4708,282.9156,282.9156,654798
2024-01-22,282.417,285.1597,279.7991,285.0497,285.0497,1578702
2024-01-23,286.6156,290.1636,283.1078,285.1817,285.1817,1222246
2024-01-24,284.3675,290.2197,282.4651,288.9693,288.9693,896340
2024-01-25,288.1829,292.1034,287.1389,291.7459,291.7459,1171352
2024-01-26,290.3803,294.507,289.4037,293.2611,293.2611,935671
2024-01-29,292.3952,293.653,291.3905,292.3596,292.3596,1054067
2024-01-30,292.0597,299.1766,291.6452,297.5824,297.5824,962747
2024-01-31,297.8521,299.3183,291.9918,293.1239,293.1239,684857
2024-02-01,294.4427,294.7803,288.9873,290.5801,290.5801,1101913
2024-02-02,292.0229,292.3299,290.9373,291.7585,291.7585,984646
2024-02-05,290.9135,292.622,288.6338,290.5367,290.5367,1180162
2024-02-06,290.3332,291.6442,288.9452,289.1893,289.1893,744054
2024-02-07,287.9516,290.5184,287.9363,288.1591,288.1591,1403308
2024-02-08,288.877,289.53,284.9379,285.9174,285.9174,849075
2024-02-09,286.057,286.2574,282.5018,284.4187,284.4187,1749746
2024-02-12,285.6276,290.8528,284.1209,288.969,288.969,565203
2024-02-13,289.1194,291.6691,287.7068,290.3718,290.3718,355923
2024-02-14,289.6279,291.4082,288.1157,290.9769,290.9769,1160039
2024-02-15,291.8735,292.0216,290.4574,291.4841,291.4841,1817664
2024-02-16,290.7588,291.1654,285.3863,286.2132,286.2132,1701926
2024-02-19,284.8969,290.0338,284.5993,288.5183,288.5183,1620397
2024-02-20,287.9155,296.3367,284.1145,293.9982,293.9982,373583
2024-02-21,294.0279,301.6179,293.0299,299.965,299.965,1151357
2024-02-22,298.5009,298.7048,295.1023,296.3079,296.3079,1783604
2024-02-23,296.4155,300.4523,295.9619,299.2114,299.2114,924043
2024-02-26,297.9043,305.7555,296.3,303.898,303.898,945903
2024-02-27,304.1529,305.2984,303.2979,304.6487,304.6487,802502
2024-02-28,303.8724,304.3219,298.5506,300.4895,300.4895,914738
2024-02-29,301.4654,307.9976,301.4595,304.2112,304.2112,768595
2024-03-01,305.3317,305.9214,302.9381,305.7022,305.7022,2185453
2024-03-04,305.383,305.8586,300.9312,302.8586,302.8586,1545191
2024-03-05,302.3562,302.735,298.9461,300.8466,300.8466,949722
2024-03-06,300.8612,303.0517,300.4854,302.4744,302.4744,972118
2024-03-07,303.0541,311.3644,298.9433,310.1892,310.1892,1077378
2024-03-08,309.8912,312.7248,309.0345,309.1443,309.1443,2542171
2024-03-11,308.6068,310.3111,307.4213,308.5147,308.5147,642684
2024-03-12,309.1855,311.4477,307.729,308.4218,308.4218,1804376
2024-03-13,307.5197,309.0406,301.6469,302.2747,302.2747,745662
2024-03-14,303.8122,303.952,295.2686,296.553,296.553,1112849
2024-03-15,295.9392,296.6914,294.7901,296.4857,296.4857,586905
2024-03-18,296.0913,296.7333,292.9083,294.4585,294.4585,1464979
2024-03-19,295.1827,296.0474,289.3144,290.2057,290.2057,1735295
2024-03-20,290.6614,296.9646,290.1712,292.3407,292.3407,1346441
2024-03-21,292.8985,298.0388,292.8927,292.9217,292.9217,1992884
2024-03-22,291.9423,300.157,290.3887,297.0201,297.0201,1224566
2024-03-25,298.1704,298.8161,296.0836,298.6912,298.6912,1804685
2024-03-26,298.0258,303.9721,297.3342,301.0229,301.0229,921015
2024-03-27,299.7113,304.1805,299.692,303.8845,303.8845,1638755
2024-03-28,304.9817,307.0715,301.8233,304.2615,304.2615,1386710
2024-03-29,305.9777,307.5179,294.7787,294.7877,294.7877,899582
2024-04-01,296.2708,299.2562,292.8656,294.2002,294.2002,1134931
2024-04-02,294.9816,298.6388,293.4285,297.5124,297.5124,792373
2024-04-03,297.4967,300.6325,296.2331,296.262,296.262,1290871
2024-04-04,295.9302,296.0717,295.2872,295.4624,295.4624,1233538
2024-04-05,296.0025,296.7234,294.7277,295.285,295.285,2230276
2024-04-08,295.7328,297.2338,288.7864,291.3516,291.3516,1380761
2024-04-09,290.7878,291.9746,290.6666,290.963,290.963,1165767
2024-04-10,290.0216,292.4302,289.4338,290.7829,290.7829,2268881
2024-04-11,289.5443,292.0563,284.0054,286.9397,286.9397,1537349
2024-04-12,288.5903,291.3545,285.078,286.5974,286.5974,1593236
2024-04-15,287.952,290.3352,286.7636,288.9112,288.9112,930012
2024-04-16,287.6747,288.0883,286.109,286.4836,286.4836,2472958
2024-04-17,284.7333,284.7875,280.4234,282.6285,282.6285,3180580
2024-04-18,283.0947,285.8815,280.0598,281.1283,281.1283,1471263
2024-04-19,281.7996,281.9072,280.6222,281.8735,281.8735,1892280
2024-04-22,282.8766,285.1571,280.4138,283.1137,283.1137,686264
2024-04-23,283.3144,284.1381,277.9974,282.5971,282.5971,1839941
2024-04-24,280.9769,289.0907,279.0363,287.4987,287.4987,1321437
2024-04-25,286.1006,287.6942,285.934,286.7143,286.7143,927556
2024-04-26,287.7348,291.4455,284.1876,286.1199,286.1199,799687
2024-04-29,284.716,292.2533,281.8763,291.2746,291.2746,1477056
2024-04-30,292.4818,296.6201,291.9199,292.7692,292.7692,765860
2024-05-01,294.8273,295.9722,290.7956,293.2964,293.2964,876931
2024-05-02,293.2006,296.1971,292.5658,295.0638,295.0638,1451684
2024-05-03,294.315,295.7092,293.6927,294.0755,294.0755,1355419
2024-05-06,293.5082,300.8071,292.1415,298.4822,298.4822,1085640
2024-05-07,297.4563,302.7473,296.943,302.3724,302.3724,1340878
2024-05-08,302.7207,304.0181,300.1262,302.5645,302.5645,565367
2024-05-09,300.9771,302.9871,300.4207,302.2655,302.2655,1234594
2024-05-10,302.7041,306.0282,302.4492,304.5875,304.5875,875527
2024-05-13,305.0129,310.813,303.5994,310.5431,310.5431,2957339
2024-05-14,313.2845,313.5618,312.4149,312.7533,312.7533,1444666
2024-05-15,312.8917,315.3116,312.6153,315.2359,315.2359,1284460
2024-05-16,313.9982,316.9533,310.257,316.1784,316.1784,765661
2024-05-17,318.5541,319.822,310.2004,312.2665,312.2665,657080
2024-05-20,313.4392,313.9842,308.4712,311.6422,311.6422,892125
2024-05-21,313.5382,314.7984,310.7233,313.1538,313.1538,1584107
2024-05-22,313.1563,314.5547,311.0689,312.9368,312.9368,539366
2024-05-23,314.1418,314.6349,312.8163,313.9351,313.9351,1450278
2024-05-24,314.0981,317.4808,311.4726,315.621,315.621,2957884
2024-05-27,313.8871,315.1081,310.7456,312.7137,312.7137,1233963
2024-05-28,313.1977,314.5135,311.862,312.9652,312.9652,867999
2024-05-29,312.1647,316.9618,310.1604,314.3803,314.3803,718532
2024-05-30,314.7794,315.134,313.6295,314.9167,314.9167,1054569
2024-05-31,313.564,314.2164,312.7002,313.7458,313.7458,806459
2024-06-03,315.0722,316.4284,313.4431,313.4587,313.4587,765196
2024-06-04,312.8771,317.3535,312.1353,314.2895,314.2895,1295049
2024-06-05,313.4144,321.3768,313.3862,319.8917,319.8917,1178529
2024-06-06,318.5169,324.6935,317.8631,322.665,322.665,1820604
2024-06-07,323.206,324.33,322.4092,324.2987,324.2987,1748883
2024-06-10,324.1853,325.6265,320.7399,321.9111,321.9111,935851
2024-06-11,318.9068,332.3546,318.6903,330.4588,330.4588,1774594
2024-06-12,331.7792,332.2975,330.4571,331.8127,331.8127,1603034
2024-06-13,331.0806,333.4721,327.6849,329.7633,329.7633,2278832
2024-06-14,329.2868,332.7135,328.137,328.1683,328.1683,1937320
2024-06-17,327.6284,330.9065,325.62,326.8024,326.8024,955973
2024-06-18,324.5295,325.8606,323.9233,324.5754,324.5754,988264
2024-06-19,325.0611,327.3303,323.3425,323.9055,323.9055,1194802
2024-06-20,323.4383,326.4671,322.2435,326.3172,326.3172,1002066
2024-06-21,326.104,328.6636,322.3684,323.5941,323.5941,968412
2024-06-24,323.4787,325.09,319.6089,320.1624,320.1624,925305
2024-06-25,318.5145,320.5333,316.2037,319.5774,319.5774,1216319
2024-06-26,318.8341,324.7845,318.4788,323.4479,323.4479,866019
2024-06-27,324.5771,327.192,323.2855,327.0127,327.0127,962011
2024-06-28,326.0498,326.7191,324.0765,324.8708,324.8708,1853817
2024-07-01,323.7194,326.1211,319.9471,325.9477,325.9477,1685485
2024-07-02,325.6823,328.5164,319.7539,320.5348,320.5348,1972149
2024-07-03,322.8615,324.733,315.3306,318.5025,318.5025,1115171
2024-07-05,318.2472,321.4118,317.3172,320.868,320.868,953094
2024-07-08,321.744,323.3233,317.7484,318.1006,318.1006,1209737
2024-07-09,318.3947,320.8113,307.3802,310.77,310.77,1959430
2024-07-10,310.8228,315.0143,309.3081,312.0844,312.0844,1052825
2024-07-11,310.6625,313.331,310.484,312.4508,312.4508,1311460
2024-07-12,310.0562,313.626,308.5815,310.7617,310.7617,975039
2024-07-15,312.4801,313.0968,307.2141,307.4495,307.4495,1177753
2024-07-16,307.4858,310.0216,306.2237,308.6621,308.6621,2200994
2024-07-17,308.4858,315.5601,307.7482,313.0285,313.0285,1108564
2024-07-18,314.6574,317.6035,313.4193,316.8361,316.8361,632993
2024-07-19,316.4614,321.5249,316.4202,319.3544,319.3544,941293
2024-07-22,316.7458,317.9343,315.516,317.5616,317.5616,882532
2024-07-23,318.7579,318.9562,315.6705,318.2443,318.2443,942839
2024-07-24,318.5917,319.3156,316.2767,316.5162,316.5162,663694
2024-07-25,315.4879,320.9702,313.8366,320.352,320.352,1117423
2024-07-26,320.5789,323.1795,319.6366,322.426,322.426,1056714
2024-07-29,321.9016,324.6174,320.6132,320.7906,320.7906,1193626
2024-07-30,319.532,321.7659,319.0284,321.6436,321.6436,1482549
2024-07-31,322.1203,323.7105,318.0247,321.3969,321.3969,1060835
2024-08-01,320.6587,323.5777,317.0197,323.0214,323.0214,767003
2024-08-02,322.5061,330.8609,320.4754,326.8391,326.8391,1444194
2024-08-05,326.9135,329.6849,325.8684,327.6881,327.6881,995415
2024-08-06,331.6016,333.181,325.5634,326.1821,326.1821,1121220
2024-08-07,323.775,329.727,322.7895,328.8739,328.8739,1374419
2024-08-08,327.2785,327.9886,321.4947,323.4919,323.4919,2342764
2024-08-09,321.4192,327.9427,320.4669,325.3816,325.3816,1520992
2024-08-12,325.1067,328.9742,315.6088,319.1016,319.1016,908060
2024-08-13,318.3842,318.5026,310.8538,312.7799,312.7799,513925
2024-08-14,312.6543,313.5475,312.0556,312.809,312.809,1588850
2024-08-15,313.1967,315.24,310.9431,312.1558,312.1558,1126308
2024-08-16,312.8387,313.4873,309.3081,310.8556,310.8556,1664298
2024-08-19,311.7709,313.4103,308.3437,311.3409,311.3409,1001065
2024-08-20,312.3881,313.4916,308.6402,312.7301,312.7301,1293606
2024-08-21,313.1775,313.5933,309.2898,311.4911,311.4911,1204267
2024-08-22,313.8891,315.4873,308.7337,310.4265,310.4265,1010362
2024-08-23,310.2289,313.0212,306.7165,310.5937,310.5937,1325839
2024-08-26,311.0145,317.3537,309.3698,316.6316,316.6316,1655958
2024-08-27,318.3401,320.0259,314.5106,315.5167,315.5167,959042
2024-08-28,314.2562,322.1149,312.9273,319.3648,319.3648,1826612
2024-08-29,318.654,319.8393,317.2969,318.3738,318.3738,1855432
2024-08-30,320.8629,323.8142,315.2875,315.6194,315.6194,678382
2024-09-02,315.6854,317.6477,315.0793,316.1996,316.1996,940819
2024-09-03,316.2847,316.5736,312.5414,312.9958,312.9958,636352
2024-09-04,312.5248,322.6325,311.4541,321.0736,321.0736,1576777
2024-09-05,321.3923,325.9307,319.9285,323.4092,323.4092,1536775
2024-09-06,324.9896,332.5762,324.335,332.4021,332.4021,641173
2024-09-09,333.5488,334.8808,332.8984,334.4068,334.4068,1174753
2024-09-10,334.318,335.1623,333.7555,334.7267,334.7267,1255766
2024-09-11,337.5543,339.1838,327.974,330.1514,330.1514,1316963
2024-09-12,327.2081,330.1199,324.6389,326.4649,326.4649,1051746
2024-09-13,324.5316,325.1207,321.6651,322.6849,322.6849,1203470
2024-09-16,322.5315,324.3816,311.9269,312.2184,312.2184,941004
2024-09-17,310.7485,312.8946,304.9394,305.3452,305.3452,3171977
2024-09-18,305.1365,310.1089,301.7796,308.4409,308.4409,2226598
2024-09-19,310.0309,312.8774,309.4172,312.2048,312.2048,800113
2024-09-20,313.0552,314.7417,307.3409,308.0254,308.0254,1317770
2024-09-23,308.6205,309.9245,306.1423,306.184,306.184,2573406
2024-09-24,305.0697,305.9904,304.3123,304.8885,304.8885,1330242
2024-09-25,304.6035,305.0785,299.5626,301.2207,301.2207,751172
2024-09-26,300.6445,304.6024,300.3213,303.4654,303.4654,1187226
2024-09-27,303.7666,304.7211,299.9281,300.013,300.013,1202394
2024-09-30,300.3594,301.0457,298.4092,299.7708,299.7708,609851
2024-10-01,301.1008,301.171,300.3821,300.6538,300.6538,1197602
2024-10-02,299.6119,306.08,297.542,304.7864,304.7864,436222
2024-10-03,303.4963,305.5237,303.2578,305.0504,305.0504,1859047
2024-10-04,304.5246,305.4996,297.7709,299.4436,299.4436,1135827
2024-10-07,298.9034,303.9674,297.869,303.1517,303.1517,1162983
2024-10-08,302.2213,304.1938,297.9155,298.8848,298.8848,1650115
2024-10-09,298.4629,304.5954,297.4398,302.4291,302.4291,2348400
2024-10-10,301.8548,306.0297,300.948,304.8915,304.8915,1396925
2024-10-11,304.1719,306.6446,303.0954,303.18,303.18,1333980
2024-10-14,303.3179,304.0826,301.6971,301.6979,301.6979,1474140
2024-10-15,303.5258,309.4376,302.488,307.3408,307.3408,992598
2024-10-16,307.6069,308.2039,305.167,307.052,307.052,878949
2024-10-17,307.6471,311.1825,307.273,308.6222,308.6222,1024243
2024-10-18,309.3836,313.252,307.2935,311.0351,311.0351,917655
2024-10-21,310.2585,315.5365,309.1619,311.0894,311.0894,1822755
2024-10-22,312.328,313.0732,307.5169,310.4245,310.4245,781385
2024-10-23,310.1422,313.08,309.2271,312.5609,312.5609,946674
2024-10-24,312.9611,313.6396,312.2941,312.3521,312.3521,983123
2024-10-25,311.9327,312.4503,307.9763,310.0944,310.0944,1284778
2024-10-28,311.2161,313.6138,310.6791,312.0339,312.0339,848120
2024-10-29,311.8338,312.7338,308.1081,309.9923,309.9923,2155702
2024-10-30,310.2398,311.7969,309.4269,309.6036,309.6036,728407
2024-10-31,308.8997,309.1232,304.9936,307.3733,307.3733,1257150
2024-11-01,307.0883,308.5893,303.0042,305.2185,305.2185,1034826
2024-11-04,306.7799,306.9061,305.9635,305.98,305.98,2918664
2024-11-05,305.7605,314.7969,303.9588,314.2241,314.2241,699101
2024-11-06,314.7207,316.4727,310.1283,311.6957,311.6957,2249585
2024-11-07,312.329,313.7486,311.6418,313.1581,313.1581,1358160
2024-11-08,312.4107,313.8082,305.8712,307.9,307.9,2576693
2024-11-11,306.2434,312.2747,305.258,308.8479,308.8479,1508438
2024-11-12,309.3491,310.4773,307.943,308.3704,308.3704,1807113
2024-11-13,309.7557,312.4746,304.8812,310.0921,310.0921,1315541
2024-11-14,310.6068,312.6978,309.5204,309.6047,309.6047,817388
2024-11-15,310.3184,310.8872,302.6856,303.8526,303.8526,2343242
2024-11-18,301.0112,312.6042,299.0797,309.5377,309.5377,1667754
2024-11-19,308.3043,315.5777,308.2834,314.1745,314.1745,1276701
2024-11-20,315.4836,317.2222,314.7798,315.9284,315.9284,1378820
2024-11-21,315.8392,316.7223,313.4123,314.2164,314.2164,1875419
2024-11-22,313.8175,316.4265,313.3309,313.7938,313.7938,794121
2024-11-25,313.0136,321.0669,310.2299,319.5939,319.5939,1107752
2024-11-26,318.7618,326.8052,318.6936,324.2568,324.2568,1322655
2024-11-27,324.6349,327.0096,316.0577,316.9537,316.9537,1151911
2024-11-28,317.0137,319.8332,316.3112,319.5333,319.5333,1602518
2024-11-29,318.6035,322.4802,317.5814,321.6832,321.6832,898603
2024-12-02,322.583,323.0401,319.1694,322.2639,322.2639,991390
2024-12-03,321.4514,323.438,317.2167,318.3403,318.3403,2205542
2024-12-04,318.4341,319.3372,315.8754,317.668,317.668,661308
2024-12-05,318.2799,322.7772,315.689,319.8596,319.8596,632866
2024-12-06,319.8928,320.5314,316.753,318.8253,318.8253,1067559
2024-12-09,319.4748,324.2901,318.7406,323.4079,323.4079,2416113
2024-12-10,322.37,330.3508,321.9867,327.3793,327.3793,1079511
2024-12-11,328.475,328.7185,321.976,324.3302,324.3302,1348739
2024-12-12,325.7337,327.5554,320.7751,321.4102,321.4102,1069588
2024-12-13,319.691,320.555,314.1069,316.4785,316.4785,1276180
2024-12-16,315.4751,317.1204,314.6779,314.7861,314.7861,1250666
2024-12-17,314.0356,320.422,312.719,319.489,319.489,1516733
2024-12-18,318.5917,325.3022,317.817,322.6935,322.6935,1308066
2024-12-19,326.866,328.3381,324.3449,324.6154,324.6154,1066748
2024-12-20,325.2561,328.139,324.2903,324.7198,324.7198,1079391
2024-12-23,324.3374,335.4026,322.3158,332.353,332.353,1118596
2024-12-24,332.4368,337.5776,328.673,337.3062,337.3062,666154
2024-12-26,334.5008,337.0661,333.7106,335.5124,335.5124,972239
2024-12-27,336.1386,339.5529,332.9999,338.137,338.137,1210106
2024-12-30,337.3447,337.4392,336.2151,337.3905,337.3905,1754318
2024-12-31,337.7852,339.5697,336.837,339.2878,339.2878,1043548
2025-01-02,338.8003,342.6649,336.8312,339.4508,339.4508,1041567
2025-01-03,341.3283,343.9701,341.0614,342.091,342.091,1575097
2025-01-06,343.1362,343.9272,341.9226,343.1658,343.1658,1500961
2025-01-07,344.5081,349.2789,337.6943,338.685,338.685,1508757
2025-01-08,339.4677,342.5235,335.2382,339.7131,339.7131,962179
2025-01-09,339.3949,341.3389,335.4581,338.4791,338.4791,1012940
2025-01-10,338.3104,341.134,331.8215,332.4948,332.4948,793877
2025-01-13,332.9261,334.9049,332.5909,333.3947,333.3947,1652654
2025-01-14,332.5193,334.7794,331.0944,331.539,331.539,1090941
2025-01-15,328.612,338.6165,325.0518,338.2904,338.2904,1040855
2025-01-16,339.7291,340.0092,336.1528,339.1757,339.1757,1039035
2025-01-17,339.2999,342.0719,333.0783,336.0089,336.0089,1350440
2025-01-20,334.5323,339.7607,332.9105,335.4953,335.4953,1936081
2025-01-21,335.4379,338.0095,333.1233,337.7248,337.7248,1045199
2025-01-22,336.5065,338.287,327.9009,331.3825,331.3825,1289703
2025-01-23,331.9088,332.3849,326.266,330.5735,330.5735,1200221
2025-01-24,331.0563,339.3539,328.2278,334.2785,334.2785,616543
2025-01-27,333.6572,335.5268,332.2998,332.756,332.756,834743
2025-01-28,333.4979,340.5108,333.0849,338.2247,338.2247,1043441
2025-01-29,339.824,342.4634,339.0078,342.1446,342.1446,1093049
2025-01-30,341.9377,342.5566,341.4371,342.0838,342.0838,1598977
2025-01-31,341.726,345.2788,335.0188,336.4326,336.4326,519683
2025-02-03,336.7504,340.9918,333.52,334.5447,334.5447,1539810
2025-02-04,334.6885,335.2116,331.2332,331.9368,331.9368,1444563
2025-02-05,332.1814,334.7976,331.3179,334.1653,334.1653,1520576
2025-02-06,332.5737,333.4155,321.8462,327.4918,327.4918,1545083
2025-02-07,331.6122,331.9916,325.5814,327.5806,327.5806,1444154
2025-02-10,325.9136,331.0381,325.5226,330.4752,330.4752,847373
2025-02-11,328.4139,331.7562,326.7845,331.1628,331.1628,860824
2025-02-12,333.14,334.6721,328.3099,330.8982,330.8982,901178
2025-02-13,332.3032,333.3352,329.0087,329.2105,329.2105,1483217
2025-02-14,331.2081,332.1015,327.6011,329.9545,329.9545,2018465
2025-02-17,331.3119,331.8792,328.9968,330.6853,330.6853,1601257
2025-02-18,329.1035,331.8362,328.8097,329.6889,329.6889,2457758
2025-02-19,328.3007,333.427,328.2838,332.9124,332.9124,1128127
2025-02-20,331.8945,334.5348,329.6024,333.1705,333.1705,1027914
2025-02-21,331.802,332.4521,327.3684,330.1556,330.1556,1764670
2025-02-24,329.8788,334.3168,324.2715,325.8978,325.8978,1138122
2025-02-25,325.6031,327.0707,318.658,322.3917,322.3917,1315346
2025-02-26,322.2587,325.447,319.9604,320.7071,320.7071,1503214
2025-02-27,322.9856,326.759,321.499,325.3277,325.3277,1074383
2025-02-28,325.9898,327.6408,321.4008,323.3924,323.3924,1229464
2025-03-03,321.9908,324.2721,320.8013,323.5328,323.5328,1356651
2025-03-04,322.0715,323.9622,317.407,319.7484,319.7484,1298025
2025-03-05,320.9135,325.8796,317.3646,323.3769,323.3769,1305080
2025-03-06,325.6356,325.9351,319.468,321.4808,321.4808,1244608
2025-03-07,321.9876,324.3135,319.0104,323.423,323.423,1977962
2025-03-10,322.0271,330.139,320.2857,327.6118,327.6118,1403101
2025-03-11,327.2571,332.7198,326.7701,330.5577,330.5577,1313614
2025-03-12,331.5103,338.1215,331.3893,337.2859,337.2859,1205260
2025-03-13,338.1057,338.1314,330.9995,332.0836,332.0836,1340036
2025-03-14,331.4989,333.8856,328.8985,330.094,330.094,882343
2025-03-17,327.2551,329.9731,324.8723,326.1216,326.1216,712132
2025-03-18,326.8237,327.1613,324.4572,325.2276,325.2276,1337110
2025-03-19,324.711,326.4658,319.2269,324.29,324.29,898185
2025-03-20,320.5526,321.3879,317.1897,317.4537,317.4537,1733739
2025-03-21,316.8739,317.1421,314.0562,314.6221,314.6221,1289503
2025-03-24,313.6338,320.1441,311.9423,320.0295,320.0295,1337476
2025-03-25,321.4434,331.4758,321.1688,330.5177,330.5177,2649186
2025-03-26,328.9068,331.7881,326.2629,331.1996,331.1996,1568242
2025-03-27,332.4385,335.5687,329.6181,331.8373,331.8373,1309663
2025-03-28,331.1511,331.8458,330.9945,331.6495,331.6495,1361802
2025-03-31,331.99,332.4673,326.1464,327.2906,327.2906,1326095
2025-04-01,327.3039,330.2131,318.938,319.5291,319.5291,665447
2025-04-02,319.7879,322.5271,318.1836,321.8708,321.8708,987803
2025-04-03,322.36,325.5587,320.1823,325.0805,325.0805,2435709
2025-04-04,324.0915,325.0867,321.2167,322.8856,322.8856,874128
2025-04-07,322.4949,324.4313,320.2382,323.3737,323.3737,1520022
2025-04-08,322.3619,322.783,321.1072,321.3727,321.3727,1300514
2025-04-09,319.1192,320.8978,314.275,314.6599,314.6599,682307
2025-04-10,315.6872,316.2257,312.2633,313.8116,313.8116,2091845
2025-04-11,313.3636,315.5344,313.1082,315.1594,315.1594,1181084
2025-04-14,314.9483,319.002,314.064,318.6734,318.6734,1287986
2025-04-15,317.1828,323.4768,315.5951,321.4895,321.4895,1955729
2025-04-16,322.2384,322.6992,315.926,317.0864,317.0864,545208
2025-04-17,317.0796,317.866,314.9891,316.2488,316.2488,1400260
2025-04-18,317.4014,317.5726,307.3156,313.0023,313.0023,1601886
2025-04-21,312.4327,314.6253,308.0367,308.7783,308.7783,1082213
2025-04-22,306.7813,307.8015,303.2454,305.4871,305.4871,1832045
2025-04-23,304.5353,304.5826,299.9805,300.047,300.047,1252645
2025-04-24,301.0991,302.9517,300.8989,301.1401,301.1401,1294918
2025-04-25,300.1543,305.5091,298.6186,303.4138,303.4138,1008656
2025-04-28,303.7587,304.2681,303.1492,303.1964,303.1964,498975
2025-04-29,303.0605,306.2946,301.7166,305.5038,305.5038,1155957
2025-04-30,304.8897,307.615,304.5625,306.3131,306.3131,1347628
2025-05-01,306.3948,307.4932,299.8544,299.9681,299.9681,1403639
2025-05-02,299.5697,304.4169,299.3784,301.7385,301.7385,1295248
2025-05-05,301.9448,307.2641,300.7546,303.892,303.892,1041513
2025-05-06,303.337,306.2462,300.2054,302.5448,302.5448,2863313
2025-05-07,300.4835,305.7354,298.6701,303.7896,303.7896,1720314
2025-05-08,302.3655,302.885,302.2237,302.7278,302.7278,932555
2025-05-09,300.3615,302.6407,298.3512,300.713,300.713,1341560
2025-05-12,302.1678,302.2107,298.9654,300.689,300.689,1470167
2025-05-13,301.3048,303.1752,298.8936,300.0127,300.0127,1484076
2025-05-14,298.5292,304.4499,297.6568,302.171,302.171,1447388
2025-05-15,303.6883,304.4136,303.469,303.9399,303.9399,800052
2025-05-16,304.6676,308.6462,303.81,307.5258,307.5258,2318133
2025-05-19,308.1471,314.1803,308.0399,311.8405,311.8405,904740
2025-05-20,312.5117,312.572,310.1386,312.1621,312.1621,3078897
2025-05-21,312.645,318.9064,311.6133,318.0169,318.0169,859369
2025-05-22,319.9785,323.663,314.7654,316.0679,316.0679,1178543
2025-05-23,316.7029,317.4022,315.7528,316.3755,316.3755,1055241
2025-05-26,318.5656,318.6738,312.5259,314.5863,314.5863,1691448
2025-05-27,315.0444,322.1765,314.2754,321.9463,321.9463,1352788
2025-05-28,322.2989,327.817,321.2073,327.5564,327.5564,983515
2025-05-29,326.4129,332.927,324.5351,330.8466,330.8466,1706957
2025-05-30,330.45,335.3332,329.9518,334.9658,334.9658,989469
2025-06-02,335.5938,337.7195,329.2943,331.1361,331.1361,799024
2025-06-03,330.9991,332.5736,327.663,330.5758,330.5758,1551057
2025-06-04,332.3263,334.255,331.775,333.7404,333.7404,1062535
2025-06-05,332.9685,334.1117,330.7126,333.0117,333.0117,1762162
2025-06-06,333.9439,336.2933,329.9086,332.285,332.285,1317489
2025-06-09,331.4403,338.7123,331.0889,336.0466,336.0466,1538105
2025-06-10,335.973,341.3068,334.3065,340.4285,340.4285,1225838
2025-06-11,341.3772,341.4267,336.8645,337.9552,337.9552,671918
2025-06-12,338.3805,340.3775,330.3522,330.5924,330.5924,3042912
2025-06-13,331.7586,331.9045,327.986,328.0951,328.0951,828662
2025-06-16,327.53,330.3798,325.2853,329.8678,329.8678,1766689
2025-06-17,330.8975,334.1238,328.5361,328.7971,328.7971,1067663
2025-06-18,330.1527,331.1016,328.7487,330.0516,330.0516,860597
2025-06-19,329.8666,332.7395,324.7334,327.0087,327.0087,718680
2025-06-20,327.4075,327.9588,324.9489,326.808,326.808,1432884
2025-06-23,328.5775,329.8777,319.9378,321.3753,321.3753,478574
2025-06-24,321.0066,324.9061,319.6291,323.8861,323.8861,1184770
2025-06-25,324.7663,325.7443,320.9494,324.1371,324.1371,1894145
2025-06-26,323.1843,326.2677,322.6145,325.2404,325.2404,2146657
2025-06-27,324.1002,326.1456,319.7463,320.0492,320.0492,1585297
2025-06-30,319.5922,320.3104,316.5393,317.5554,317.5554,1351694
2025-07-01,317.3824,328.2294,316.0138,325.308,325.308,1987508
2025-07-02,323.9933,324.8107,319.024,321.7135,321.7135,1675733
2025-07-03,320.1871,324.7086,319.8106,323.1824,323.1824,2170090
2025-07-07,321.3539,324.2859,320.5388,323.6556,323.6556,840035
2025-07-08,324.0109,329.8095,323.211,328.9446,328.9446,857646
2025-07-09,326.0818,327.4386,325.33,327.3362,327.3362,2187734
2025-07-10,326.4095,333.6796,325.1676,332.4935,332.4935,847152
2025-07-11,334.8575,335.8041,330.3027,331.0204,331.0204,643293
2025-07-14,330.3621,338.4963,328.4208,336.7948,336.7948,1586720
2025-07-15,336.8772,338.7118,332.6194,335.3515,335.3515,773559
2025-07-16,336.1835,336.3576,329.5207,330.2759,330.2759,1403753
2025-07-17,331.5722,335.4071,331.4601,331.5532,331.5532,1527980
2025-07-18,332.1506,333.2054,326.0152,327.1167,327.1167,3903189
2025-07-21,326.6286,329.7658,324.6171,325.2644,325.2644,889854
2025-07-22,325.6871,332.0589,322.4016,331.3797,331.3797,2345087
2025-07-23,331.0223,333.4056,328.4769,329.0228,329.0228,1496625
2025-07-24,329.6045,330.3147,324.0384,325.0123,325.0123,1318124
2025-07-25,325.7004,330.1375,324.2238,326.6017,326.6017,643956
2025-07-28,326.7605,326.7822,323.371,325.9702,325.9702,959708
2025-07-29,325.7642,329.3626,324.2817,327.9722,327.9722,996316
2025-07-30,326.511,326.9739,320.2528,320.5218,320.5218,665471
2025-07-31,320.693,320.6958,318.2518,319.5122,319.5122,1034765
2025-08-01,317.8712,318.8135,316.7074,316.9784,316.9784,1529669
2025-08-04,316.5478,317.1782,315.4494,316.6208,316.6208,1107965
2025-08-05,315.7838,325.232,313.8639,323.751,323.751,881863
2025-08-06,324.7671,327.0683,324.3671,326.3897,326.3897,1469777
2025-08-07,329.2048,329.7728,326.6588,328.8384,328.8384,1192793
2025-08-08,328.7569,336.3318,327.7985,335.1216,335.1216,676066
2025-08-11,336.6889,339.5211,330.7852,331.6242,331.6242,1880396
2025-08-12,332.7623,333.9705,323.593,326.8639,326.8639,1174253
2025-08-13,326.4391,329.2888,323.1527,323.6488,323.6488,1725403
2025-08-14,323.1486,325.4642,319.6219,322.8893,322.8893,1195334
2025-08-15,321.801,322.0516,315.9518,319.562,319.562,1032154
2025-08-18,316.3305,320.2961,316.1113,317.9747,317.9747,1532175
2025-08-19,318.5711,325.3366,315.8321,324.3162,324.3162,1556130
2025-08-20,323.1363,330.302,322.3616,328.1408,328.1408,719561
2025-08-21,327.1082,330.4799,324.8761,326.5125,326.5125,644870
2025-08-22,326.0273,326.6575,323.2822,324.4505,324.4505,1240974
2025-08-25,324.1874,326.1907,319.9201,321.7966,321.7966,1101099
2025-08-26,319.3081,322.3782,317.2299,320.4132,320.4132,1043054
2025-08-27,320.449,326.022,319.4278,324.9814,324.9814,1088443
2025-08-28,325.566,328.1158,322.8723,323.6008,323.6008,877987
2025-08-29,325.3392,327.3005,323.4922,324.8045,324.8045,1057590
2025-09-01,326.546,335.1656,325.8208,333.6962,333.6962,1684854
2025-09-02,332.4534,336.6058,330.8548,334.8169,334.8169,995706
2025-09-03,334.6325,347.0867,334.0388,343.7095,343.7095,1421434
2025-09-04,344.9178,348.4568,341.9539,347.2925,347.2925,1307297
2025-09-05,344.0031,354.1531,343.3766,349.1099,349.1099,1161140
2025-09-08,349.3904,351.42,344.64,345.7855,345.7855,1108677
2025-09-09,346.4195,352.9993,346.1419,351.6575,351.6575,680705
2025-09-10,351.7784,352.7306,348.9296,351.83,351.83,1963080
2025-09-11,351.1972,352.4896,349.7775,351.3706,351.3706,1020640
2025-09-12,352.5163,357.748,352.2523,357.7238,357.7238,1213582
2025-09-15,357.502,359.173,355.1718,355.5892,355.5892,1229151
2025-09-16,355.4937,356.6044,354.1713,356.1478,356.1478,1573942
2025-09-17,355.2592,360.0797,353.7283,358.5518,358.5518,1247850
2025-09-18,359.3578,361.4839,358.9693,359.258,359.258,1157390
2025-09-19,359.415,363.0222,358.0221,359.787,359.787,1417244
2025-09-22,360.7773,362.5881,357.3436,358.2897,358.2897,1412472
2025-09-23,358.5311,362.5251,356.8637,361.1641,361.1641,752088
2025-09-24,362.6067,365.5476,362.5785,364.6653,364.6653,701253
2025-09-25,363.7013,366.4943,361.4249,361.9229,361.9229,1914669
2025-09-26,362.3374,362.7304,359.5521,359.9683,359.9683,937107
2025-09-29,358.9407,360.862,354.1797,355.5593,355.5593,1416694
2025-09-30,356.5003,361.6324,354.5832,361.3845,361.3845,1852890
2025-10-01,361.325,361.9794,359.1541,359.6195,359.6195,938685
2025-10-02,359.3815,371.0543,357.4523,368.7709,368.7709,1644005
2025-10-03,368.7894,374.7381,363.8891,372.8665,372.8665,1123586
2025-10-06,374.1393,378.6409,368.3063,368.9316,368.9316,2103227
2025-10-07,368.5957,372.5005,366.7148,371.8313,371.8313,1153569
2025-10-08,370.7496,378.3827,369.3302,378.0286,378.0286,940642
2025-10-09,376.05,376.8588,373.8724,374.1345,374.1345,858625
2025-10-10,373.6843,379.4123,369.8927,378.6561,378.6561,1151820
2025-10-13,376.6975,381.439,376.624,379.781,379.781,2204165
2025-10-14,378.3174,387.8445,376.7255,384.0187,384.0187,806049
2025-10-15,384.2211,385.6579,373.1373,376.4528,376.4528,778524
2025-10-16,376.9473,380.9406,369.699,370.2631,370.2631,1490324
2025-10-17,370.0863,371.2922,365.1919,366.4231,366.4231,899845
2025-10-20,368.8702,369.459,365.1541,366.549,366.549,714009
2025-10-21,366.3169,370.1445,366.0754,369.4834,369.4834,2009500
2025-10-22,370.31,375.1447,368.8771,371.3051,371.3051,898482
2025-10-23,370.5496,371.4883,364.8505,368.8314,368.8314,581483
2025-10-24,369.6825,372.0102,362.802,365.2026,365.2026,1532817
2025-10-27,365.7466,369.551,362.5153,368.0144,368.0144,773845
2025-10-28,368.8507,370.2784,361.0305,362.0711,362.0711,2171238
2025-10-29,363.6753,363.8575,355.8507,358.1655,358.1655,867511
2025-10-30,358.4423,359.1362,355.1427,356.834,356.834,945379
2025-10-31,355.3316,363.5059,354.3235,363.2017,363.2017,2379789
2025-11-03,362.4639,367.1697,361.6973,366.7512,366.7512,892977
2025-11-04,367.4873,371.8771,366.8008,370.6424,370.6424,1335550
2025-11-05,370.2204,374.2408,369.4987,374.1596,374.1596,1259519
2025-11-06,373.2847,379.2851,372.6858,378.2865,378.2865,1503875
2025-11-07,379.5144,381.0685,375.2408,375.9258,375.9258,2041503
2025-11-10,375.0594,375.1706,374.903,374.998,374.998,682587
2025-11-11,374.8246,377.3789,371.8969,372.1935,372.1935,823672
2025-11-12,371.5528,379.703,371.352,376.3919,376.3919,1524209
2025-11-13,378.2671,379.6763,376.1137,378.8271,378.8271,799588
2025-11-14,378.4442,387.4545,378.2144,384.5282,384.5282,1570474
2025-11-17,385.4791,389.3096,381.0286,384.0418,384.0418,1980098
2025-11-18,385.8409,388.2214,381.9127,382.6262,382.6262,846664
2025-11-19,382.8695,383.8473,376.8769,377.0993,377.0993,733599
2025-11-20,376.7777,379.9099,374.5487,377.5199,377.5199,1125257
2025-11-21,378.5323,386.6824,378.3665,384.0621,384.0621,2043647
2025-11-24,384.8392,385.5736,380.5374,380.9426,380.9426,1710262
2025-11-25,380.7252,382.3937,377.3678,377.9905,377.9905,1054973
2025-11-26,376.3467,385.405,375.9819,384.2682,384.2682,1189800
2025-11-27,382.6317,385.2681,382.3972,383.4863,383.4863,1014347
2025-11-28,382.5383,384.2745,378.1648,379.8811,379.8811,2229186
2025-12-01,380.0209,380.4876,373.8778,375.1845,375.1845,1367586
2025-12-02,376.7254,378.0259,371.2476,373.9006,373.9006,745565
2025-12-03,374.4858,382.0839,372.2888,378.8987,378.8987,1048222
2025-12-04,377.9908,378.9054,375.3606,377.544,377.544,814051
2025-12-05,378.6144,379.9492,377.4888,378.2445,378.2445,955990
2025-12-08,379.0072,381.1936,373.0284,374.4877,374.4877,1662616
2025-12-09,374.9814,376.0238,365.5111,366.7665,366.7665,1867813
2025-12-10,365.3236,373.7484,363.5038,369.7774,369.7774,1024274
2025-12-11,371.4893,373.3875,360.8736,361.2479,361.2479,707131
2025-12-12,360.6228,366.2973,356.5624,365.1055,365.1055,1198875
2025-12-15,364.2195,372.1051,363.5407,372.0754,372.0754,1669922
2025-12-16,372.9848,376.1541,372.5436,374.642,374.642,875144
2025-12-17,374.7014,375.2755,372.083,374.1425,374.1425,981824
2025-12-18,375.8383,376.3151,369.9308,372.0489,372.0489,1698589
2025-12-19,370.0064,374.7341,369.5573,374.6909,374.6909,1071523
2025-12-22,373.9707,377.7153,373.1021,376.0333,376.0333,546680
2025-12-23,377.2371,380.4729,376.1351,377.7432,377.7432,1246822
2025-12-24,374.2491,382.3792,372.7548,380.7775,380.7775,1197887
2025-12-26,379.2599,384.8752,375.6184,383.5888,383.5888,1083360
2025-12-29,382.5137,388.1666,380.977,387.424,387.424,3050135
2025-12-30,386.7874,390.0721,381.7735,384.9061,384.9061,981455
2025-12-31,384.5121,385.1031,378.1938,378.4854,378.4854,2179951
