Date,Open,High,Low,Close,Adjusted_close,Volume
2018-01-02,25.0761,25.4604,24.7391,24.7449,24.7449,209002
2018-01-03,24.9232,26.9541,24.3137,26.3528,26.3528,178567
2018-01-04,26.6097,26.8337,26.5687,26.7876,26.7876,253159
2018-01-05,26.5303,27.8408,26.1213,27.2685,27.2685,74026
2018-01-08,27.5332,27.6194,26.5724,27.0066,27.0066,221940
2018-01-09,26.9763,27.0312,26.4423,26.5029,26.5029,102507
2018-01-10,26.7713,27.6117,26.0559,26.5322,26.5322,127638
2018-01-11,26.7228,27.2263,25.8403,26.1836,26.1836,102069
2018-01-12,26.4972,27.4754,26.324,27.3653,27.3653,197374
2018-01-15,27.6269,27.7062,26.7605,27.2208,27.2208,116362
2018-01-16,27.0607,27.5021,26.1637,26.496,26.496,219867
2018-01-17,26.6506,27.0437,24.9293,25.6535,25.6535,147131
2018-01-18,25.3977,25.6068,25.0394,25.355,25.355,206329
2018-01-19,25.572,26.0492,24.6557,25.8687,25.8687,203476
2018-01-22,26.2512,26.3154,25.5819,25.925,25.925,168359
2018-01-23,26.0807,26.3199,25.413,25.5189,25.5189,250877
2018-01-24,25.5266,25.7784,23.2236,23.7245,23.7245,158438
2018-01-25,23.9585,24.323,21.5983,21.8653,21.8653,239551
2018-01-26,22.0084,22.1379,21.2203,21.9309,21.9309,92258
2018-01-29,21.718,23.2904,21.6713,22.6737,22.6737,369335
2018-01-30,22.724,23.3472,22.3425,23.3112,23.3112,163399
2018-01-31,22.9436,24.018,22.8338,23.7507,23.7507,146569
2018-02-01,23.3397,24.0875,23.158,24.0118,24.0118,120075
2018-02-02,23.9075,24.2225,23.8283,24.0817,24.0817,119350
2018-02-05,24.0351,24.7231,23.8239,24.6706,24.6706,182357
2018-02-06,25.1093,26.1127,24.7968,25.8614,25.8614,428142
2018-02-07,25.8493,26.8572,25.6833,26.6325,26.6325,282116
2018-02-08,26.6299,27.5356,26.4581,27.1061,27.1061,198479
2018-02-09,27.1728,27.7594,25.7993,26.7343,26.7343,329554
2018-02-12,27.0234,27.4541,26.6748,27.0792,27.0792,145176
2018-02-13,26.9626,28.9509,26.8315,28.335,28.335,196045
2018-02-14,28.6248,29.1303,27.9242,28.8319,28.8319,126867
2018-02-15,29.1396,29.1401,28.7007,29.1209,29.1209,247069
2018-02-16,29.1407,29.6564,29.1096,29.598,29.598,208263
2018-02-19,29.3622,30.3755,28.4259,29.6516,29.6516,241058
2018-02-20,29.7255,30.653,29.6949,30.4478,30.4478,144758
2018-02-21,30.5634,31.0032,28.7786,29.156,29.156,72259
2018-02-22,28.9879,29.6021,27.2365,27.4458,27.4458,311576
2018-02-23,27.1537,27.2467,25.8878,26.1428,26.1428,334454
2018-02-26,26.0311,26.6622,25.399,26.1566,26.1566,138888
2018-02-27,26.7591,27.0936,26.4946,27.0383,27.0383,138249
2018-02-28,26.9269,27.4829,26.5546,26.5847,26.5847,249705
2018-03-01,26.4934,27.1222,26.1066,26.9176,26.9176,196750
2018-03-02,26.7642,27.425,26.6915,26.8885,26.8885,95598
2018-03-05,26.8168,27.4175,26.4041,26.9035,26.9035,121140
2018-03-06,26.5078,28.7434,26.4687,28.3721,28.3721,135416
2018-03-07,28.1201,29.2058,27.4304,28.6783,28.6783,224695
2018-03-08,28.5383,28.7796,27.8913,27.956,27.956,52764
2018-03-09,27.9687,30.0465,27.7844,29.2952,29.2952,175179
2018-03-12,29.3587,29.5797,28.658,29.5026,29.5026,143016
2018-03-13,28.9948,29.8483,28.3396,29.1948,29.1948,151422
2018-03-14,29.4874,30.6809,29.0727,30.5354,30.5354,165580
2018-03-15,30.2629,31.0268,29.5696,30.4106,30.4106,312550
2018-03-16,30.1547,30.8606,29.9536,30.7917,30.7917,197838
2018-03-19,31.062,31.8078,30.1387,30.5991,30.5991,119687
2018-03-20,30.6738,32.4005,30.1859,31.2855,31.2855,166240
2018-03-21,31.5165,31.5887,29.5343,30.0639,30.0639,103099
2018-03-22,29.4681,31.0148,29.1989,30.6742,30.6742,78073
2018-03-23,31.1082,31.1448,30.7987,30.8718,30.8718,163482
2018-03-26,31.2777,31.3432,31.0825,31.3293,31.3293,247050
2018-03-27,31.3645,31.52,29.9673,30.4211,30.4211,326852
2018-03-28,30.5746,32.0641,29.504,31.482,31.482,135028
2018-03-29,31.6199,31.6379,31.336,31.4709,31.4709,160936
2018-03-30,31.4339,33.1582,31.1256,32.788,32.788,111919
2018-04-02,32.4392,33.7712,32.1896,33.5505,33.5505,133607
2018-04-03,33.2394,35.3058,32.8979,35.2382,35.2382,119279
2018-04-04,35.6847,37.4626,35.3001,36.9291,36.9291,169397
2018-04-05,37.0057,38.3419,36.6578,37.7973,37.7973,222365
2018-04-06,37.6639,38.7714,36.0494,36.3309,36.3309,103496
2018-04-09,36.0057,37.4444,36.0049,36.4012,36.4012,160385
2018-04-10,36.1526,36.4907,35.4779,35.9088,35.9088,284492
2018-04-11,35.8078,36.4139,33.6574,34.0416,34.0416,114474
2018-04-12,34.0266,34.2582,33.7539,33.7816,33.7816,323350
2018-04-13,33.7021,34.2648,33.1745,33.4855,33.4855,220137
2018-04-16,33.2753,35.2202,31.8506,35.097,35.097,135159
2018-04-17,35.1088,35.495,34.7679,34.8596,34.8596,124250
2018-04-18,34.4831,34.6779,33.8625,34.1725,34.1725,114571
2018-04-19,34.8032,35.4408,33.7146,33.7248,33.7248,145948
2018-04-20,33.6217,34.504,33.3577,34.2611,34.2611,184901
2018-04-23,33.6654,34.1707,32.9974,33.2861,33.2861,144221
2018-04-24,33.0553,33.7919,32.5221,33.4628,33.4628,452795
2018-04-25,33.5716,34.0082,32.9871,33.4775,33.4775,85616
2018-04-26,33.5957,33.7257,31.7244,32.2924,32.2924,299470
2018-04-27,32.2826,32.513,31.3452,31.6023,31.6023,75480
2018-04-30,31.1426,31.3956,30.3957,30.6458,30.6458,186695
2018-05-01,30.7794,30.8095,29.6862,29.8394,29.8394,143251
2018-05-02,29.7863,31.1205,29.2652,31.1173,31.1173,128766
2018-05-03,30.8698,31.5343,30.0866,30.7355,30.7355,83864
2018-05-04,30.7492,31.374,30.2749,30.9024,30.9024,140345
2018-05-07,30.3921,31.1724,30.1854,31.0581,31.0581,152527
2018-05-08,30.3057,31.0177,29.211,30.7309,30.7309,80771
2018-05-09,30.8892,32.2526,30.0647,32.162,32.162,173122
2018-05-10,32.3194,32.362,31.0919,31.255,31.255,110469
2018-05-11,31.5831,32.9064,31.0207,31.6514,31.6514,131549
2018-05-14,32.0284,32.2142,29.6143,30.0599,30.0599,164490
2018-05-15,29.9128,30.2842,29.3242,30.1369,30.1369,162377
2018-05-16,30.0967,30.2652,29.251,29.6305,29.6305,241437
2018-05-17,29.4721,29.923,28.8438,28.8954,28.8954,202655
2018-05-18,28.9632,30.1239,28.9086,29.7453,29.7453,366442
2018-05-21,30.0387,30.2758,29.3234,29.4842,29.4842,244918
2018-05-22,29.4515,30.0202,29.2606,29.8491,29.8491,121476
2018-05-23,29.9017,30.8734,29.8418,30.5852,30.5852,230944
2018-05-24,31.0274,31.0915,30.2114,30.423,30.423,149489
2018-05-25,30.4782,30.9109,30.4511,30.6879,30.6879,325707
2018-05-28,30.8652,31.0934,30.2345,30.5498,30.5498,88634
2018-05-29,30.4946,31.0933,29.2234,29.6712,29.6712,164872
2018-05-30,30.1488,30.4144,28.0388,28.5234,28.5234,197386
2018-05-31,28.7285,30.063,28.0599,29.004,29.004,202909
2018-06-01,28.6288,29.0498,28.2841,28.6371,28.6371,172978
2018-06-04,28.7152,29.5906,28.6743,29.4336,29.4336,204770
2018-06-05,29.4016,30.9641,29.2582,30.6937,30.6937,214368
2018-06-06,30.8289,32.5693,30.7477,32.2427,32.2427,176563
2018-06-07,32.3043,33.0721,31.6587,32.8317,32.8317,146177
2018-06-08,33.4254,34.6858,30.4278,30.7892,30.7892,380833
2018-06-11,30.907,31.2545,30.3445,30.4247,30.4247,181108
2018-06-12,30.8575,31.4564,29.4274,30.0273,30.0273,219559
2018-06-13,29.9566,30.3438,28.5135,29.176,29.176,124705
2018-06-14,29.0496,29.4501,28.0767,28.7855,28.7855,371555
2018-06-15,28.9442,29.5265,28.2516,29.0995,29.0995,119321
2018-06-18,28.9606,29.1864,28.6703,29.0091,29.0091,92253
2018-06-19,28.5193,28.8685,27.594,27.6697,27.6697,145402
2018-06-20,27.4207,27.5259,27.2048,27.3908,27.3908,166786
2018-06-21,27.1367,27.987,26.9084,27.6876,27.6876,225250
2018-06-22,28.2308,28.311,27.443,27.6392,27.6392,89916
2018-06-25,27.2857,29.3039,27.1724,29.1758,29.1758,307174
2018-06-26,29.0305,29.071,28.3386,28.5976,28.5976,250220
2018-06-27,29.4186,29.4305,27.1777,27.5548,27.5548,121268
2018-06-28,28.0321,28.1464,27.7142,28.0693,28.0693,165780
2018-06-29,28.2006,29.4515,27.7915,29.4482,29.4482,74441
2018-07-02,29.2209,30.28,28.9854,29.9365,29.9365,98755
2018-07-03,29.987,30.6762,29.7354,30.1215,30.1215,270367
2018-07-05,30.3632,31.0267,30.0497,30.9101,30.9101,197408
2018-07-06,30.7996,31.793,30.7934,31.0897,31.0897,231007
2018-07-09,31.0685,31.3124,30.1284,30.8554,30.8554,131866
2018-07-10,30.6193,31.7849,30.5678,31.4018,31.4018,135769
2018-07-11,31.2368,31.2478,29.7041,29.8285,29.8285,190196
2018-07-12,29.5519,29.6353,29.199,29.4809,29.4809,145004
2018-07-13,29.7116,29.9986,29.491,29.774,29.774,169028
2018-07-16,29.7729,31.5865,29.4693,30.8722,30.8722,156696
2018-07-17,30.9223,31.4856,29.5392,30.0812,30.0812,145042
2018-07-18,30.5994,30.9984,29.145,29.7445,29.7445,341515
2018-07-19,29.557,30.1189,29.0769,29.1819,29.1819,186871
2018-07-20,28.9115,29.6095,28.1202,29.5532,29.5532,150454
2018-07-23,29.7273,30.4506,28.5073,28.6757,28.6757,181581
2018-07-24,28.2968,30.2784,27.695,29.8538,29.8538,106436
2018-07-25,29.6598,29.8844,29.3172,29.616,29.616,157222
2018-07-26,30.2069,30.8765,27.9848,28.2898,28.2898,186987
2018-07-27,28.062,29.1299,27.8523,28.8967,28.8967,69054
2018-07-30,29.5352,29.7976,29.3391,29.7652,29.7652,245921
2018-07-31,29.6539,30.6771,28.6138,30.0011,30.0011,223338
2018-08-01,30.6806,31.3683,30.1611,30.1718,30.1718,156698
2018-08-02,30.2271,30.4982,28.2653,28.5788,28.5788,90363
2018-08-03,29.0142,29.0244,28.3375,28.4225,28.4225,137903
2018-08-06,28.0812,29.6884,27.8406,28.4978,28.4978,87675
2018-08-07,28.4927,30.5924,28.3841,30.3467,30.3467,156326
2018-08-08,30.6528,31.4599,29.1259,29.5013,29.5013,212735
2018-08-09,29.3625,31.0885,29.162,30.9991,30.9991,232661
2018-08-10,31.5805,32.0818,30.137,30.7546,30.7546,321000
2018-08-13,30.7523,32.6734,30.2236,32.5551,32.5551,172809
2018-08-14,32.8864,33.4576,32.279,33.0892,33.0892,466441
2018-08-15,32.9322,33.0038,31.227,31.7524,31.7524,196190
2018-08-16,31.8618,32.0138,30.221,31.2987,31.2987,238290
2018-08-17,31.3287,31.384,30.8176,31.3227,31.3227,106224
2018-08-20,31.0259,31.6262,30.0024,30.1548,30.1548,141914
2018-08-21,29.8156,31.6413,29.3967,31.219,31.219,158078
2018-08-22,31.3069,31.5273,29.9603,30.4646,30.4646,329187
2018-08-23,30.7061,32.8402,30.4515,31.913,31.913,150576
2018-08-24,31.5704,33.5388,30.8592,32.9153,32.9153,169635
2018-08-27,32.227,32.4841,31.9635,32.447,32.447,207722
2018-08-28,32.7793,33.4199,32.2759,32.5491,32.5491,181778
2018-08-29,32.4912,33.6803,32.2899,33.3505,33.3505,89000
2018-08-30,33.141,34.6531,32.8812,34.1507,34.1507,234254
2018-08-31,33.8875,36.0133,33.5377,35.6164,35.6164,92579
2018-09-03,35.7112,38.2961,35.6001,36.9443,36.9443,323032
2018-09-04,37.1839,37.4803,36.5183,36.8758,36.8758,234365
2018-09-05,37.1246,37.1368,35.5121,36.1496,36.1496,149962
2018-09-06,36.1286,37.9719,34.6861,37.3407,37.3407,178054
2018-09-07,36.8627,39.2032,36.3403,38.8412,38.8412,144653
2018-09-10,38.3204,39.26,37.1277,37.6023,37.6023,184491
2018-09-11,37.2617,39.0075,36.7331,38.4547,38.4547,173748
2018-09-12,38.3756,38.5085,37.1658,37.2048,37.2048,295924
2018-09-13,37.1596,37.9732,36.6456,37.924,37.924,186023
2018-09-14,38.2156,40.4566,37.4432,40.1797,40.1797,148513
2018-09-17,40.7894,40.8349,39.9582,40.7817,40.7817,167000
2018-09-18,40.4632,44.0555,40.2224,42.4045,42.4045,196533
2018-09-19,42.7457,43.6549,42.2575,42.7854,42.7854,232942
2018-09-20,43.9263,44.7177,41.2057,41.7772,41.7772,173543
2018-09-21,41.3562,43.5135,41.0708,43.0855,43.0855,171127
2018-09-24,43.224,44.8086,43.0388,44.1043,44.1043,174172
2018-09-25,43.7719,44.0443,42.4608,43.4344,43.4344,160349
2018-09-26,43.3906,44.3044,40.7912,42.3922,42.3922,179819
2018-09-27,41.5864,41.9968,40.317,40.7241,40.7241,162786
2018-09-28,40.9298,40.9624,38.8841,39.2561,39.2561,86181
2018-10-01,39.3014,39.4669,37.8253,38.4985,38.4985,82703
2018-10-02,38.0834,39.1726,37.9152,38.745,38.745,88296
2018-10-03,39.5735,40.0546,39.1211,39.8131,39.8131,99822
2018-10-04,40.1374,41.3569,37.4528,37.7877,37.7877,92953
2018-10-05,38.1843,39.1498,35.3413,36.1193,36.1193,92315
2018-10-08,35.8637,37.8859,35.0041,37.275,37.275,137670
2018-10-09,38.0054,38.1299,35.4344,36.4672,36.4672,311393
2018-10-10,36.3081,37.1736,35.2919,35.7555,35.7555,138309
2018-10-11,35.7764,36.6596,35.7068,36.1453,36.1453,131496
2018-10-12,36.6974,37.8121,35.5117,37.5958,37.5958,115318
2018-10-15,37.6815,37.9296,36.8934,37.4693,37.4693,142588
2018-10-16,37.8736,38.6942,37.065,38.2853,38.2853,270055
2018-10-17,38.1035,39.1607,37.7184,38.0211,38.0211,73073
2018-10-18,37.8419,38.2799,37.4253,37.9083,37.9083,131240
2018-10-19,37.6272,38.8046,35.671,36.2651,36.2651,393998
2018-10-22,36.9375,38.0053,34.6863,35.5456,35.5456,250227
2018-10-23,34.9638,36.6947,34.1467,35.7093,35.7093,277975
2018-10-24,35.5408,36.1199,35.098,35.9633,35.9633,101645
2018-10-25,36.2595,37.757,36.0801,37.4489,37.4489,143546
2018-10-26,37.7165,38.0967,36.9672,38.053,38.053,333880
2018-10-29,37.7549,38.111,37.3541,38.1017,38.1017,153694
2018-10-30,38.162,38.2615,37.6751,37.7243,37.7243,199401
2018-10-31,38.089,38.4139,37.2006,38.2854,38.2854,108563
2018-11-01,38.3063,38.4967,36.0111,36.9039,36.9039,135991
2018-11-02,35.9111,39.4364,35.1134,39.2959,39.2959,235976
2018-11-05,39.3323,40.2568,35.8342,36.6005,36.6005,150357
2018-11-06,36.1626,37.9353,35.743,37.1478,37.1478,339038
2018-11-07,37.0734,37.592,35.8623,37.0258,37.0258,110750
2018-11-08,36.1439,41.0244,35.9801,39.9642,39.9642,261218
2018-11-09,39.9393,40.0974,39.171,39.6303,39.6303,93947
2018-11-12,39.6331,40.7452,39.2538,40.0446,40.0446,104022
2018-11-13,39.6782,40.1108,39.1592,39.8673,39.8673,209790
2018-11-14,39.6676,40.1979,38.6114,38.6437,38.6437,129341
2018-11-15,38.5112,39.5793,38.1015,39.1383,39.1383,230998
2018-11-16,39.7138,39.9775,37.9382,39.1928,39.1928,90024
2018-11-19,38.7525,38.9265,36.4709,37.38,37.38,116096
2018-11-20,37.0279,37.3266,36.1575,36.7008,36.7008,105137
2018-11-21,36.6966,37.8538,36.1373,37.5247,37.5247,135863
2018-11-22,36.9228,38.8459,36.7184,38.6749,38.6749,214907
2018-11-23,39.2887,39.6144,37.9162,38.4525,38.4525,78313
2018-11-26,39.2616,39.7294,38.526,38.7389,38.7389,263630
2018-11-27,39.1281,39.8429,38.0893,38.3742,38.3742,188804
2018-11-28,37.9595,38.9205,37.4323,38.5276,38.5276,178628
2018-11-29,39.2048,39.9191,38.562,38.6677,38.6677,118576
2018-11-30,38.3733,39.7577,37.6801,39.4922,39.4922,236589
2018-12-03,39.1414,40.1175,37.8868,38.2719,38.2719,327454
2018-12-04,37.9314,40.6341,37.7663,39.8765,39.8765,256181
2018-12-05,39.5883,40.408,39.0249,39.8751,39.8751,208547
2018-12-06,39.9919,41.1932,39.7132,40.6269,40.6269,273205
2018-12-07,40.6688,41.5532,40.453,40.4535,40.4535,155220
2018-12-10,40.3047,40.4054,38.6484,38.8838,38.8838,206282
2018-12-11,38.8421,39.6106,38.1884,38.7516,38.7516,325597
2018-12-12,38.4204,39.4712,37.8168,38.9847,38.9847,301192
2018-12-13,39.1659,39.9357,36.7783,38.0711,38.0711,157782
2018-12-14,37.8684,38.562,36.2345,36.6476,36.6476,248394
2018-12-17,37.471,38.2155,36.4404,36.5351,36.5351,181930
2018-12-18,36.1906,36.9596,36.0504,36.9066,36.9066,159437
2018-12-19,37.0084,38.0082,34.8678,34.942,34.942,135689
2018-12-20,34.7994,34.9272,33.746,34.3567,34.3567,186445
2018-12-21,34.1365,34.9033,33.7236,34.855,34.855,129511
2018-12-24,35.3956,35.49,34.9056,35.0474,35.0474,136674
2018-12-26,34.623,35.4319,33.0574,33.1962,33.1962,71255
2018-12-27,33.4855,34.0119,32.2556,32.465,32.465,179153
2018-12-28,32.7668,33.7197,31.5633,33.2015,33.2015,192314
2018-12-31,32.857,35.006,31.024,34.2165,34.2165,111036
2019-01-02,34.1795,35.8442,34.0474,35.7932,35.7932,103995
2019-01-03,35.512,37.1198,34.457,36.6075,36.6075,98732
2019-01-04,36.4892,37.6738,36.4015,36.4063,36.4063,195356
2019-01-07,36.9581,37.7621,35.8226,37.3041,37.3041,151108
2019-01-08,37.2074,37.8557,35.9993,36.5414,36.5414,153289
2019-01-09,36.6799,36.7452,36.0734,36.3617,36.3617,150505
2019-01-10,36.1639,36.723,34.3512,34.6121,34.6121,103088
2019-01-11,35.0724,35.2763,33.9999,34.0721,34.0721,176915
2019-01-14,34.1997,36.9763,33.8464,36.5873,36.5873,193775
2019-01-15,36.1105,37.5498,35.9888,36.9727,36.9727,185878
2019-01-16,37.1149,38.998,36.1012,38.3571,38.3571,89351
2019-01-17,38.2298,38.671,36.7574,37.0521,37.0521,369203
2019-01-18,37.0737,37.9338,36.3038,37.5041,37.5041,166162
2019-01-21,37.55,40.3201,36.9243,39.5106,39.5106,117324
2019-01-22,38.7481,40.5158,38.0785,40.1604,40.1604,181414
2019-01-23,39.7893,40.3619,37.0221,38.8028,38.8028,95745
2019-01-24,38.9326,39.0523,38.2152,38.3957,38.3957,123825
2019-01-25,38.3747,40.0431,38.3613,39.0789,39.0789,84882
2019-01-28,38.6764,38.7568,38.4081,38.4741,38.4741,247097
2019-01-29,38.6633,39.6264,37.9561,38.2262,38.2262,87461
2019-01-30,38.4637,39.8823,37.5618,39.2619,39.2619,146168
2019-01-31,39.1614,41.1211,38.319,40.8709,40.8709,89182
2019-02-01,40.1002,41.5143,39.8688,40.7477,40.7477,153800
2019-02-04,40.9517,40.9631,40.2894,40.424,40.424,356673
2019-02-05,40.1782,42.0454,38.2876,40.5055,40.5055,97885
2019-02-06,40.5149,41.9327,39.508,41.9249,41.9249,118788
2019-02-07,41.9664,42.7196,39.2557,39.6771,39.6771,150078
2019-02-08,39.248,40.476,38.8656,40.4107,40.4107,133100
2019-02-11,40.8027,41.2264,37.4855,38.2533,38.2533,159418
2019-02-12,38.3019,38.8182,37.2015,37.9203,37.9203,172325
2019-02-13,37.7352,38.8288,36.4618,36.6477,36.6477,161798
2019-02-14,36.5423,36.8628,34.5103,34.7052,34.7052,209291
2019-02-15,34.7522,35.0185,33.7945,34.2038,34.2038,176274
2019-02-18,34.5731,35.7162,34.367,34.774,34.774,164827
2019-02-19,34.7146,35.0777,34.59,34.8329,34.8329,101957
2019-02-20,35.0128,35.046,31.9932,32.9753,32.9753,217399
2019-02-21,33.0975,33.771,32.3856,33.7496,33.7496,122511
2019-02-22,33.5946,34.008,32.1559,33.9913,33.9913,105449
2019-02-25,33.6839,34.2999,33.4459,34.2176,34.2176,121980
2019-02-26,34.2027,34.8554,34.1696,34.7906,34.7906,189433
2019-02-27,34.6132,35.4266,34.4155,35.4052,35.4052,150646
2019-02-28,35.5574,37.0002,35.3062,36.924,36.924,160179
2019-03-01,37.3712,37.9094,36.4761,37.1416,37.1416,150505
2019-03-04,37.4332,38.4417,37.0212,38.1849,38.1849,349251
2019-03-05,38.2385,40.027,38.1661,39.6657,39.6657,250705
2019-03-06,39.5976,41.7947,39.3363,41.1538,41.1538,140275
2019-03-07,41.1647,42.9259,40.5427,41.9833,41.9833,171660
2019-03-08,42.0463,43.521,41.8882,42.6295,42.6295,119024
2019-03-11,42.3326,42.9158,41.7791,42.4124,42.4124,119303
2019-03-12,42.828,43.8234,42.1146,42.9599,42.9599,258091
2019-03-13,42.6528,44.0498,42.3711,43.8156,43.8156,134706
2019-03-14,44.5753,46.6457,42.9978,43.5867,43.5867,145979
2019-03-15,43.0873,43.6201,42.1145,42.5568,42.5568,118238
2019-03-18,41.5756,46.193,40.6766,44.839,44.839,209924
2019-03-19,45.0335,46.5902,44.6241,46.1842,46.1842,202562
2019-03-20,46.3201,47.2654,45.3094,46.7518,46.7518,223427
2019-03-21,46.0249,47.5613,45.7822,46.9287,46.9287,221878
2019-03-22,47.2315,48.2827,46.2717,47.0739,47.0739,72157
2019-03-25,46.7958,46.8462,45.131,45.1458,45.1458,73927
2019-03-26,45.3197,47.2882,44.4429,46.2074,46.2074,425872
2019-03-27,46.5995,48.1321,45.413,47.1488,47.1488,216019
2019-03-28,47.3891,49.0687,45.5256,48.9984,48.9984,152185
2019-03-29,49.2991,50.6148,47.5964,48.4154,48.4154,336105
2019-04-01,48.6862,50.3209,48.6017,48.9471,48.9471,185171
2019-04-02,48.0733,48.4805,46.1229,46.5613,46.5613,96353
2019-04-03,46.3302,46.4557,43.8242,44.6468,44.6468,147806
2019-04-04,45.1529,46.5054,45.0667,46.2628,46.2628,284372
2019-04-05,46.2999,48.0327,45.9807,47.2679,47.2679,228704
2019-04-08,47.2116,50.4504,46.9151,48.1645,48.1645,163632
2019-04-09,48.3828,48.9826,47.5077,48.8816,48.8816,227616
2019-04-10,49.4686,49.7568,47.0096,47.3993,47.3993,186277
2019-04-11,47.67,48.4721,47.0824,48.441,48.441,82637
2019-04-12,48.433,48.7323,44.6089,45.8484,45.8484,126081
2019-04-15,45.5986,46.5362,45.4267,45.7095,45.7095,206700
2019-04-16,46.5423,47.0073,43.7661,44.7602,44.7602,119587
2019-04-17,45.886,46.1628,44.3392,45.2429,45.2429,205294
2019-04-18,44.5014,46.5304,43.5609,44.9751,44.9751,190846
2019-04-19,44.5601,44.6073,44.1015,44.2422,44.2422,103979
2019-04-22,43.7044,45.8736,43.1905,44.715,44.715,168409
2019-04-23,45.5869,45.8684,43.4417,43.64,43.64,184159
2019-04-24,43.616,43.8856,42.8855,43.4874,43.4874,79817
2019-04-25,43.3054,44.9491,43.287,44.1002,44.1002,108314
2019-04-26,44.2207,44.7438,41.8421,42.6277,42.6277,120699
2019-04-29,42.9488,43.9472,42.0728,43.7673,43.7673,192598
2019-04-30,44.5387,44.9215,42.7592,43.5654,43.5654,117622
2019-05-01,42.8469,46.6293,42.652,46.2117,46.2117,185161
2019-05-02,46.0854,46.7271,46.0602,46.6183,46.6183,153988
2019-05-03,46.869,47.9365,46.4805,46.8617,46.8617,220156
2019-05-06,47.0289,47.4148,45.5422,47.056,47.056,131811
2019-05-07,47.0132,47.3524,45.0791,45.2523,45.2523,108159
2019-05-08,45.4876,46.4159,44.7814,45.9778,45.9778,206863
2019-05-09,46.9885,47.1188,42.9589,43.4479,43.4479,284638
2019-05-10,43.7683,43.985,41.2474,42.3965,42.3965,180861
2019-05-13,42.204,43.2867,39.2466,40.6482,40.6482,170956
2019-05-14,40.5393,40.6708,40.2594,40.5774,40.5774,174151
2019-05-15,40.2296,41.9441,39.7514,41.2068,41.2068,194519
2019-05-16,41.2033,41.7598,39.8017,41.309,41.309,142441
2019-05-17,41.3849,42.2624,39.9337,40.8126,40.8126,134143
2019-05-20,41.9391,42.5778,40.7198,41.0784,41.0784,120893
2019-05-21,40.4044,41.4141,39.8734,41.3078,41.3078,122249
2019-05-22,41.1309,42.6196,40.0112,42.4618,42.4618,106173
2019-05-23,42.227,44.0607,42.0802,42.9863,42.9863,79218
2019-05-24,43.3734,44.3398,42.38,43.2247,43.2247,155621
2019-05-27,43.0855,45.9355,42.4509,44.4268,44.4268,275275
2019-05-28,43.7844,44.2696,42.7709,43.3821,43.3821,98220
2019-05-29,43.1942,43.4529,41.4927,42.8891,42.8891,294561
2019-05-30,42.4724,42.8381,42.2857,42.2956,42.2956,267758
2019-05-31,43.0152,43.8058,41.5566,41.8519,41.8519,201433
2019-06-03,41.6023,42.4668,40.7084,41.5297,41.5297,113825
2019-06-04,40.8243,41.1154,40.4688,40.5422,40.5422,178755
2019-06-05,41.0162,41.8808,38.9658,39.2868,39.2868,265181
2019-06-06,39.3844,40.9605,38.9738,39.7528,39.7528,256700
2019-06-07,39.98,40.7672,39.2766,39.5884,39.5884,112814
2019-06-10,39.547,39.855,38.0689,38.3936,38.3936,134216
2019-06-11,38.8355,39.4618,37.9113,38.2864,38.2864,197123
2019-06-12,38.2238,38.3779,37.6877,37.8136,37.8136,190710
2019-06-13,37.9005,39.6153,37.1118,39.5419,39.5419,167155
2019-06-14,39.7624,40.0061,39.5582,39.9976,39.9976,189965
2019-06-17,39.8634,40.215,38.7554,39.5612,39.5612,145382
2019-06-18,38.8259,41.9056,37.3127,40.8554,40.8554,199905
2019-06-19,40.8993,41.5141,39.9805,40.0195,40.0195,215602
2019-06-20,39.9026,40.3587,39.2552,39.5715,39.5715,146646
2019-06-21,39.2034,41.8611,38.5923,41.0485,41.0485,114518
2019-06-24,41.5386,41.9317,41.0845,41.7316,41.7316,309243
2019-06-25,41.5651,42.0466,38.637,39.1343,39.1343,267521
2019-06-26,39.364,40.0045,39.2852,39.8532,39.8532,97445
2019-06-27,39.501,41.3599,39.1465,40.5419,40.5419,253051
2019-06-28,40.8228,43.4195,40.7699,42.6935,42.6935,224628
2019-07-01,42.6361,42.9035,40.5556,41.2082,41.2082,194379
2019-07-02,41.2691,42.9086,41.2617,42.058,42.058,140127
2019-07-03,42.1913,43.3895,42.1497,43.3484,43.3484,178404
2019-07-05,43.6137,43.9849,42.6684,43.5084,43.5084,284697
2019-07-08,43.7619,45.2855,43.0448,43.1788,43.1788,534518
2019-07-09,44.386,45.6425,41.6747,42.0854,42.0854,153699
2019-07-10,42.6295,44.1532,42.4237,43.4837,43.4837,202138
2019-07-11,42.8414,44.9044,42.6283,44.2026,44.2026,174505
2019-07-12,44.2759,45.5726,42.7128,43.831,43.831,251166
2019-07-15,44.4041,44.4868,42.8941,43.3227,43.3227,199148
2019-07-16,43.2754,44.6482,42.2832,43.9283,43.9283,174081
2019-07-17,43.973,45.0968,42.4247,43.1413,43.1413,86993
2019-07-18,43.5153,45.034,43.4447,44.2355,44.2355,90455
2019-07-19,43.4738,46.3598,43.0482,46.2105,46.2105,155094
2019-07-22,46.4395,48.3704,44.8712,47.5756,47.5756,165189
2019-07-23,48.7526,49.0821,46.8446,47.0982,47.0982,105123
2019-07-24,47.2783,49.345,47.1741,48.3689,48.3689,199296
2019-07-25,48.7469,50.1713,48.6132,49.5907,49.5907,271282
2019-07-26,49.4828,51.846,48.4361,51.0379,51.0379,154429
2019-07-29,50.2265,51.0784,47.8704,48.813,48.813,757881
2019-07-30,48.6761,49.1195,47.2192,47.4463,47.4463,101977
2019-07-31,47.3283,48.2184,47.0232,47.6179,47.6179,211996
2019-08-01,46.5952,49.601,46.4836,48.7176,48.7176,134029
2019-08-02,47.9707,51.2136,47.9337,50.9294,50.9294,108355
2019-08-05,50.9903,53.681,50.5048,52.1908,52.1908,82784
2019-08-06,51.825,52.0274,50.339,51.2359,51.2359,167072
2019-08-07,50.9122,51.1158,50.5022,50.5844,50.5844,105632
2019-08-08,50.5821,51.7108,50.2006,51.1384,51.1384,80040
2019-08-09,50.8721,52.559,50.5942,52.1527,52.1527,113754
2019-08-12,52.1,52.9381,48.9331,49.1868,49.1868,145129
2019-08-13,48.8033,49.434,45.1466,46.1859,46.1859,145434
2019-08-14,45.8112,46.0824,43.6841,45.9508,45.9508,170756
2019-08-15,46.1925,46.4965,45.4917,46.4159,46.4159,256991
2019-08-16,46.2411,47.0667,45.6125,46.7126,46.7126,141043
2019-08-19,47.114,48.9414,47.0481,47.929,47.929,227849
2019-08-20,48.5315,51.5403,47.6991,50.0779,50.0779,164058
2019-08-21,50.1321,50.5096,48.72,49.7215,49.7215,157833
2019-08-22,49.6017,51.8789,48.9176,50.6883,50.6883,134612
2019-08-23,51.4935,52.2549,48.0978,48.5511,48.5511,125749
2019-08-26,49.4003,51.0733,49.0963,50.8599,50.8599,111404
2019-08-27,51.1478,51.2382,47.076,47.3274,47.3274,71358
2019-08-28,48.0042,48.5469,47.1358,47.3538,47.3538,110629
2019-08-29,46.8113,48.3065,45.6949,47.6394,47.6394,165004
2019-08-30,47.6653,47.9577,46.6919,47.8515,47.8515,74381
2019-09-02,47.8328,48.047,46.4092,46.7553,46.7553,288414
2019-09-03,46.2217,49.0258,46.0759,48.4239,48.4239,149484
2019-09-04,47.9711,49.3489,46.9709,48.8748,48.8748,187776
2019-09-05,48.7645,48.8783,45.7997,45.9505,45.9505,115564
2019-09-06,46.0113,47.0755,45.2847,46.5479,46.5479,123839
2019-09-09,46.6208,48.8645,45.3565,47.5767,47.5767,182788
2019-09-10,48.2001,49.9442,47.0591,47.7481,47.7481,117638
2019-09-11,48.1297,49.1534,48.1271,49.085,49.085,152938
2019-09-12,49.218,51.3302,48.322,50.9512,50.9512,260858
2019-09-13,51.1505,51.7809,47.2238,48.7012,48.7012,137892
2019-09-16,48.894,50.9174,47.7924,50.2568,50.2568,94362
2019-09-17,50.6125,50.9468,49.2048,49.3822,49.3822,278537
2019-09-18,48.9238,49.0045,48.2752,48.9957,48.9957,146065
2019-09-19,48.7732,52.1066,48.2074,51.432,51.432,101228
2019-09-20,51.6639,53.4795,51.3616,53.3576,53.3576,269456
2019-09-23,52.5343,52.7761,51.2111,51.5652,51.5652,209843
2019-09-24,51.1495,51.9998,50.4786,51.8307,51.8307,132925
2019-09-25,50.7991,51.2801,49.7794,49.8803,49.8803,171489
2019-09-26,49.1266,51.9433,48.9312,50.6668,50.6668,138578
2019-09-27,50.695,51.1337,49.5001,50.5786,50.5786,198944
2019-09-30,50.5266,51.7727,49.7831,51.6379,51.6379,328776
2019-10-01,51.2055,52.531,48.2163,48.3743,48.3743,197523
2019-10-02,48.4935,49.1399,46.1035,46.3797,46.3797,130023
2019-10-03,46.1526,47.5433,45.4766,45.771,45.771,137311
2019-10-04,46.0585,46.6501,45.5313,46.2707,46.2707,271205
2019-10-07,45.4827,46.2343,43.5633,44.793,44.793,90623
2019-10-08,45.2167,45.8093,43.9486,44.3112,44.3112,189058
2019-10-09,43.7936,46.4581,42.6262,46.1736,46.1736,202425
2019-10-10,46.0805,46.3282,43.1725,44.2256,44.2256,131557
2019-10-11,44.0358,44.645,40.3976,40.8795,40.8795,162363
2019-10-14,40.9001,40.9839,38.89,39.9415,39.9415,96427
2019-10-15,39.3386,40.3113,38.6805,40.1825,40.1825,218798
2019-10-16,40.3668,41.9501,37.9113,38.4495,38.4495,201386
2019-10-17,38.362,38.6082,36.6192,37.7251,37.7251,125109
2019-10-18,37.3957,37.5086,36.1471,37.407,37.407,209759
2019-10-21,36.912,37.646,34.0485,35.6685,35.6685,181497
2019-10-22,35.2823,36.5361,35.2053,36.08,36.08,110541
2019-10-23,36.194,37.0673,35.2541,35.7959,35.7959,120730
2019-10-24,36.0025,36.3358,35.4251,36.1303,36.1303,142039
2019-10-25,36.0082,36.0239,34.6986,35.358,35.358,129426
2019-10-28,36.1635,36.895,33.0505,33.3985,33.3985,194392
2019-10-29,33.3499,33.9124,33.1648,33.4075,33.4075,137830
2019-10-30,33.7298,33.7916,32.625,33.0686,33.0686,159094
2019-10-31,33.2852,36.1121,33.2645,35.2201,35.2201,224770
2019-11-01,35.5498,35.8832,34.9834,35.1497,35.1497,197861
2019-11-04,35.6845,35.9348,34.6239,34.9658,34.9658,284396
2019-11-05,35.2362,35.8315,33.7719,34.3124,34.3124,153214
2019-11-06,34.1155,35.7403,33.7825,34.3074,34.3074,120227
2019-11-07,34.1227,34.3208,33.7762,34.2116,34.2116,206819
2019-11-08,34.7054,35.9086,34.704,35.3193,35.3193,147631
2019-11-11,35.4029,36.4502,35.151,36.0534,36.0534,100818
2019-11-12,36.2276,36.4627,35.0178,35.4888,35.4888,187616
2019-11-13,35.2596,35.9651,34.6714,35.0512,35.0512,115417
2019-11-14,34.902,35.293,34.307,34.9096,34.9096,251364
2019-11-15,35.3689,36.0791,34.4806,35.0498,35.0498,303772
2019-11-18,34.9748,36.1724,34.7092,36.0818,36.0818,203276
2019-11-19,35.8464,36.5055,35.5409,36.4263,36.4263,253650
2019-11-20,36.5842,36.7911,36.2869,36.5227,36.5227,314210
2019-11-21,36.4468,36.7537,35.7513,36.6335,36.6335,135852
2019-11-22,37.1077,38.1016,35.809,37.7265,37.7265,209539
2019-11-25,37.2947,38.894,36.6287,38.8732,38.8732,104865
2019-11-26,39.0476,40.5998,38.8746,40.1318,40.1318,109400
2019-11-27,40.2013,41.9616,39.9977,41.3546,41.3546,177850
2019-11-28,41.1667,41.7205,40.7976,41.5621,41.5621,175397
2019-11-29,41.8488,42.6913,39.7869,40.3383,40.3383,195502
2019-12-02,40.187,42.9596,39.1316,42.4603,42.4603,179487
2019-12-03,42.6343,44.0692,42.33,43.811,43.811,100886
2019-12-04,43.5154,44.1058,43.3782,43.8948,43.8948,316036
2019-12-05,44.4038,46.1399,43.2459,45.4554,45.4554,201250
2019-12-06,45.13,46.184,44.7574,45.163,45.163,152122
2019-12-09,44.7398,45.3276,44.6014,45.234,45.234,528856
2019-12-10,45.2209,45.5125,43.9004,44.1681,44.1681,138317
2019-12-11,44.6081,45.669,42.5414,44.0039,44.0039,78546
2019-12-12,44.4099,45.4384,44.0756,44.2903,44.2903,124968
2019-12-13,43.8872,45.6489,43.4208,45.0181,45.0181,93653
2019-12-16,45.0103,46.5857,43.3871,43.6446,43.6446,173881
2019-12-17,43.8092,44.2287,43.5316,43.8521,43.8521,119298
2019-12-18,43.9994,45.0003,43.9678,44.8261,44.8261,522255
2019-12-19,44.2887,44.6348,43.268,44.0186,44.0186,222985
2019-12-20,44.1321,44.826,43.9691,44.2407,44.2407,174258
2019-12-23,43.7907,43.7997,40.6788,40.9336,40.9336,220289
2019-12-24,41.0302,42.0594,40.3349,41.2091,41.2091,233310
2019-12-26,40.9672,43.033,40.2908,42.2424,42.2424,207559
2019-12-27,42.6953,44.0166,41.2094,41.569,41.569,98366
2019-12-30,41.8001,42.2187,41.5403,41.9107,41.9107,110923
2019-12-31,41.7187,44.2622,41.6433,43.5566,43.5566,133724
2020-01-02,43.5812,44.2362,42.8991,43.6055,43.6055,127001
2020-01-03,43.0272,44.2903,42.6768,43.9591,43.9591,158606
2020-01-06,43.9367,44.1846,43.0231,43.3198,43.3198,134561
2020-01-07,43.1739,44.3171,41.5054,42.0579,42.0579,185684
2020-01-08,42.3776,42.6975,39.1785,40.3757,40.3757,131644
2020-01-09,40.1093,42.1158,39.4837,41.106,41.106,336181
2020-01-10,40.9497,41.0754,40.6078,40.9669,40.9669,252866
2020-01-13,41.1249,42.1751,40.6797,42.0444,42.0444,167458
2020-01-14,42.4616,43.338,42.1761,43.1054,43.1054,119908
2020-01-15,43.0974,44.1367,39.746,41.2532,41.2532,228618
2020-01-16,41.524,41.5306,40.8059,41.1885,41.1885,128379
2020-01-17,41.3239,43.302,40.7283,42.8016,42.8016,117858
2020-01-20,43.3474,44.4879,41.594,42.3419,42.3419,171475
2020-01-21,43.0429,43.9299,40.9588,43.7375,43.7375,94537
2020-01-22,43.9182,44.7845,43.7901,44.6461,44.6461,95499
2020-01-23,44.7557,45.6539,44.2523,44.6772,44.6772,197444
2020-01-24,44.4636,46.1883,44.4427,44.8368,44.8368,187783
2020-01-27,44.4901,45.818,43.3424,45.1498,45.1498,205161
2020-01-28,45.7195,46.6272,43.0908,44.231,44.231,69734
2020-01-29,44.5139,44.6194,43.8805,44.2986,44.2986,181798
2020-01-30,44.9379,45.9009,44.8955,45.1725,45.1725,302244
2020-01-31,45.0114,45.8601,44.7975,45.756,45.756,122333
2020-02-03,46.1947,46.9217,42.4161,42.7042,42.7042,368568
2020-02-04,42.7063,43.8335,42.3685,43.5022,43.5022,242780
2020-02-05,43.4705,43.7094,42.3097,42.9986,42.9986,91002
2020-02-06,42.7725,43.9498,42.0318,43.8184,43.8184,159522
2020-02-07,43.8433,43.8713,41.9472,42.4766,42.4766,83298
2020-02-10,41.8548,42.9077,41.5676,42.515,42.515,145941
2020-02-11,43.0079,44.5836,42.5188,43.5611,43.5611,111171
2020-02-12,43.5106,46.0265,42.5707,45.1635,45.1635,272911
2020-02-13,44.9996,45.4254,42.803,43.0452,43.0452,299297
2020-02-14,42.5027,42.6664,41.4754,42.1891,42.1891,140517
2020-02-17,42.5669,42.6451,41.1173,41.1317,41.1317,113335
2020-02-18,41.2214,41.841,38.247,38.6771,38.6771,299583
2020-02-19,38.3187,40.8611,38.2165,39.9064,39.9064,172016
2020-02-20,39.4893,39.7917,38.5485,38.8752,38.8752,132214
2020-02-21,38.7266,39.5666,37.3867,37.629,37.629,220017
2020-02-24,37.0711,39.1979,35.7713,37.9003,37.9003,248243
2020-02-25,37.7937,38.6356,37.5993,38.0387,38.0387,218412
2020-02-26,37.9426,40.1591,37.6579,40.0768,40.0768,237976
2020-02-27,40.201,41.4996,39.228,39.9381,39.9381,217681
2020-02-28,39.846,40.418,39.8418,39.9882,39.9882,81917
2020-03-02,40.1769,40.5166,39.441,39.7381,39.7381,294351
2020-03-03,39.3929,39.8308,38.3022,38.6324,38.6324,248907
2020-03-04,38.8587,39.5843,38.7158,39.1189,39.1189,151795
2020-03-05,39.0381,41.2595,38.9529,40.1501,40.1501,126142
2020-03-06,40.0196,40.5035,38.5892,39.2847,39.2847,197518
2020-03-09,39.1508,39.3195,36.7104,37.4223,37.4223,156530
2020-03-10,38.2472,39.4605,35.8621,36.4584,36.4584,190490
2020-03-11,36.313,37.3166,35.882,36.7309,36.7309,172693
2020-03-12,36.8709,39.161,36.7243,38.083,38.083,217939
2020-03-13,37.548,38.0328,36.3477,36.3808,36.3808,269488
2020-03-16,36.8932,37.6863,36.236,36.7399,36.7399,225653
2020-03-17,37.1814,37.5245,36.9285,37.4247,37.4247,173573
2020-03-18,37.0468,41.303,36.7788,41.1245,41.1245,131547
2020-03-19,41.6855,41.9968,41.1105,41.1858,41.1858,186741
2020-03-20,41.7173,41.8848,40.7698,41.2528,41.2528,160745
2020-03-23,40.5744,40.9098,39.1296,39.5443,39.5443,245347
2020-03-24,39.6914,39.8625,38.4584,39.0858,39.0858,217987
2020-03-25,39.316,39.5918,38.9336,39.0573,39.0573,58610
2020-03-26,39.2688,39.7023,37.3845,37.8152,37.8152,119011
2020-03-27,37.6091,39.1261,36.6647,38.2504,38.2504,177636
2020-03-30,38.1337,38.4283,36.646,37.215,37.215,286580
2020-03-31,36.9439,37.734,36.1326,36.1453,36.1453,288417
2020-04-01,35.8371,37.2596,35.4267,36.2339,36.2339,226430
2020-04-02,35.9107,36.4103,35.0491,35.6825,35.6825,144370
2020-04-03,35.9847,36.7852,35.9754,36.448,36.448,317981
2020-04-06,36.6595,37.7724,36.2556,36.7383,36.7383,168552
2020-04-07,36.6451,36.7104,34.7681,34.8612,34.8612,88347
2020-04-08,34.9533,35.5773,34.725,34.9463,34.9463,203109
2020-04-09,34.1657,34.2946,32.4806,33.0837,33.0837,106245
2020-04-10,33.0508,33.7805,31.7152,31.9516,31.9516,141378
2020-04-13,32.2562,32.3119,30.0741,30.6847,30.6847,131322
2020-04-14,30.5896,31.9909,30.2026,31.6947,31.6947,290407
2020-04-15,31.3306,32.166,31.0785,32.1223,32.1223,194143
2020-04-16,32.0292,32.038,30.8615,31.4837,31.4837,167880
2020-04-17,31.3475,31.964,30.555,30.5916,30.5916,99297
2020-04-20,30.732,32.7493,30.643,32.608,32.608,223996
2020-04-21,33.1646,35.1208,32.7684,34.4768,34.4768,125057
2020-04-22,34.6613,35.0153,34.0672,34.8567,34.8567,369900
2020-04-23,34.4511,34.6336,33.7496,34.095,34.095,303095
2020-04-24,33.6568,34.1064,33.4563,33.5221,33.5221,216000
2020-04-27,33.9676,34.7468,33.1023,34.7314,34.7314,77430
2020-04-28,34.2832,35.8379,34.0534,34.7934,34.7934,189754
2020-04-29,34.6038,35.0496,34.4885,34.862,34.862,111490
2020-04-30,34.4833,37.0242,34.2405,36.4583,36.4583,74392
2020-05-01,36.4774,36.7518,35.924,35.9979,35.9979,187095
2020-05-04,35.9029,37.4369,34.7609,35.1695,35.1695,101618
2020-05-05,35.1966,36.3076,35.1934,35.37,35.37,98763
2020-05-06,35.7323,36.1442,35.5113,35.8961,35.8961,174319
2020-05-07,36.0553,36.4563,35.0604,36.2545,36.2545,279669
2020-05-08,37.0961,37.788,37.0053,37.3335,37.3335,99958
2020-05-11,37.7737,37.9018,36.6811,37.1487,37.1487,330373
2020-05-12,36.3101,38.7566,35.67,38.5997,38.5997,241974
2020-05-13,38.7931,39.5256,38.1515,39.331,39.331,192321
2020-05-14,38.9865,40.2842,38.841,39.6994,39.6994,170521
2020-05-15,39.8911,39.9636,38.5527,38.757,38.757,61667
2020-05-18,38.3279,39.5792,36.2466,38.8528,38.8528,226177
2020-05-19,38.9751,39.6649,36.9725,38.2106,38.2106,163669
2020-05-20,38.5838,38.931,37.8984,38.2953,38.2953,127581
2020-05-21,37.7537,42.0387,37.139,40.8019,40.8019,150838
2020-05-22,40.5272,42.2266,40.4903,41.5077,41.5077,193436
2020-05-25,40.9516,41.9175,39.9521,41.7061,41.7061,150163
2020-05-26,42.3311,42.4419,38.7112,39.8959,39.8959,206270
2020-05-27,39.4156,39.5709,38.9533,39.2286,39.2286,327421
2020-05-28,39.4948,40.5686,37.5052,38.3513,38.3513,192578
2020-05-29,38.3018,38.4383,35.515,36.231,36.231,233268
2020-06-01,35.8755,39.5158,35.2434,38.5805,38.5805,175771
2020-06-02,38.3852,38.8852,37.2434,37.7376,37.7376,109545
2020-06-03,37.8779,40.5812,37.7098,40.408,40.408,250052
2020-06-04,40.0504,40.8106,39.7934,40.4855,40.4855,129674
2020-06-05,41.1241,41.2475,40.5294,40.7871,40.7871,230378
2020-06-08,40.7465,41.6525,40.124,41.1457,41.1457,154705
2020-06-09,40.5444,41.5763,40.4869,41.2704,41.2704,143035
2020-06-10,41.5631,41.9268,40.4496,40.636,40.636,134896
2020-06-11,40.7159,40.8665,39.7291,39.7952,39.7952,267872
2020-06-12,39.2379,40.3977,38.4015,38.6971,38.6971,148306
2020-06-15,38.4828,39.3092,38.2241,38.8753,38.8753,265481
2020-06-16,38.8153,39.2675,38.7537,39.103,39.103,170817
2020-06-17,39.6423,40.691,39.3915,40.1892,40.1892,163893
2020-06-18,40.3254,40.3579,38.3745,38.8094,38.8094,143890
2020-06-19,38.9511,39.4378,37.0911,37.7149,37.7149,226464
2020-06-22,37.7015,37.9633,36.8584,37.2338,37.2338,196537
2020-06-23,37.8968,38.7981,35.3807,35.7525,35.7525,174694
2020-06-24,36.4334,37.5553,35.8683,36.1029,36.1029,107028
2020-06-25,36.0206,36.9598,35.8029,36.8976,36.8976,201081
2020-06-26,37.2539,38.1864,36.3943,36.756,36.756,165943
2020-06-29,36.5885,36.7896,35.4927,36.5051,36.5051,186033
2020-06-30,36.823,38.3328,36.4224,38.2806,38.2806,167655
2020-07-01,38.7498,39.7053,38.6889,39.0089,39.0089,118199
2020-07-02,39.1948,39.2178,37.3577,37.3857,37.3857,129548
2020-07-03,37.6728,39.0347,37.4504,38.4241,38.4241,140428
2020-07-06,38.3003,40.3107,38.2397,39.5674,39.5674,238986
2020-07-07,39.3939,40.0924,38.9449,39.5559,39.5559,201250
2020-07-08,39.8143,39.9335,39.309,39.8733,39.8733,206950
2020-07-09,39.896,41.0447,38.6401,38.9421,38.9421,47266
2020-07-10,38.806,40.5918,38.6944,39.7637,39.7637,333892
2020-07-13,39.6032,39.8889,38.6393,39.5719,39.5719,137112
2020-07-14,39.527,41.1156,39.0736,40.7352,40.7352,96997
2020-07-15,40.9582,41.3748,39.3326,39.6485,39.6485,115134
2020-07-16,39.4879,39.6861,38.3317,38.6903,38.6903,238843
2020-07-17,39.0251,40.2605,38.9287,39.6667,39.6667,192483
2020-07-20,39.876,40.735,36.7096,37.3761,37.3761,222246
2020-07-21,36.5424,37.3259,36.416,37.3093,37.3093,256438
2020-07-22,36.992,37.2606,35.7629,36.0015,36.0015,192284
2020-07-23,35.767,35.9911,34.7189,34.7886,34.7886,146348
2020-07-24,35.1104,36.4959,34.8649,36.2314,36.2314,104032
2020-07-27,36.1075,39.1347,35.8898,38.9288,38.9288,187879
2020-07-28,39.1268,39.2034,38.0703,38.1752,38.1752,252024
2020-07-29,38.0761,41.0668,37.7848,40.3413,40.3413,149497
2020-07-30,39.5133,41.0012,39.0865,39.9143,39.9143,235416
2020-07-31,39.6909,43.0592,39.1098,41.5943,41.5943,149454
2020-08-03,41.7593,41.9041,40.953,41.1193,41.1193,168545
2020-08-04,40.724,43.338,39.8115,42.9525,42.9525,307307
2020-08-05,42.5317,42.5404,41.6463,42.1423,42.1423,308478
2020-08-06,42.0234,43.6704,41.4402,43.3743,43.3743,121735
2020-08-07,43.6426,44.118,41.5243,41.5821,41.5821,202873
2020-08-10,41.5626,41.9085,38.4238,38.4811,38.4811,187331
2020-08-11,39.3798,39.8345,37.1493,37.2604,37.2604,142701
2020-08-12,37.2519,37.4339,37.0913,37.2995,37.2995,134108
2020-08-13,37.1002,38.5062,36.4357,38.2955,38.2955,80896
2020-08-14,38.7142,39.9173,38.3686,39.1807,39.1807,231964
2020-08-17,39.4324,39.8092,35.6905,36.2401,36.2401,123229
2020-08-18,35.8989,38.7501,35.2484,38.2275,38.2275,257376
2020-08-19,38.378,41.3534,37.3662,41.1852,41.1852,95930
2020-08-20,40.9864,42.9315,40.1927,42.3572,42.3572,97099
2020-08-21,42.8612,44.0413,42.121,43.7663,43.7663,85493
2020-08-24,43.2655,45.5216,42.9948,45.1586,45.1586,244280
2020-08-25,45.4546,47.9657,45.3735,46.9852,46.9852,200545
2020-08-26,47.2123,47.7562,47.1873,47.5296,47.5296,141512
2020-08-27,47.6907,49.174,47.5455,48.754,48.754,218472
2020-08-28,48.5922,50.4741,48.1343,50.4236,50.4236,341047
2020-08-31,50.3255,50.5398,48.5254,49.3683,49.3683,284106
2020-09-01,49.291,50.5973,46.106,47.3657,47.3657,179358
2020-09-02,47.5377,47.726,46.4692,46.734,46.734,138459
2020-09-03,47.3394,47.847,47.0178,47.4111,47.4111,231454
2020-09-04,47.5051,48.0722,47.3697,47.5467,47.5467,112345
2020-09-07,47.4764,48.171,46.9371,47.9686,47.9686,67177
2020-09-08,47.4569,49.6198,46.7299,48.4966,48.4966,128729
2020-09-09,48.4984,48.6533,47.5171,47.9954,47.9954,276322
2020-09-10,47.2311,47.7437,46.878,47.6411,47.6411,142330
2020-09-11,47.9331,48.1461,46.8183,47.6131,47.6131,164053
2020-09-14,47.3002,50.4047,46.243,49.2828,49.2828,196124
2020-09-15,49.2933,49.9932,48.871,49.6795,49.6795,218428
2020-09-16,49.77,52.3966,49.439,50.6419,50.6419,137635
2020-09-17,50.1474,51.8622,49.5401,50.8891,50.8891,235204
2020-09-18,50.2422,50.7069,48.2336,48.6519,48.6519,136249
2020-09-21,48.2748,50.5486,47.8021,49.8654,49.8654,167891
2020-09-22,50.2631,51.0182,47.9554,48.292,48.292,120142
2020-09-23,48.223,49.2654,47.9218,48.9476,48.9476,140375
2020-09-24,48.6182,48.719,47.9039,48.0921,48.0921,197727
2020-09-25,48.2541,48.491,45.5539,46.3392,46.3392,139719
2020-09-28,46.542,48.385,46.2643,47.9591,47.9591,319436
2020-09-29,47.3116,50.2735,46.1142,48.8503,48.8503,104338
2020-09-30,49.1652,49.9667,45.7811,46.7762,46.7762,123760
2020-10-01,47.117,47.8059,46.1676,46.6968,46.6968,109223
2020-10-02,46.3911,46.7518,44.8219,45.7063,45.7063,91158
2020-10-05,45.1662,46.4373,45.1656,46.2572,46.2572,176977
2020-10-06,46.6498,47.6783,46.432,47.66,47.66,136268
2020-10-07,48.3781,49.0047,46.4357,46.8197,46.8197,141731
2020-10-08,45.972,47.7675,45.876,47.2793,47.2793,178746
2020-10-09,48.0735,49.6647,47.5745,49.0603,49.0603,163501
2020-10-12,48.531,49.1805,48.3602,49.1541,49.1541,181465
2020-10-13,49.0869,51.2333,48.072,51.0493,51.0493,314645
2020-10-14,50.1824,51.5484,49.9639,51.367,51.367,222119
2020-10-15,50.9537,53.4086,50.2059,52.3865,52.3865,73539
2020-10-16,51.9596,52.1278,50.0988,51.3088,51.3088,80391
2020-10-19,51.0754,52.6683,50.9592,52.3524,52.3524,173309
2020-10-20,52.1166,52.9372,51.507,51.908,51.908,135187
2020-10-21,51.6983,52.0674,47.0735,47.8036,47.8036,224577
2020-10-22,47.0988,51.714,46.7776,50.6533,50.6533,185746
2020-10-23,50.0994,51.5194,49.2946,50.7414,50.7414,175602
2020-10-26,50.3399,51.2805,49.166,51.1891,51.1891,112791
2020-10-27,51.7691,51.7729,49.0104,49.8183,49.8183,204302
2020-10-28,49.3539,51.5643,48.7504,51.5482,51.5482,326207
2020-10-29,52.4458,53.1748,51.3378,52.035,52.035,74637
2020-10-30,52.5315,53.265,50.4772,50.9833,50.9833,124649
2020-11-02,51.0116,52.4228,48.9186,49.4447,49.4447,85798
2020-11-03,49.017,49.3626,46.986,47.8477,47.8477,116659
2020-11-04,47.2292,50.5139,47.1051,49.8749,49.8749,217176
2020-11-05,49.3121,51.4124,49.0379,51.26,51.26,196802
2020-11-06,51.0516,53.0703,48.3039,49.1646,49.1646,164652
2020-11-09,49.1374,50.4719,48.4218,49.5112,49.5112,187006
2020-11-10,49.689,49.7049,48.3296,48.8759,48.8759,120279
2020-11-11,48.8923,48.9127,47.654,48.3137,48.3137,221954
2020-11-12,48.6161,48.9154,47.3746,47.5206,47.5206,258818
2020-11-13,47.0974,49.7124,46.683,49.0471,49.0471,161192
2020-11-16,48.8778,49.5116,48.1764,48.9662,48.9662,160709
2020-11-17,48.3165,49.3468,48.2567,48.9903,48.9903,178276
2020-11-18,48.6975,49.6615,47.3411,47.9583,47.9583,250984
2020-11-19,47.0812,47.9674,44.8089,46.0909,46.0909,180804
2020-11-20,45.2221,45.9261,45.0674,45.5135,45.5135,152201
2020-11-23,45.5111,46.7821,44.5396,45.7893,45.7893,115950
2020-11-24,45.084,46.4825,44.3813,45.6926,45.6926,76505
2020-11-25,45.7091,46.4365,45.3453,45.8577,45.8577,282494
2020-11-26,45.7699,46.7252,45.5804,46.0396,46.0396,145959
2020-11-27,46.8945,47.0453,45.665,46.0437,46.0437,177135
2020-11-30,45.7729,47.5994,45.2523,47.4703,47.4703,114392
2020-12-01,47.1533,47.9829,47.1403,47.7381,47.7381,144669
2020-12-02,48.6723,49.2477,47.7302,48.0621,48.0621,90400
2020-12-03,48.3309,49.1577,48.0591,48.8847,48.8847,142739
2020-12-04,49.3324,51.1131,48.5102,50.4224,50.4224,71701
2020-12-07,50.6135,52.6634,50.448,51.9861,51.9861,345697
2020-12-08,51.6484,52.3364,51.2284,51.31,51.31,215294
2020-12-09,50.8438,52.7351,50.5696,51.8412,51.8412,155259
2020-12-10,51.9142,53.1906,49.4158,49.7015,49.7015,140216
2020-12-11,49.4255,51.1166,49.0572,50.3911,50.3911,103840
2020-12-14,50.0946,50.1132,47.198,48.3908,48.3908,139416
2020-12-15,47.7657,50.0852,47.5007,49.9152,49.9152,275988
2020-12-16,49.9417,50.1762,48.5393,48.8765,48.8765,177648
2020-12-17,48.5471,49.9087,47.5733,48.121,48.121,185020
2020-12-18,47.7728,47.8462,45.2618,45.9571,45.9571,174419
2020-12-21,45.9995,46.4301,43.9708,44.8904,44.8904,113254
2020-12-22,44.8854,45.951,44.6401,44.7789,44.7789,211456
2020-12-23,43.3286,45.0825,43.3243,44.339,44.339,158493
2020-12-24,44.1952,44.9467,41.3232,41.8442,41.8442,235912
2020-12-28,41.6274,42.4019,40.9074,42.0201,42.0201,122400
2020-12-29,40.9251,42.9779,40.8652,42.4376,42.4376,283251
2020-12-30,42.9167,44.3244,42.7922,43.5244,43.5244,260251
2020-12-31,44.0934,44.6031,43.9224,44.2783,44.2783,110002
2021-01-04,43.2363,46.3875,42.0546,46.2458,46.2458,165697
2021-01-05,45.8886,51.0815,45.5352,50.7672,50.7672,83312
2021-01-06,50.5655,50.8165,48.3433,48.9921,48.9921,177120
2021-01-07,48.4459,49.9382,48.1629,49.5753,49.5753,183995
2021-01-08,49.5132,51.515,48.9107,51.0636,51.0636,219389
2021-01-11,51.4023,52.2156,49.2702,50.3877,50.3877,103811
2021-01-12,50.014,51.8487,49.7373,51.7292,51.7292,129705
2021-01-13,51.8373,53.449,51.055,52.7504,52.7504,428736
2021-01-14,52.7057,54.56,51.7386,52.3598,52.3598,130061
2021-01-15,52.169,54.6829,51.3758,53.4455,53.4455,262315
2021-01-18,53.6462,53.7823,51.5602,53.214,53.214,102600
2021-01-19,52.607,53.1998,50.446,51.3368,51.3368,173593
2021-01-20,50.7615,51.8582,49.1792,49.5737,49.5737,234343
2021-01-21,49.6463,49.8385,47.2594,47.3265,47.3265,285236
2021-01-22,46.9451,47.0366,46.5339,46.6934,46.6934,148629
2021-01-25,46.7573,48.4062,46.4759,47.6036,47.6036,219991
2021-01-26,47.7924,47.8397,47.4888,47.5093,47.5093,109177
2021-01-27,47.7135,47.8616,46.6808,46.6928,46.6928,96720
2021-01-28,46.8883,49.8623,46.557,49.843,49.843,155291
2021-01-29,49.8715,52.0476,49.8509,51.6591,51.6591,347696
2021-02-01,51.6939,52.2485,50.5305,50.793,50.793,178971
2021-02-02,49.9342,53.7413,49.2812,52.0297,52.0297,107547
2021-02-03,52.8234,53.4158,49.9871,50.5229,50.5229,193758
2021-02-04,49.5641,51.832,49.2484,51.4698,51.4698,216117
2021-02-05,50.5755,51.5358,49.7647,49.9395,49.9395,59699
2021-02-08,50.0548,50.7705,47.2646,47.6577,47.6577,71980
2021-02-09,47.1779,48.4875,46.3513,47.9156,47.9156,205654
2021-02-10,48.2608,48.7593,47.8868,48.2577,48.2577,157638
2021-02-11,47.9832,49.2893,46.9188,48.978,48.978,214990
2021-02-12,48.6815,49.4919,47.7846,49.364,49.364,210678
2021-02-15,49.2045,51.3709,48.3626,50.9276,50.9276,250935
2021-02-16,50.6673,51.3698,50.4361,50.439,50.439,167474
2021-02-17,51.5267,51.7013,50.0173,50.1046,50.1046,207474
2021-02-18,49.8402,53.0833,49.4635,53.0599,53.0599,188588
2021-02-19,52.6219,55.8773,52.5795,55.4796,55.4796,180886
2021-02-22,55.0138,57.1986,52.9695,54.1189,54.1189,145339
2021-02-23,55.4016,55.6494,53.7512,54.71,54.71,88395
2021-02-24,54.9831,55.1008,54.4594,54.812,54.812,160440
2021-02-25,54.3519,54.7752,54.3176,54.6212,54.6212,91085
2021-02-26,54.1813,55.1668,53.6989,54.6795,54.6795,195456
2021-03-01,53.7877,55.5499,53.2949,55.4545,55.4545,121595
2021-03-02,55.8536,57.8525,55.2155,56.7989,56.7989,160852
2021-03-03,56.972,57.4159,54.9364,55.4613,55.4613,196481
2021-03-04,55.7713,57.1458,53.4744,53.961,53.961,120058
2021-03-05,53.5021,55.6581,52.5343,55.4608,55.4608,245079
2021-03-08,54.8187,57.2269,54.6172,57.1301,57.1301,270626
2021-03-09,57.3253,57.973,56.3199,56.7477,56.7477,97499
2021-03-10,56.6571,59.7915,55.4345,58.5844,58.5844,114806
2021-03-11,57.7992,59.3078,57.39,58.8864,58.8864,193257
2021-03-12,59.2605,62.9016,59.2441,62.0645,62.0645,186685
2021-03-15,62.1309,66.8923,60.8328,65.9561,65.9561,315329
2021-03-16,64.734,66.7705,64.0778,66.2558,66.2558,221819
2021-03-17,66.8184,67.5274,66.3784,67.1999,67.1999,81926
2021-03-18,68.045,68.7822,67.1792,67.5013,67.5013,138063
2021-03-19,67.7027,69.5556,66.4966,67.7111,67.7111,169825
2021-03-22,67.4989,70.1651,66.5983,68.8073,68.8073,117628
2021-03-23,69.5339,70.8338,68.2884,70.6897,70.6897,244283
2021-03-24,70.4517,71.4267,67.7797,68.2661,68.2661,110383
2021-03-25,68.2793,68.3784,65.1667,65.433,65.433,206490
2021-03-26,65.3533,66.858,64.1021,65.8821,65.8821,50895
2021-03-29,66.112,66.7995,61.6673,62.0442,62.0442,138063
2021-03-30,62.5455,64.4286,61.8315,63.5145,63.5145,164767
2021-03-31,64.2859,66.0185,64.2066,64.692,64.692,182236
2021-04-01,64.4113,65.2387,61.0917,61.441,61.441,175017
2021-04-02,61.656,66.2499,61.189,66.2085,66.2085,97539
2021-04-05,64.9226,65.7062,63.7103,64.1877,64.1877,137282
2021-04-06,64.4649,64.6354,63.9951,64.0153,64.0153,210381
2021-04-07,64.1806,64.2145,61.4733,62.4588,62.4588,52522
2021-04-08,63.1438,64.29,59.3203,59.3421,59.3421,185530
2021-04-09,58.3109,59.5595,56.4307,56.436,56.436,116771
2021-04-12,57.088,57.7751,54.828,55.3325,55.3325,212452
2021-04-13,55.6658,56.777,55.4918,55.7911,55.7911,117468
2021-04-14,55.8362,57.093,52.6671,54.2202,54.2202,230552
2021-04-15,54.0367,54.4544,51.3284,52.16,52.16,321591
2021-04-16,51.6531,53.6142,51.0884,53.5699,53.5699,91133
2021-04-19,53.7012,53.9126,51.5324,51.8816,51.8816,116954
2021-04-20,51.2443,53.7076,49.8189,53.4746,53.4746,109379
2021-04-21,53.8066,54.0096,51.155,53.4747,53.4747,178980
2021-04-22,53.9115,54.3025,51.6583,52.8806,52.8806,215385
2021-04-23,53.1002,54.965,52.9782,53.1802,53.1802,123103
2021-04-26,53.5305,53.6021,51.9243,52.0868,52.0868,155103
2021-04-27,52.1017,53.4225,47.2715,48.1852,48.1852,147696
2021-04-28,47.6532,48.7377,45.9903,47.0794,47.0794,148018
2021-04-29,46.5987,46.7367,45.5902,46.3017,46.3017,154270
2021-04-30,45.8147,47.3055,44.8469,47.1223,47.1223,117401
2021-05-03,47.1019,47.5491,44.7861,45.6261,45.6261,124935
2021-05-04,44.5474,44.7448,43.8478,44.6794,44.6794,170123
2021-05-05,45.3193,45.6031,44.1159,44.7992,44.7992,100575
2021-05-06,44.5668,45.9939,44.0686,45.4633,45.4633,213348
2021-05-07,44.6581,47.5235,43.1755,46.6524,46.6524,76068
2021-05-10,47.2892,48.1924,46.1492,47.0317,47.0317,205161
2021-05-11,47.3209,48.7148,46.2223,48.059,48.059,130418
2021-05-12,47.6667,50.8682,47.602,49.6067,49.6067,118691
2021-05-13,49.5112,50.4095,45.914,46.0245,46.0245,170748
2021-05-14,46.0388,47.5011,45.5008,46.7059,46.7059,213756
2021-05-17,46.0783,46.6569,45.2228,45.9902,45.9902,90082
2021-05-18,46.0259,46.6081,44.2679,44.8188,44.8188,252724
2021-05-19,44.653,44.7078,43.7344,44.4786,44.4786,152558
2021-05-20,44.3584,44.7379,43.9648,44.2942,44.2942,199891
2021-05-21,44.0731,44.2636,40.4668,41.0792,41.0792,178394
2021-05-24,40.5327,41.5733,39.3226,41.2879,41.2879,65958
2021-05-25,41.5043,41.6193,38.2592,38.81,38.81,225835
2021-05-26,39.2079,40.4947,38.0592,38.7223,38.7223,229775
2021-05-27,37.9925,40.3768,37.7611,40.366,40.366,139408
2021-05-28,39.91,41.1122,38.4536,39.2373,39.2373,134674
2021-05-31,39.0399,41.1487,37.9256,38.1357,38.1357,87026
2021-06-01,38.0456,38.5932,37.7541,38.4474,38.4474,143824
2021-06-02,38.5326,39.0525,38.3054,38.6578,38.6578,125317
2021-06-03,38.0026,39.2961,37.7771,39.1868,39.1868,64638
2021-06-04,38.7506,42.3084,38.0941,41.7596,41.7596,174435
2021-06-07,41.5004,41.7933,40.4589,41.0719,41.0719,175323
2021-06-08,40.3654,41.6923,39.969,41.2478,41.2478,97483
2021-06-09,41.6848,42.4526,41.1267,42.2836,42.2836,255616
2021-06-10,41.84,43.7583,41.0671,42.5,42.5,161294
2021-06-11,41.8965,43.0985,41.3897,42.2012,42.2012,135508
2021-06-14,42.4487,42.826,40.3373,41.3146,41.3146,107475
2021-06-15,41.3424,41.3959,40.4325,40.7381,40.7381,131129
2021-06-16,40.4134,42.4198,40.0802,41.7288,41.7288,161948
2021-06-17,41.6881,41.9548,40.3603,40.8919,40.8919,139570
2021-06-18,41.7993,42.1254,38.12,38.8263,38.8263,186488
2021-06-21,38.3995,39.2304,38.3371,38.7747,38.7747,76938
2021-06-22,38.4642,42.0032,38.2934,41.2874,41.2874,105948
2021-06-23,41.3208,41.5043,39.2467,40.0086,40.0086,190151
2021-06-24,40.4741,40.6832,37.1598,37.5592,37.5592,137603
2021-06-25,37.8597,38.8779,36.8632,37.1297,37.1297,181652
2021-06-28,36.711,39.0524,36.5323,38.3227,38.3227,139829
2021-06-29,38.5306,38.6044,37.3314,37.3317,37.3317,147383
2021-06-30,37.1521,37.9342,36.6406,37.7089,37.7089,203674
2021-07-01,37.3508,37.8168,36.6641,36.8482,36.8482,182882
2021-07-02,36.9032,38.3442,36.5751,37.7502,37.7502,283264
2021-07-05,37.6742,38.1403,37.2787,37.3167,37.3167,202534
2021-07-06,36.6252,37.273,35.3787,36.0265,36.0265,161340
2021-07-07,36.2374,36.5375,35.6188,35.7044,35.7044,96981
2021-07-08,35.3621,35.8999,34.0652,34.0752,34.0752,90807
2021-07-09,34.7369,35.1711,31.3402,32.0798,32.0798,197691
2021-07-12,31.8207,31.8712,30.7428,30.8388,30.8388,116934
2021-07-13,30.6978,31.8311,30.4937,31.6145,31.6145,323622
2021-07-14,31.7567,32.3196,29.5502,30.3131,30.3131,276135
2021-07-15,30.5173,30.8595,28.8524,29.0054,29.0054,177095
2021-07-16,29.0573,29.2927,28.9036,29.2046,29.2046,172935
2021-07-19,28.9238,31.5927,28.6937,30.7065,30.7065,277056
2021-07-20,30.4043,30.5129,28.4261,28.6895,28.6895,354767
2021-07-21,29.344,30.3969,28.134,28.3363,28.3363,405627
2021-07-22,28.2331,29.3194,28.0518,28.8779,28.8779,106577
2021-07-23,28.4525,29.7206,28.443,29.474,29.474,212769
2021-07-26,29.5713,29.5825,28.6591,29.109,29.109,82137
2021-07-27,29.2407,29.3375,28.0545,28.1232,28.1232,316655
2021-07-28,27.5452,27.6362,27.4272,27.5811,27.5811,232796
2021-07-29,27.6236,29.6968,27.553,28.676,28.676,205205
2021-07-30,28.5274,29.5514,28.1198,29.5,29.5,198369
2021-08-02,29.4617,29.4761,29.3783,29.4311,29.4311,143850
2021-08-03,29.4278,30.9017,29.3385,30.4784,30.4784,276200
2021-08-04,30.2335,31.182,28.9815,30.6868,30.6868,231546
2021-08-05,30.6552,31.1158,30.0757,30.4954,30.4954,153166
2021-08-06,30.5601,30.7743,29.0022,29.2529,29.2529,226059
2021-08-09,29.596,30.9659,29.3628,30.4986,30.4986,65317
2021-08-10,30.2215,30.6839,29.9749,30.4716,30.4716,90552
2021-08-11,30.0944,30.6922,28.7771,29.0034,29.0034,193843
2021-08-12,29.1194,29.9125,28.8818,29.3813,29.3813,104532
2021-08-13,29.2301,29.2503,27.8141,28.3336,28.3336,175359
2021-08-16,28.0823,29.6996,27.9461,29.1922,29.1922,224308
2021-08-17,29.5736,29.9354,29.3722,29.8418,29.8418,180594
2021-08-18,29.9348,31.4363,29.5413,31.4093,31.4093,77271
2021-08-19,31.8598,32.0417,29.7864,29.9129,29.9129,175048
2021-08-20,29.9966,30.6539,29.5143,30.1579,30.1579,218345
2021-08-23,30.181,31.6473,30.0219,31.5788,31.5788,70071
2021-08-24,31.8851,32.2084,31.4176,32.0912,32.0912,285364
2021-08-25,32.4295,33.1538,32.3005,33.0993,33.0993,175318
2021-08-26,33.4255,35.4982,32.3502,35.1631,35.1631,197271
2021-08-27,35.3832,35.5749,34.0707,34.3936,34.3936,170512
2021-08-30,34.8311,35.3099,34.0631,34.5845,34.5845,140285
2021-08-31,34.0689,37.3004,33.3866,36.6894,36.6894,118584
2021-09-01,36.3658,36.6593,35.4154,35.4421,35.4421,236570
2021-09-02,35.4507,35.6518,34.8921,35.2462,35.2462,196514
2021-09-03,35.4764,36.3571,35.2697,36.0791,36.0791,283277
2021-09-06,35.5107,35.8562,34.8613,34.8751,34.8751,102548
2021-09-07,35.015,35.7956,33.6166,33.8649,33.8649,155537
2021-09-08,33.7388,33.8646,32.6286,33.4558,33.4558,154291
2021-09-09,33.13,34.5925,32.5397,34.4711,34.4711,263109
2021-09-10,34.2545,35.5038,33.7072,35.1819,35.1819,153892
2021-09-13,35.6184,36.6665,35.132,36.0735,36.0735,264092
2021-09-14,36.5168,36.5939,34.8004,35.7552,35.7552,281692
2021-09-15,36.0147,36.5579,35.2953,35.4937,35.4937,339662
2021-09-16,35.7894,35.7903,34.6304,34.6971,34.6971,126068
2021-09-17,34.8128,34.9456,34.0039,34.1451,34.1451,193541
2021-09-20,34.1933,36.8923,33.3852,36.8755,36.8755,130412
2021-09-21,36.6857,37.5676,36.253,36.965,36.965,315126
2021-09-22,37.3684,37.7595,34.0196,34.97,34.97,191439
2021-09-23,35.3248,36.0931,34.1456,34.6224,34.6224,160895
2021-09-24,34.1399,34.5268,33.6971,34.2852,34.2852,143381
2021-09-27,34.0654,34.6783,33.1131,34.1893,34.1893,191850
2021-09-28,34.1605,35.0286,34.0709,34.9125,34.9125,65369
2021-09-29,34.5847,35.2067,34.1899,34.6982,34.6982,184400
2021-09-30,35.1037,35.8789,34.9856,35.537,35.537,166064
2021-10-01,35.0799,35.1829,34.5014,34.5622,34.5622,145458
2021-10-04,34.2937,36.218,34.0876,36.0401,36.0401,204469
2021-10-05,35.5918,36.1182,35.0616,35.1874,35.1874,187698
2021-10-06,35.4708,35.7182,34.0474,34.1864,34.1864,194366
2021-10-07,34.6726,34.8444,34.5154,34.5432,34.5432,119959
2021-10-08,33.8608,34.2456,33.8412,34.0025,34.0025,95249
2021-10-11,34.6732,35.4842,33.7258,34.5164,34.5164,157158
2021-10-12,34.0367,34.7518,33.4538,34.4159,34.4159,76116
2021-10-13,33.9803,35.8383,33.1288,35.4593,35.4593,158026
2021-10-14,35.3425,35.9543,34.9583,35.2201,35.2201,111654
2021-10-15,34.8878,35.0514,34.0878,34.348,34.348,395122
2021-10-18,34.4308,34.6725,34.1961,34.6091,34.6091,249222
2021-10-19,34.3953,35.9332,34.2762,35.0734,35.0734,115365
2021-10-20,34.6393,34.8247,33.935,34.5129,34.5129,112094
2021-10-21,34.4217,35.6527,33.8543,35.2366,35.2366,294426
2021-10-22,35.1908,37.2644,35.1006,36.9609,36.9609,144368
2021-10-25,37.4619,37.6601,35.8936,36.3057,36.3057,162938
2021-10-26,36.5498,36.9838,36.1744,36.2488,36.2488,178967
2021-10-27,36.5513,39.2217,36.2255,38.7776,38.7776,141228
2021-10-28,39.7414,40.6793,36.9786,37.2224,37.2224,194131
2021-10-29,37.163,38.295,37.1205,37.9124,37.9124,150306
2021-11-01,38.8701,39.727,35.1641,35.67,35.67,156703
2021-11-02,36.4681,37.5981,35.5325,37.1456,37.1456,278721
2021-11-03,37.4082,37.722,36.209,36.3017,36.3017,176429
2021-11-04,36.441,37.612,36.1137,37.1016,37.1016,171743
2021-11-05,37.4058,38.0096,34.9582,35.5559,35.5559,162647
2021-11-08,35.2274,36.279,35.2199,35.6303,35.6303,195459
2021-11-09,35.8046,37.0753,32.8401,33.7844,33.7844,107547
2021-11-10,33.5814,34.2095,33.2471,33.6657,33.6657,119306
2021-11-11,33.6938,34.989,33.3476,33.9594,33.9594,219629
2021-11-12,33.4894,34.2053,32.8955,34.0498,34.0498,259726
2021-11-15,33.9579,34.2544,33.0153,34.2385,34.2385,196860
2021-11-16,34.6082,34.8359,33.1847,33.7374,33.7374,148365
2021-11-17,33.7261,34.1355,32.1585,33.2065,33.2065,207971
2021-11-18,33.3455,34.2205,32.5256,33.8722,33.8722,110055
2021-11-19,33.5116,33.9667,32.5351,32.7038,32.7038,177224
2021-11-22,32.7119,33.8931,32.0465,32.3489,32.3489,217800
2021-11-23,31.8487,32.5271,31.5746,31.6125,31.6125,179629
2021-11-24,32.0121,32.238,30.5478,30.7317,30.7317,251173
2021-11-25,30.7294,31.3868,29.508,29.6898,29.6898,199417
2021-11-26,29.9545,32.2115,29.3846,31.4157,31.4157,128668
2021-11-29,31.658,32.8252,31.6186,32.4028,32.4028,140000
2021-11-30,31.9925,33.736,31.3753,33.6378,33.6378,128149
2021-12-01,32.9862,33.4308,32.9757,33.3301,33.3301,254770
2021-12-02,33.6473,33.8044,31.4208,31.7065,31.7065,167153
2021-12-03,31.9031,31.9449,30.9499,31.1312,31.1312,195321
2021-12-06,31.099,32.1645,30.2353,30.5546,30.5546,163818
2021-12-07,30.6415,30.9953,29.7468,30.0153,30.0153,182643
2021-12-08,30.2185,30.7464,30.0858,30.3089,30.3089,232852
2021-12-09,30.0308,30.5715,27.6953,28.1447,28.1447,148228
2021-12-10,28.3259,29.7552,27.8942,29.4547,29.4547,362293
2021-12-13,29.7997,29.8814,29.6262,29.6966,29.6966,80300
2021-12-14,30.3492,31.1275,30.0836,30.4844,30.4844,176101
2021-12-15,30.4212,31.6983,29.882,30.4613,30.4613,117482
2021-12-16,30.0002,31.8005,28.7914,30.98,30.98,151063
2021-12-17,30.6093,30.9445,29.8179,30.1495,30.1495,149483
2021-12-20,29.7084,30.4952,29.4086,29.5919,29.5919,402478
2021-12-21,29.7908,30.4034,29.4644,30.0265,30.0265,314039
2021-12-22,29.8802,30.9815,29.8027,29.9019,29.9019,87765
2021-12-23,29.4707,29.661,28.4177,28.4575,28.4575,203501
2021-12-24,28.3407,28.7706,28.029,28.0879,28.0879,110827
2021-12-27,28.2026,28.5596,26.2768,26.7929,26.7929,119131
2021-12-28,26.6062,29.3351,26.1948,28.8405,28.8405,315816
2021-12-29,28.9862,30.5435,28.2701,30.4939,30.4939,96078
2021-12-30,30.8337,30.8591,29.6501,30.4335,30.4335,73683
2021-12-31,30.224,32.5054,30.0176,32.1116,32.1116,134498
2022-01-03,32.1022,33.6298,31.7603,33.4882,33.4882,86186
2022-01-04,33.2262,33.7329,29.3859,30.004,30.004,139640
2022-01-05,29.9064,31.5934,29.7159,31.3617,31.3617,67510
2022-01-06,31.0746,31.4625,30.7274,31.1187,31.1187,267073
2022-01-07,30.7728,31.539,28.632,28.8738,28.8738,152503
2022-01-10,29.3708,29.6802,27.4044,27.554,27.554,137025
2022-01-11,27.9951,28.1218,27.8235,28.1173,28.1173,129774
2022-01-12,28.0712,28.6623,27.508,28.4853,28.4853,115825
2022-01-13,28.7367,28.786,28.106,28.2474,28.2474,258869
2022-01-14,28.7805,28.8056,26.3863,27.2566,27.2566,85859
2022-01-17,27.5984,27.7781,26.8721,27.6199,27.6199,214521
2022-01-18,27.8013,28.477,27.447,28.2692,28.2692,121176
2022-01-19,28.172,28.5012,27.344,27.6238,27.6238,129596
2022-01-20,27.7167,27.7358,26.7266,26.8837,26.8837,149610
2022-01-21,27.0433,27.0945,25.5256,25.8753,25.8753,137264
2022-01-24,25.9301,26.5347,25.5496,26.3437,26.3437,230174
2022-01-25,26.3024,26.8321,26.1473,26.5165,26.5165,81951
2022-01-26,26.6836,26.7068,26.128,26.1864,26.1864,184659
2022-01-27,26.1119,26.3114,25.9628,26.2998,26.2998,108941
2022-01-28,26.2793,26.7042,24.8211,25.0646,25.0646,81237
2022-01-31,24.8276,25.4397,24.7401,25.0382,25.0382,199475
2022-02-01,25.4207,26.227,23.5046,24.1377,24.1377,117796
2022-02-02,23.9413,24.0487,23.2811,23.668,23.668,230790
2022-02-03,23.6168,25.3621,23.3446,24.7749,24.7749,290665
2022-02-04,24.7877,26.506,24.4762,26.2451,26.2451,65688
2022-02-07,26.3802,26.4175,24.2877,24.7822,24.7822,223670
2022-02-08,24.9286,25.6771,24.8456,25.2165,25.2165,245135
2022-02-09,25.3143,26.1271,23.9934,24.4052,24.4052,343673
2022-02-10,24.0736,25.5178,23.0441,24.9418,24.9418,87182
2022-02-11,24.4059,25.0928,23.7025,25.045,25.045,189768
2022-02-14,24.8247,25.2211,24.2747,24.6099,24.6099,250116
2022-02-15,24.2517,24.6023,23.666,24.0429,24.0429,150065
2022-02-16,24.228,24.9029,24.051,24.4692,24.4692,175775
2022-02-17,24.4332,24.7136,23.0483,23.111,23.111,83134
2022-02-18,23.3447,23.7077,20.5625,21.0654,21.0654,79445
2022-02-21,20.9498,22.4128,20.8527,22.2569,22.2569,289813
2022-02-22,21.8453,22.5709,21.8108,22.1404,22.1404,231010
2022-02-23,22.0262,22.7793,21.4196,21.5213,21.5213,141560
2022-02-24,22.0942,22.1626,20.0202,20.4162,20.4162,87789
2022-02-25,20.4904,20.5383,19.6019,19.9744,19.9744,116127
2022-02-28,20.0479,20.7121,19.8476,20.3046,20.3046,114895
2022-03-01,20.4174,20.6794,19.8749,20.5899,20.5899,174789
2022-03-02,20.2374,21.362,19.817,21.164,21.164,169475
2022-03-03,21.1604,22.1415,20.6331,22.0045,22.0045,278869
2022-03-04,21.71,22.376,21.1517,22.2457,22.2457,107253
2022-03-07,21.919,24.2622,21.5254,23.9525,23.9525,99731
2022-03-08,24.1803,24.8101,22.9042,23.1722,23.1722,212850
2022-03-09,23.1701,24.5235,23.0293,24.0952,24.0952,130506
2022-03-10,24.4901,24.9168,23.0835,23.354,23.354,103122
2022-03-11,23.5555,24.0243,23.2066,23.2402,23.2402,92179
2022-03-14,23.1773,23.5929,23.1684,23.2765,23.2765,232355
2022-03-15,23.1174,23.4457,23.1095,23.1122,23.1122,171153
2022-03-16,23.0191,23.7112,22.9627,23.5066,23.5066,250072
2022-03-17,23.6465,25.9777,23.2079,25.2992,25.2992,109387
2022-03-18,25.1671,25.6694,24.4418,25.3007,25.3007,214955
2022-03-21,25.3474,26.7716,24.9227,26.7686,26.7686,154092
2022-03-22,26.6324,26.7572,26.2537,26.538,26.538,80245
2022-03-23,26.6585,27.9301,26.4547,27.1007,27.1007,284683
2022-03-24,26.7968,28.569,26.5774,28.082,28.082,135258
2022-03-25,27.9689,28.874,27.9557,28.1912,28.1912,223317
2022-03-28,27.9915,28.3463,27.4603,28.0645,28.0645,133314
2022-03-29,28.2148,28.7814,28.182,28.2683,28.2683,168920
2022-03-30,28.8388,28.9328,27.2822,27.7152,27.7152,135239
2022-03-31,27.5236,27.7914,27.4523,27.7344,27.7344,117117
2022-04-01,28.022,28.3031,27.0291,27.0652,27.0652,187781
2022-04-04,26.6815,27.4659,25.1435,25.6619,25.6619,297718
2022-04-05,25.1949,25.3882,25.0691,25.2542,25.2542,105447
2022-04-06,25.6022,25.6679,25.0621,25.1618,25.1618,330511
2022-04-07,24.9997,25.3527,24.8883,25.2937,25.2937,328510
2022-04-08,25.1711,26.6918,24.9296,26.5077,26.5077,108345
2022-04-11,26.8795,26.9765,24.2228,24.2887,24.2887,132801
2022-04-12,24.2505,25.5596,24.2234,24.6677,24.6677,185051
2022-04-13,24.7119,24.9214,24.5982,24.8955,24.8955,142311
2022-04-14,24.9437,25.4235,24.5712,24.6095,24.6095,187714
2022-04-15,24.8645,24.9935,23.4236,23.6585,23.6585,179061
2022-04-18,23.5899,24.0944,22.6726,22.8707,22.8707,198116
2022-04-19,22.8551,23.1885,21.8034,21.839,21.839,262327
2022-04-20,21.9207,22.091,21.4039,21.5313,21.5313,158326
2022-04-21,21.4269,21.9825,21.2758,21.7538,21.7538,178217
2022-04-22,21.7604,22.2408,21.76,22.0967,22.0967,200959
2022-04-25,22.4889,23.1812,21.9993,23.1271,23.1271,152189
2022-04-26,23.1118,23.852,22.9692,23.3158,23.3158,117946
2022-04-27,23.1261,23.9613,22.3884,23.8656,23.8656,151079
2022-04-28,23.5103,24.2709,22.8537,23.8926,23.8926,188566
2022-04-29,24.1069,24.1687,23.0463,23.9015,23.9015,109434
2022-05-02,23.7583,23.8142,22.7624,23.0594,23.0594,108336
2022-05-03,23.1727,24.0431,22.7808,23.7064,23.7064,165035
2022-05-04,24.0219,24.3074,23.1701,23.5146,23.5146,155022
2022-05-05,23.6073,24.0152,23.1636,23.1655,23.1655,119501
2022-05-06,23.3385,23.3718,22.3762,22.3876,22.3876,96409
2022-05-09,22.084,22.3768,21.2711,21.4539,21.4539,247483
2022-05-10,21.7262,21.733,20.8651,21.6827,21.6827,191867
2022-05-11,21.3155,21.465,20.6536,20.7323,20.7323,210988
2022-05-12,20.9339,20.9927,20.641,20.6645,20.6645,245838
2022-05-13,20.925,21.6308,20.8423,21.4815,21.4815,128809
2022-05-16,21.4016,22.4535,21.0908,22.1693,22.1693,169912
2022-05-17,21.895,21.9072,21.1451,21.3705,21.3705,141961
2022-05-18,21.592,21.9692,21.2726,21.5793,21.5793,254620
2022-05-19,21.7432,22.4049,21.7266,22.07,22.07,113861
2022-05-20,21.964,22.9015,21.8701,22.4981,22.4981,184175
2022-05-23,22.8926,22.9351,21.4706,21.5883,21.5883,195505
2022-05-24,21.466,21.5198,21.2344,21.3292,21.3292,85614
2022-05-25,21.1657,21.2218,20.6939,21.0538,21.0538,192691
2022-05-26,21.1231,21.2659,20.4279,20.8223,20.8223,110367
2022-05-27,20.7649,21.0638,20.4616,20.6738,20.6738,186024
2022-05-30,20.7407,20.8569,20.4025,20.5085,20.5085,287305
2022-05-31,20.3967,21.2025,20.2044,20.9692,20.9692,180361
2022-06-01,21.3397,21.9485,21.1184,21.7879,21.7879,188841
2022-06-02,22.1057,22.6781,21.85,22.2703,22.2703,79569
2022-06-03,22.0847,22.1244,21.9417,22.01,22.01,101221
2022-06-06,21.4416,22.2964,21.3741,21.9511,21.9511,189610
2022-06-07,21.7302,22.6537,21.5642,22.3694,22.3694,195325
2022-06-08,22.1564,23.2044,21.6352,23.1035,23.1035,174653
2022-06-09,22.777,24.5016,22.6011,24.0062,24.0062,148449
2022-06-10,23.9075,24.0401,22.9474,23.0981,23.0981,182371
2022-06-13,22.822,23.7826,22.2428,22.2781,22.2781,161631
2022-06-14,22.4872,23.0647,21.9394,22.0053,22.0053,200415
2022-06-15,21.981,22.7995,21.812,22.727,22.727,136143
2022-06-16,22.6662,22.9455,21.9546,22.5538,22.5538,140144
2022-06-17,22.5859,22.6268,21.9311,22.0811,22.0811,200372
2022-06-20,22.2548,23.345,22.1848,23.0831,23.0831,147066
2022-06-21,23.3551,24.6367,22.7313,24.3571,24.3571,94695
2022-06-22,24.4398,24.7466,23.3817,23.6341,23.6341,201293
2022-06-23,23.6211,24.1184,23.3853,23.7537,23.7537,190112
2022-06-24,23.9058,24.4943,22.907,23.3656,23.3656,260696
2022-06-27,23.4538,23.8693,22.8843,23.311,23.311,147501
2022-06-28,23.1632,23.7469,22.9606,23.2297,23.2297,312591
2022-06-29,23.2051,23.2781,22.886,23.1192,23.1192,249927
2022-06-30,23.4218,24.0128,22.3894,22.8465,22.8465,104678
2022-07-01,22.6886,22.8762,21.6447,21.6782,21.6782,183523
2022-07-05,22.0511,22.1873,20.1625,20.6062,20.6062,164816
2022-07-06,20.461,20.9825,20.0125,20.7806,20.7806,203156
2022-07-07,20.5538,21.2888,19.9271,21.0661,21.0661,77793
2022-07-08,20.8072,22.3158,20.75,22.2201,22.2201,226818
2022-07-11,22.1946,22.4791,21.1458,22.11,22.11,110788
2022-07-12,22.358,22.4176,21.1929,21.5336,21.5336,154030
2022-07-13,21.5248,21.5727,20.2594,20.7038,20.7038,193404
2022-07-14,20.6799,21.9658,20.5538,21.4655,21.4655,132164
2022-07-15,21.592,21.9802,20.5893,21.0045,21.0045,155560
2022-07-18,21.0386,21.1816,20.7655,20.8842,20.8842,198442
2022-07-19,20.7288,21.4752,20.6263,21.0068,21.0068,206579
2022-07-20,21.1246,21.2028,20.005,20.3656,20.3656,147241
2022-07-21,20.299,20.7621,19.8883,20.7061,20.7061,102013
2022-07-22,21.0607,21.2253,20.6979,21.1852,21.1852,91158
2022-07-25,21.1415,22.218,20.6423,21.5622,21.5622,198380
2022-07-26,21.7337,22.1283,21.3988,21.4604,21.4604,230781
2022-07-27,21.3648,22.0039,20.6964,21.4879,21.4879,96863
2022-07-28,21.2797,22.2153,20.9463,21.983,21.983,275955
2022-07-29,21.9662,22.4413,20.3751,20.8185,20.8185,163960
2022-08-01,21.0672,22.9957,20.6542,22.3221,22.3221,155358
2022-08-02,22.0547,23.8024,21.8476,23.4753,23.4753,163518
2022-08-03,23.7521,23.8855,23.1349,23.2567,23.2567,95914
2022-08-04,23.7353,24.302,23.5998,23.8151,23.8151,478731
2022-08-05,24.0505,24.3748,24.0243,24.2567,24.2567,123241
2022-08-08,23.7484,24.8565,23.4725,24.5016,24.5016,297386
2022-08-09,24.3611,24.4721,23.5842,23.6694,23.6694,417391
2022-08-10,23.4609,24.9394,23.2549,24.725,24.725,252542
2022-08-11,24.7563,25.3511,24.4959,25.3265,25.3265,343929
2022-08-12,25.4931,25.9459,25.0672,25.7479,25.7479,332075
2022-08-15,26.0141,26.4397,25.3129,25.8506,25.8506,115256
2022-08-16,25.7474,25.9552,24.5607,24.9259,24.9259,221743
2022-08-17,25.245,25.8812,25.2131,25.5146,25.5146,87224
2022-08-18,25.4085,25.7196,24.7501,25.001,25.001,141549
2022-08-19,25.1603,27.9507,24.9807,27.5005,27.5005,156396
2022-08-22,27.907,28.6983,27.8656,28.6071,28.6071,232623
2022-08-23,28.7939,29.6086,28.0478,28.4476,28.4476,179440
2022-08-24,28.7634,28.9979,27.0769,27.136,27.136,78963
2022-08-25,27.0289,27.3801,25.5065,25.6554,25.6554,191698
2022-08-26,25.6522,27.1321,25.5313,26.9819,26.9819,114918
2022-08-29,26.6816,26.9436,24.4921,24.6287,24.6287,109269
2022-08-30,25.2052,26.1023,24.9537,25.5783,25.5783,149758
2022-08-31,25.9272,26.5045,23.7868,24.0253,24.0253,187736
2022-09-01,24.2896,24.325,24.1801,24.2915,24.2915,85962
2022-09-02,24.604,25.1393,24.146,24.5139,24.5139,197131
2022-09-05,24.5727,24.874,22.9667,23.4013,23.4013,179873
2022-09-06,22.9043,24.1473,22.5705,23.9293,23.9293,171971
2022-09-07,23.73,24.1169,23.6127,24.0677,24.0677,130203
2022-09-08,24.3438,24.441,23.6711,23.8961,23.8961,79269
2022-09-09,24.1777,24.2383,21.9678,22.6977,22.6977,125408
2022-09-12,22.8685,23.1577,22.037,22.4729,22.4729,334076
2022-09-13,22.2878,22.5503,21.7575,21.8975,21.8975,238028
2022-09-14,22.0828,23.0409,21.7509,22.6151,22.6151,266742
2022-09-15,22.5026,23.3597,22.3671,22.9149,22.9149,158315
2022-09-16,22.8403,22.9791,21.5252,21.8332,21.8332,115582
2022-09-19,21.4051,23.6976,21.2789,23.1543,23.1543,151412
2022-09-20,22.8294,23.937,22.6263,23.2465,23.2465,144857
2022-09-21,23.1356,23.5014,22.8591,23.0287,23.0287,219820
2022-09-22,23.1051,25.1864,22.7432,24.5313,24.5313,131768
2022-09-23,24.439,24.6402,24.203,24.2314,24.2314,211173
2022-09-26,24.2882,24.6451,23.0664,23.3982,23.3982,368386
2022-09-27,23.5764,24.6203,23.5694,24.4563,24.4563,140849
2022-09-28,24.4107,24.554,23.8686,23.985,23.985,251881
2022-09-29,24.3664,24.7721,22.9711,22.997,22.997,93818
2022-09-30,23.1843,24.1873,22.808,23.7773,23.7773,113194
2022-10-03,23.909,23.9262,21.6387,22.1268,22.1268,318819
2022-10-04,22.0485,22.6628,21.5197,21.7283,21.7283,99572
2022-10-05,21.6791,21.7266,20.2531,20.6499,20.6499,766573
2022-10-06,20.5831,20.7955,20.3214,20.562,20.562,240270
2022-10-07,20.4377,20.5046,20.2096,20.3868,20.3868,81969
2022-10-10,20.5333,20.6161,19.6482,19.9179,19.9179,158523
2022-10-11,20.2369,20.3259,18.9897,19.2986,19.2986,115712
2022-10-12,19.1974,19.3087,17.9159,18.1715,18.1715,135170
2022-10-13,18.4639,18.6366,17.0548,17.1917,17.1917,95640
2022-10-14,17.1875,17.399,16.1006,16.2135,16.2135,224511
2022-10-17,16.1789,16.8507,16.0601,16.702,16.702,85158
2022-10-18,16.7624,16.9415,16.2547,16.5753,16.5753,198445
2022-10-19,16.6533,17.1152,16.3767,16.9079,16.9079,237521
2022-10-20,17.2592,18.1414,15.8142,16.2659,16.2659,177405
2022-10-21,16.3076,16.5189,16.0606,16.1239,16.1239,184342
2022-10-24,16.1954,16.2666,16.1301,16.2329,16.2329,86566
2022-10-25,16.4132,17.0978,16.1742,16.848,16.848,171639
2022-10-26,16.6858,18.0286,16.5947,17.9784,17.9784,92607
2022-10-27,18.1763,19.1848,18.0288,18.7146,18.7146,152009
2022-10-28,18.6057,19.7596,18.5986,19.2873,19.2873,234604
2022-10-31,19.2955,19.387,18.5124,18.8802,18.8802,259642
2022-11-01,18.8347,18.9443,17.9432,17.976,17.976,170174
2022-11-02,18.0706,18.5352,17.5105,18.1501,18.1501,88431
2022-11-03,17.9302,18.3868,16.9949,17.118,17.118,211957
2022-11-04,17.1429,17.5194,16.8025,17.2254,17.2254,150336
2022-11-07,17.1818,17.8579,16.9034,17.5985,17.5985,331868
2022-11-08,17.6615,17.6708,16.2948,16.4187,16.4187,100523
2022-11-09,16.5448,16.7019,16.0691,16.1272,16.1272,151465
2022-11-10,16.159,16.6711,16.0814,16.2879,16.2879,187121
2022-11-11,16.1963,16.4829,15.2976,15.4264,15.4264,73938
2022-11-14,15.2812,15.8123,15.1768,15.8025,15.8025,196308
2022-11-15,16.0392,16.3326,14.8735,14.9441,14.9441,127352
2022-11-16,15.0093,15.8273,14.8691,15.7605,15.7605,146357
2022-11-17,15.9158,16.0837,15.7452,16.0734,16.0734,166842
2022-11-18,16.0795,16.2803,15.5181,15.6116,15.6116,155816
2022-11-21,15.6232,15.7247,15.3692,15.5795,15.5795,185997
2022-11-22,15.8132,16.4972,15.8052,16.3448,16.3448,153035
2022-11-23,16.1709,16.3894,15.5795,15.7009,15.7009,148631
2022-11-24,15.9286,15.9513,15.6736,15.7228,15.7228,123091
2022-11-25,15.3592,15.625,15.2442,15.4648,15.4648,141614
2022-11-28,15.5218,15.9044,15.4752,15.808,15.808,404516
2022-11-29,15.9462,16.2373,15.503,15.5767,15.5767,179013
2022-11-30,15.5912,15.8354,15.1951,15.7543,15.7543,118557
2022-12-01,15.9324,16.0482,15.6413,15.7084,15.7084,238185
2022-12-02,15.735,15.8488,15.4882,15.6731,15.6731,337981
2022-12-05,15.8984,15.9626,15.0858,15.4418,15.4418,88548
2022-12-06,15.5163,15.9952,15.396,15.6321,15.6321,150504
2022-12-07,15.6897,16.4245,14.5388,14.7507,14.7507,168553
2022-12-08,14.8494,15.2854,14.6784,15.0048,15.0048,123084
2022-12-09,15.0842,15.559,14.9447,15.3189,15.3189,232626
2022-12-12,15.1825,15.9183,15.0426,15.4545,15.4545,152631
2022-12-13,15.4316,15.763,15.3465,15.3893,15.3893,216185
2022-12-14,15.3053,15.4681,14.384,14.5626,14.5626,105903
2022-12-15,14.3411,14.8833,14.1736,14.7969,14.7969,75064
2022-12-16,14.5645,14.6249,14.4182,14.5731,14.5731,70602
2022-12-19,14.492,15.0846,14.3431,14.9556,14.9556,171118
2022-12-20,15.0554,15.1991,14.5491,14.9796,14.9796,278396
2022-12-21,14.8708,15.3859,14.5357,15.074,15.074,99360
2022-12-22,15.0091,15.6207,14.8598,15.5304,15.5304,191610
2022-12-23,15.5563,16.021,15.5458,15.6478,15.6478,131055
2022-12-26,15.4564,16.4318,15.348,16.3606,16.3606,253635
2022-12-27,16.1312,16.494,15.8884,16.4536,16.4536,88066
2022-12-28,16.4649,18.2517,16.3993,18.1035,18.1035,187327
2022-12-29,17.7041,18.0212,17.0229,17.3253,17.3253,113023
2022-12-30,17.4015,17.7432,16.9638,17.1189,17.1189,221228
2023-01-02,17.0637,18.3292,17.0422,18.0834,18.0834,233641
2023-01-03,18.2879,18.4361,17.6731,17.8036,17.8036,263178
2023-01-04,17.9384,17.9521,17.48,17.4967,17.4967,234581
2023-01-05,17.1996,17.2047,16.9212,17.14,17.14,160365
2023-01-06,17.2798,17.5979,16.7181,17.1127,17.1127,181368
2023-01-09,17.2942,18.3499,17.0961,17.8573,17.8573,118164
2023-01-10,17.5643,18.6031,16.9716,18.4547,18.4547,140187
2023-01-11,18.4027,19.0699,18.0895,19.0178,19.0178,145279
2023-01-12,18.84,19.14,18.4726,18.6494,18.6494,330244
2023-01-13,18.7541,20.1147,18.2974,19.5513,19.5513,285907
2023-01-16,19.5552,19.8565,18.9856,19.1205,19.1205,130862
2023-01-17,18.8453,19.366,18.5277,19.2664,19.2664,110808
2023-01-18,19.4304,19.5771,19.1661,19.5013,19.5013,253227
2023-01-19,19.3458,19.3532,19.0804,19.1645,19.1645,130134
2023-01-20,19.1187,19.1476,18.3676,18.5188,18.5188,81847
2023-01-23,18.534,18.571,17.9202,17.9777,17.9777,147473
2023-01-24,18.1019,18.418,17.1357,17.4604,17.4604,168950
2023-01-25,17.3636,17.5574,16.4058,16.5654,16.5654,136501
2023-01-26,16.4179,17.1406,16.1203,16.8724,16.8724,223730
2023-01-27,16.817,17.3432,16.4403,17.1904,17.1904,95920
2023-01-30,17.0767,17.8065,16.9948,17.4209,17.4209,168946
2023-01-31,17.8344,17.839,16.2955,16.7209,16.7209,181103
2023-02-01,16.4989,16.5529,16.15,16.15,16.15,309761
2023-02-02,16.2533,16.3275,15.843,16.0844,16.0844,119960
2023-02-03,16.1638,16.2474,15.4114,15.7474,15.7474,322123
2023-02-06,15.7552,16.7702,15.717,16.4065,16.4065,319106
2023-02-07,16.2196,16.5411,15.4474,15.7144,15.7144,208022
2023-02-08,15.4762,16.2557,15.0882,16.0014,16.0014,230422
2023-02-09,16.2518,16.7809,15.9977,16.6977,16.6977,284634
2023-02-10,16.6838,17.2975,16.2801,17.1471,17.1471,117463
2023-02-13,17.1617,17.4736,16.8588,16.9123,16.9123,144492
2023-02-14,16.9624,17.2906,16.6664,17.2301,17.2301,176997
2023-02-15,17.297,18.0599,17.1403,18.0191,18.0191,296465
2023-02-16,17.8772,18.0899,16.6365,16.8773,16.8773,195753
2023-02-17,17.0596,17.2086,16.547,16.6316,16.6316,130599
2023-02-20,16.739,17.1335,16.715,17.0747,17.0747,163255
2023-02-21,17.0563,17.1464,16.2359,16.3104,16.3104,217510
2023-02-22,16.2327,16.6723,15.861,16.6697,16.6697,197964
2023-02-23,16.5736,17.1615,16.2191,16.7555,16.7555,122529
2023-02-24,16.7251,17.0442,15.7677,16.2301,16.2301,84715
2023-02-27,16.1125,16.3385,15.3404,15.388,15.388,116518
2023-02-28,15.7394,15.7951,14.6568,14.8512,14.8512,234601
2023-03-01,14.9638,15.149,14.3267,14.4735,14.4735,328415
2023-03-02,14.3255,14.4767,13.4288,13.5174,13.5174,97227
2023-03-03,13.3788,14.1693,13.2846,13.861,13.861,308174
2023-03-06,13.9348,14.1796,13.7428,13.9064,13.9064,372012
2023-03-07,13.8273,14.2055,13.3551,13.4824,13.4824,126889
2023-03-08,13.3974,13.4622,13.2138,13.4173,13.4173,170684
2023-03-09,13.6081,13.6379,13.2314,13.3512,13.3512,87375
2023-03-10,13.2665,13.627,13.2069,13.4953,13.4953,153251
2023-03-13,13.5522,13.6357,13.1916,13.5547,13.5547,141663
2023-03-14,13.5666,13.8424,12.9249,13.3046,13.3046,101088
2023-03-15,13.3112,14.4955,13.1403,14.1345,14.1345,231155
2023-03-16,14.3131,14.7767,14.1138,14.4282,14.4282,160147
2023-03-17,14.414,15.5905,14.3653,15.2785,15.2785,204250
2023-03-20,15.5181,15.7595,14.6114,14.7164,14.7164,169847
2023-03-21,14.6858,14.7633,14.5912,14.6502,14.6502,124958
2023-03-22,14.6597,14.8246,14.4897,14.5787,14.5787,132647
2023-03-23,14.58,15.0331,14.4886,15.0135,15.0135,122747
2023-03-24,14.7522,15.2997,14.4993,15.1326,15.1326,147920
2023-03-27,15.0444,15.0845,14.5124,14.6224,14.6224,194257
2023-03-28,14.6717,15.0611,14.2949,14.8196,14.8196,165707
2023-03-29,14.758,14.9176,14.4328,14.8581,14.8581,102634
2023-03-30,14.7858,14.8429,14.7252,14.7714,14.7714,95794
2023-03-31,14.6084,15.0638,14.4341,14.7839,14.7839,159481
2023-04-03,14.5694,14.602,14.2526,14.444,14.444,185937
2023-04-04,14.45,14.9674,14.2798,14.8695,14.8695,249318
2023-04-05,15.0556,15.3037,14.523,14.5407,14.5407,148776
2023-04-06,14.3027,14.3272,14.2051,14.2192,14.2192,82045
2023-04-07,13.9511,14.0095,13.3433,13.4476,13.4476,158899
2023-04-10,13.3052,13.9962,12.9534,13.9114,13.9114,73056
2023-04-11,13.9632,14.0492,13.4942,13.86,13.86,259080
2023-04-12,13.8928,14.2731,13.7228,13.7261,13.7261,213960
2023-04-13,13.7997,14.0141,13.6449,13.8362,13.8362,109091
2023-04-14,13.7233,14.1112,12.9663,13.1809,13.1809,152888
2023-04-17,12.999,13.2537,12.8489,13.1641,13.1641,138769
2023-04-18,13.4338,13.5964,13.2041,13.207,13.207,118994
2023-04-19,13.1163,13.748,13.0489,13.4615,13.4615,111936
2023-04-20,13.4875,14.1658,13.3066,14.0745,14.0745,142322
2023-04-21,14.4107,14.764,14.2847,14.5978,14.5978,196797
2023-04-24,14.6212,15.0153,14.3026,14.3936,14.3936,233538
2023-04-25,14.4424,14.9755,14.4165,14.9011,14.9011,65128
2023-04-26,15.133,15.1947,14.7064,14.8222,14.8222,119089
2023-04-27,14.707,14.8888,13.8307,13.8998,13.8998,229077
2023-04-28,13.8482,14.188,13.3537,14.0563,14.0563,112811
2023-05-01,13.9759,14.4109,13.9396,14.2044,14.2044,147814
2023-05-02,14.1422,14.6765,13.8369,14.6322,14.6322,175675
2023-05-03,14.6558,14.8081,14.6035,14.6944,14.6944,110685
2023-05-04,14.4879,15.4391,14.3926,15.4209,15.4209,204385
2023-05-05,15.3883,15.4695,15.1085,15.3818,15.3818,150628
2023-05-08,15.5166,15.5573,15.0328,15.3363,15.3363,146945
2023-05-09,15.4397,15.8689,14.7532,14.7877,14.7877,155499
2023-05-10,14.922,14.9808,14.3657,14.4074,14.4074,188747
2023-05-11,14.2053,14.5319,13.8475,14.5291,14.5291,760459
2023-05-12,14.8155,15.3826,14.3395,14.6916,14.6916,229725
2023-05-15,14.6239,14.6249,14.174,14.2592,14.2592,294363
2023-05-16,14.0636,14.5561,13.9634,14.5336,14.5336,458208
2023-05-17,14.5047,14.5948,14.3562,14.4769,14.4769,152042
2023-05-18,14.6822,15.1989,14.349,15.0007,15.0007,246734
2023-05-19,14.9719,15.3764,14.7836,15.2888,15.2888,122471
2023-05-22,15.5907,15.6897,15.0738,15.3784,15.3784,207032
2023-05-23,15.4124,15.5288,14.9469,15.2694,15.2694,91244
2023-05-24,15.1929,15.5889,15.1348,15.5112,15.5112,114475
2023-05-25,15.3939,15.4923,14.786,14.9096,14.9096,186265
2023-05-26,14.8931,15.3871,14.0788,14.0875,14.0875,188006
2023-05-29,14.1574,14.7964,13.8812,14.6798,14.6798,110075
2023-05-30,14.8171,15.5449,14.7881,15.2103,15.2103,130381
2023-05-31,15.1792,15.7219,15.1308,15.5888,15.5888,220264
2023-06-01,15.5989,15.6092,15.3337,15.4847,15.4847,176195
2023-06-02,15.3624,16.3821,15.1054,16.1349,16.1349,220313
2023-06-05,16.0515,16.6806,16.0224,16.2043,16.2043,156949
2023-06-06,16.3249,16.8816,15.9548,16.5866,16.5866,173627
2023-06-07,16.5549,17.4996,16.2911,17.4803,17.4803,140448
2023-06-08,17.6209,17.8676,16.9051,17.1115,17.1115,142788
2023-06-09,17.243,17.6693,16.9642,17.4959,17.4959,102367
2023-06-12,17.5868,17.8205,16.3364,16.5093,16.5093,159934
2023-06-13,16.4364,17.0319,16.0571,16.9366,16.9366,177864
2023-06-14,16.5417,17.0283,16.2934,16.8704,16.8704,121197
2023-06-15,16.7485,17.2831,16.5328,16.5849,16.5849,148627
2023-06-16,16.65,16.8285,16.0174,16.5725,16.5725,302016
2023-06-19,16.55,17.2496,16.4944,16.692,16.692,173181
2023-06-20,16.9498,16.9591,16.5035,16.8673,16.8673,172127
2023-06-21,16.7603,17.0731,16.1524,16.1832,16.1832,355747
2023-06-22,15.9963,16.412,15.9815,16.1049,16.1049,93249
2023-06-23,15.9095,17.5145,15.8348,17.2466,17.2466,137062
2023-06-26,17.5426,17.9832,16.8359,16.8364,16.8364,115118
2023-06-27,16.6645,17.6008,16.3833,17.4149,17.4149,202455
2023-06-28,17.311,17.4259,17.0358,17.366,17.366,199330
2023-06-29,17.3729,17.982,17.1363,17.6908,17.6908,213870
2023-06-30,17.6119,17.8101,17.1811,17.5846,17.5846,111926
2023-07-03,17.4478,17.9544,16.1854,16.3846,16.3846,211971
2023-07-05,16.5034,16.9598,16.279,16.8553,16.8553,207928
2023-07-06,16.8754,17.1935,16.6276,16.9441,16.9441,92451
2023-07-07,16.8856,16.9897,16.5551,16.6349,16.6349,142623
2023-07-10,16.4883,16.6094,15.9045,16.605,16.605,571612
2023-07-11,16.7866,17.0846,16.4237,16.7298,16.7298,74104
2023-07-12,16.5857,16.9893,16.2125,16.5234,16.5234,104973
2023-07-13,16.6637,16.712,16.0609,16.2474,16.2474,214268
2023-07-14,16.2866,16.6214,16.0696,16.3108,16.3108,109510
2023-07-17,16.2181,17.0322,16.1569,16.7285,16.7285,162157
2023-07-18,16.9142,17.2082,16.5996,16.6667,16.6667,200664
2023-07-19,16.7985,16.8891,16.4793,16.8198,16.8198,240728
2023-07-20,16.6967,16.9965,16.5228,16.9488,16.9488,81464
2023-07-21,16.9112,17.1737,16.7013,17.0918,17.0918,156523
2023-07-24,17.1882,17.735,17.1244,17.4169,17.4169,244346
2023-07-25,17.3935,17.5899,17.0185,17.1279,17.1279,83071
2023-07-26,16.9436,17.2922,16.8131,17.1354,17.1354,49750
2023-07-27,17.0859,17.6848,17.0437,17.4973,17.4973,130816
2023-07-28,17.774,17.873,16.3346,16.4304,16.4304,206761
2023-07-31,16.5288,16.6194,16.1507,16.1706,16.1706,250967
2023-08-01,15.7961,17.2359,15.6152,17.2304,17.2304,229212
2023-08-02,17.236,17.2673,16.4393,16.6146,16.6146,369580
2023-08-03,16.8506,17.3496,16.3876,16.5887,16.5887,159583
2023-08-04,16.6123,16.7561,16.034,16.1141,16.1141,71777
2023-08-07,15.9743,16.2174,15.688,15.913,15.913,112203
2023-08-08,15.884,16.4097,15.8419,16.2171,16.2171,132916
2023-08-09,16.6203,16.7385,15.8663,16.0935,16.0935,115537
2023-08-10,16.0105,16.9379,15.9717,16.545,16.545,355972
2023-08-11,16.5247,16.6303,16.4665,16.6041,16.6041,219834
2023-08-14,16.467,17.4251,16.4299,17.2308,17.2308,237323
2023-08-15,17.1577,17.6974,16.5784,16.848,16.848,117663
2023-08-16,16.7665,17.3276,16.5534,17.1612,17.1612,289583
2023-08-17,17.074,17.5307,16.7901,17.2574,17.2574,168634
2023-08-18,17.1702,17.3372,15.4308,15.622,15.622,58724
2023-08-21,15.616,16.1516,15.3509,15.9452,15.9452,153627
2023-08-22,16.3716,16.3724,15.8434,16.218,16.218,200325
2023-08-23,16.5376,16.8092,16.287,16.3991,16.3991,216778
2023-08-24,16.1445,16.415,15.8371,15.9841,15.9841,139502
2023-08-25,15.8175,15.8338,15.2999,15.4456,15.4456,172016
2023-08-28,15.4291,16.2321,15.3242,16.1594,16.1594,190895
2023-08-29,15.847,15.8836,14.9383,15.0657,15.0657,141189
2023-08-30,15.0739,15.2927,15.0201,15.2265,15.2265,158640
2023-08-31,15.1947,15.291,14.8457,15.0103,15.0103,154599
2023-09-01,15.0415,15.6721,14.9376,15.2071,15.2071,291494
2023-09-04,15.332,15.8703,15.2353,15.4254,15.4254,125063
2023-09-05,15.6981,15.8722,15.0966,15.1329,15.1329,87804
2023-09-06,14.9667,16.6489,14.8786,16.4654,16.4654,294621
2023-09-07,16.5325,16.813,15.456,15.6336,15.6336,316266
2023-09-08,15.2779,15.4146,14.9807,15.1144,15.1144,245743
2023-09-11,15.1634,15.2275,14.8376,14.8767,14.8767,553953
2023-09-12,15.0626,15.1188,13.864,13.9971,13.9971,187722
2023-09-13,13.9415,14.3111,13.5981,13.8974,13.8974,155078
2023-09-14,14.0493,14.2124,13.5928,13.757,13.757,154623
2023-09-15,13.8789,14.4647,13.8604,14.2191,14.2191,166515
2023-09-18,14.0086,14.4269,13.6872,14.3273,14.3273,183071
2023-09-19,14.1067,14.256,13.1953,13.4865,13.4865,122101
2023-09-20,13.4653,13.9395,13.4067,13.897,13.897,73808
2023-09-21,13.9427,14.5922,13.902,14.2382,14.2382,201139
2023-09-22,14.3901,14.7244,14.1271,14.3477,14.3477,158590
2023-09-25,14.3036,14.7025,14.1696,14.5364,14.5364,161730
2023-09-26,14.6603,14.7671,13.3802,13.5625,13.5625,168077
2023-09-27,13.3889,13.5323,12.7446,12.9304,12.9304,142782
2023-09-28,12.9228,13.0694,12.6317,12.7116,12.7116,113065
2023-09-29,12.6919,12.8177,12.4836,12.5327,12.5327,181730
2023-10-02,12.5233,12.8682,12.4435,12.5958,12.5958,193494
2023-10-03,12.6926,12.8584,12.6469,12.8581,12.8581,189491
2023-10-04,12.7546,13.783,12.7251,13.6461,13.6461,170382
2023-10-05,13.7033,14.2889,13.5308,14.2122,14.2122,214045
2023-10-06,14.3273,14.4113,14.1055,14.3451,14.3451,241471
2023-10-09,14.5549,14.9744,14.4112,14.4323,14.4323,175280
2023-10-10,14.2379,15.0934,14.1557,14.94,14.94,267138
2023-10-11,14.9667,15.4395,14.8402,15.282,15.282,220825
2023-10-12,15.334,15.9048,15.0762,15.6896,15.6896,164205
2023-10-13,15.6511,16.154,15.1769,15.5255,15.5255,154551
2023-10-16,15.6656,15.9382,15.2488,15.7329,15.7329,198592
2023-10-17,15.6043,16.0241,15.4566,15.8966,15.8966,108440
2023-10-18,15.9721,16.0712,15.7636,15.7992,15.7992,135914
2023-10-19,15.6719,15.9589,14.9813,15.1902,15.1902,109984
2023-10-20,15.3204,15.5075,14.9033,15.4212,15.4212,193992
2023-10-23,15.5503,15.9408,15.2111,15.4549,15.4549,100899
2023-10-24,15.6271,16.0794,14.6638,14.7406,14.7406,135269
2023-10-25,14.4974,15.7305,13.8555,15.5065,15.5065,105986
2023-10-26,15.1704,16.0337,15.0131,15.8679,15.8679,193619
2023-10-27,16.1237,16.4684,15.6408,16.2797,16.2797,166118
2023-10-30,16.4058,16.6656,15.1805,15.7252,15.7252,290013
2023-10-31,15.6538,15.8416,15.4337,15.5202,15.5202,118357
2023-11-01,15.5533,15.9335,15.0279,15.6411,15.6411,73193
2023-11-02,15.5455,15.6631,15.371,15.4337,15.4337,83246
2023-11-03,15.4489,15.6595,15.2234,15.5387,15.5387,239923
2023-11-06,15.6488,15.8936,15.64,15.6725,15.6725,93957
2023-11-07,15.587,16.6833,14.9642,16.3561,16.3561,98344
2023-11-08,16.2965,17.208,15.9635,17.0198,17.0198,158689
2023-11-09,17.0574,17.473,16.8682,16.9624,16.9624,105784
2023-11-10,17.0266,17.7373,16.8804,17.5671,17.5671,109271
2023-11-13,17.7707,18.0823,17.3682,18.0735,18.0735,87543
2023-11-14,17.925,18.1584,17.4842,18.1063,18.1063,143715
2023-11-15,18.1752,18.3482,17.6876,18.2774,18.2774,141781
2023-11-16,18.1451,18.9588,17.9993,18.5722,18.5722,262076
2023-11-17,18.6518,19.6538,18.6487,19.1032,19.1032,177998
2023-11-20,19.067,20.8022,18.5312,20.5045,20.5045,193965
2023-11-21,20.665,20.671,20.0531,20.6083,20.6083,74372
2023-11-22,20.6958,21.7268,20.6188,21.3692,21.3692,157044
2023-11-23,21.5496,22.1436,20.561,20.8769,20.8769,91415
2023-11-24,20.6763,21.3326,20.5215,21.2628,21.2628,172002
2023-11-27,21.19,21.5519,20.4995,20.7401,20.7401,111219
2023-11-28,20.9396,21.2369,20.159,20.3236,20.3236,137838
2023-11-29,20.4378,20.5403,19.7213,20.1719,20.1719,170967
2023-11-30,19.9168,21.7485,19.8367,21.6183,21.6183,191607
2023-12-01,21.5371,22.0125,20.9209,21.0486,21.0486,118293
2023-12-04,21.2683,21.9763,20.7254,21.4415,21.4415,623822
2023-12-05,21.4379,21.9916,20.2318,20.3316,20.3316,234668
2023-12-06,20.2761,20.9293,20.0377,20.6816,20.6816,179076
2023-12-07,20.4994,22.0148,20.2812,21.7904,21.7904,175196
2023-12-08,21.6647,21.7871,20.5813,21.1265,21.1265,107360
2023-12-11,20.9103,21.073,20.5057,20.9376,20.9376,141396
2023-12-12,21.2798,21.9073,21.0046,21.5437,21.5437,158870
2023-12-13,21.4824,22.3435,21.4503,22.2937,22.2937,214557
2023-12-14,22.5242,22.7531,22.028,22.4175,22.4175,270165
2023-12-15,22.646,23.0167,21.9342,21.997,21.997,165645
2023-12-18,22.1038,22.1467,21.5927,21.7337,21.7337,347622
2023-12-19,21.6254,22.0697,21.1872,21.9142,21.9142,91183
2023-12-20,21.6874,22.464,21.6175,22.2861,22.2861,85411
2023-12-21,22.1503,22.253,21.6332,21.7899,21.7899,258168
2023-12-22,21.5977,21.9413,21.2909,21.863,21.863,239180
2023-12-26,21.828,22.3883,21.7928,22.176,22.176,151005
2023-12-27,22.0398,22.0829,20.8593,21.0525,21.0525,229485
2023-12-28,20.7066,21.8426,20.2008,20.994,20.994,476332
2023-12-29,20.8894,21.4569,20.2242,20.7058,20.7058,151578
2024-01-02,20.6213,21.76,20.3044,21.0347,21.0347,210617
2024-01-03,20.956,21.5746,20.9172,21.4897,21.4897,103995
2024-01-04,21.6338,22.9883,20.9907,22.7322,22.7322,375913
2024-01-05,22.3419,22.5062,21.4407,21.8471,21.8471,346113
2024-01-08,21.4697,22.0719,20.7369,20.9503,20.9503,270129
2024-01-09,21.5693,21.5894,20.5826,20.8795,20.8795,216251
2024-01-10,20.3573,21.5676,20.0047,20.8935,20.8935,222135
2024-01-11,20.5928,21.4871,20.1568,21.1296,21.1296,139281
2024-01-12,21.259,21.805,20.2082,20.3743,20.3743,189187
2024-01-15,20.3647,20.4889,19.3815,19.7298,19.7298,245380
2024-01-16,19.6937,20.3452,18.5858,18.7936,18.7936,84831
2024-01-17,18.7229,18.8109,18.2702,18.3856,18.3856,203999
2024-01-18,18.5448,18.9834,18.0336,18.3614,18.3614,105081
2024-01-19,18.4995,18.6615,18.001,18.2812,18.2812,155540
2024-01-22,18.2798,20.2107,18.2727,19.8342,19.8342,138032
2024-01-23,20.027,21.4717,19.9092,21.2451,21.2451,191991
2024-01-24,21.2967,21.5731,20.8698,21.5152,21.5152,130281
2024-01-25,21.5364,21.5403,20.06,20.4199,20.4199,333335
2024-01-26,20.1578,21.2221,19.6199,20.9707,20.9707,220345
2024-01-29,20.9318,20.9735,20.7565,20.8909,20.8909,195283
2024-01-30,20.9433,21.5463,20.4022,21.4442,21.4442,121280
2024-01-31,20.9923,21.4701,20.9684,21.2503,21.2503,187365
2024-02-01,21.3877,21.581,20.9713,21.2011,21.2011,200938
2024-02-02,21.1712,22.3298,20.9886,22.0214,22.0214,177561
2024-02-05,22.177,22.7139,21.8239,22.2883,22.2883,135507
2024-02-06,21.8746,22.3136,21.0795,22.2455,22.2455,109538
2024-02-07,22.2046,22.6025,21.7116,22.1246,22.1246,108242
2024-02-08,22.0675,22.5104,21.9776,22.3954,22.3954,239165
2024-02-09,21.8684,23.8299,21.6489,22.7944,22.7944,109219
2024-02-12,23.066,24.3288,22.7738,24.1502,24.1502,137956
2024-02-13,23.9805,25.0096,23.8553,24.8557,24.8557,125888
2024-02-14,25.0058,25.3529,24.8048,25.0309,25.0309,209601
2024-02-15,25.0882,25.3474,24.8201,24.8318,24.8318,180609
2024-02-16,24.6247,24.6268,24.0245,24.2198,24.2198,203431
2024-02-19,24.4127,25.4267,24.0067,25.2187,25.2187,100307
2024-02-20,25.1379,25.4841,24.3365,25.2608,25.2608,124294
2024-02-21,25.3949,25.8923,25.0162,25.5518,25.5518,370080
2024-02-22,25.2514,27.2681,24.4983,26.8851,26.8851,109662
2024-02-23,26.4416,27.8003,26.1705,27.0106,27.0106,247607
2024-02-26,26.8306,27.6416,26.6394,27.1911,27.1911,254711
2024-02-27,27.0216,28.3215,26.9161,28.2638,28.2638,133791
2024-02-28,28.2489,29.8016,27.8615,29.7182,29.7182,180888
2024-02-29,29.769,29.7768,28.6467,29.104,29.104,277289
2024-03-01,28.6381,28.8983,28.2971,28.791,28.791,167288
2024-03-04,28.7785,29.2887,28.3674,28.8311,28.8311,104609
2024-03-05,28.9369,29.0771,28.3761,28.9991,28.9991,130947
2024-03-06,29.942,30.4064,27.6429,28.1982,28.1982,180134
2024-03-07,28.2226,28.8252,27.608,27.9057,27.9057,159723
2024-03-08,27.9001,28.3009,27.6639,28.2617,28.2617,100143
2024-03-11,27.5593,29.2208,26.8551,28.6149,28.6149,218009
2024-03-12,28.699,31.1485,28.6514,30.2361,30.2361,152820
2024-03-13,30.39,31.0863,29.7944,30.0086,30.0086,252668
2024-03-14,30.5886,31.4513,30.387,30.9015,30.9015,90584
2024-03-15,30.9596,32.912,30.838,32.7003,32.7003,121545
2024-03-18,32.9568,33.3487,31.3151,31.5314,31.5314,139026
2024-03-19,31.0889,32.5991,30.6568,31.9992,31.9992,302208
2024-03-20,31.8874,33.5325,31.6114,33.0678,33.0678,295213
2024-03-21,32.9243,33.744,30.2016,30.6602,30.6602,129773
2024-03-22,30.4717,30.7394,29.6455,29.7271,29.7271,105276
2024-03-25,29.6249,31.8056,28.9711,31.4654,31.4654,103555
2024-03-26,30.8872,32.5792,30.3177,32.4324,32.4324,151140
2024-03-27,32.7587,32.7989,32.0128,32.1396,32.1396,179431
2024-03-28,31.4924,33.7093,30.5613,33.6532,33.6532,334252
2024-03-29,33.5786,33.7637,31.4874,32.2838,32.2838,148375
2024-04-01,32.6422,33.0885,30.3023,30.7872,30.7872,189971
2024-04-02,30.9942,32.6636,30.828,31.1038,31.1038,208214
2024-04-03,30.9091,32.8382,30.4095,32.3275,32.3275,220036
2024-04-04,32.3303,32.6483,31.9063,32.5818,32.5818,319697
2024-04-05,32.5857,32.6475,32.0821,32.3141,32.3141,131570
2024-04-08,31.8113,32.6528,30.9691,32.4553,32.4553,230642
2024-04-09,32.4266,35.016,32.1654,34.708,34.708,233263
2024-04-10,34.6996,35.1807,33.6896,34.0245,34.0245,196534
2024-04-11,33.3365,33.9469,32.9813,33.0062,33.0062,126117
2024-04-12,33.4423,33.8932,33.2784,33.844,33.844,111364
2024-04-15,33.7575,35.0306,33.5581,34.7273,34.7273,71957
2024-04-16,34.586,36.6851,34.3652,36.2348,36.2348,137549
2024-04-17,36.3307,36.8326,36.0104,36.482,36.482,179574
2024-04-18,36.5666,36.9662,36.3573,36.4937,36.4937,128928
2024-04-19,37.1646,37.6873,36.0512,36.7698,36.7698,182219
2024-04-22,36.6934,37.63,35.9592,37.0387,37.0387,228585
2024-04-23,37.0817,37.1346,36.2934,36.9964,36.9964,139233
2024-04-24,37.1799,38.2431,35.8943,37.9458,37.9458,152330
2024-04-25,37.774,37.904,37.4673,37.8363,37.8363,175080
2024-04-26,38.4447,38.8889,36.382,36.8658,36.8658,213314
2024-04-29,37.2159,37.7999,36.512,36.5593,36.5593,175562
2024-04-30,36.7216,37.8135,36.6807,37.366,37.366,158175
2024-05-01,37.8909,38.3974,35.9217,36.0262,36.0262,73398
2024-05-02,35.7195,36.0056,33.8441,35.1336,35.1336,250033
2024-05-03,34.5249,35.5919,34.241,35.4417,35.4417,107801
2024-05-06,34.9948,35.8808,34.602,35.5269,35.5269,207041
2024-05-07,35.8122,36.6086,35.2694,35.3315,35.3315,193442
2024-05-08,35.2727,35.9528,34.4399,34.6672,34.6672,154549
2024-05-09,34.5741,35.3466,33.6202,34.1566,34.1566,202052
2024-05-10,34.1506,35.8755,33.8929,35.759,35.759,119111
2024-05-13,35.6971,35.7373,33.3393,33.5096,33.5096,157216
2024-05-14,34.0161,34.5671,32.8474,33.3179,33.3179,128135
2024-05-15,33.1881,33.9996,31.7997,32.3777,32.3777,203937
2024-05-16,31.4316,31.8046,30.7347,31.2671,31.2671,168786
2024-05-17,31.4939,33.2786,31.3559,32.8842,32.8842,171925
2024-05-20,33.1135,34.7988,32.4257,33.8249,33.8249,170476
2024-05-21,33.9468,34.2093,33.0943,34.1132,34.1132,121931
2024-05-22,33.8372,34.3456,32.0942,32.8365,32.8365,135726
2024-05-23,32.5994,33.7409,32.465,33.1261,33.1261,255287
2024-05-24,32.8694,34.1824,32.0804,33.8981,33.8981,187684
2024-05-27,33.6165,37.1274,33.455,36.2151,36.2151,267249
2024-05-28,36.2198,36.5685,35.1611,36.5493,36.5493,393628
2024-05-29,36.2877,36.4595,34.7676,34.9738,34.9738,432743
2024-05-30,35.042,35.7586,34.5602,35.0416,35.0416,187788
2024-05-31,35.3275,35.4167,32.7569,33.1455,33.1455,326832
2024-06-03,33.2596,34.7752,33.1839,34.4136,34.4136,156383
2024-06-04,34.4446,37.1838,34.3727,36.2533,36.2533,151816
2024-06-05,37.1909,37.461,35.0412,35.5405,35.5405,113594
2024-06-06,35.9623,36.5086,34.6359,35.0615,35.0615,123764
2024-06-07,35.1012,35.6417,34.6117,35.2309,35.2309,118201
2024-06-10,35.4509,36.5144,35.2377,36.1,36.1,228434
2024-06-11,36.295,37.3423,33.4652,33.6781,33.6781,177500
2024-06-12,33.5691,34.8802,33.3792,34.0317,34.0317,184480
2024-06-13,34.5092,34.8738,31.9089,32.2059,32.2059,102446
2024-06-14,31.9027,33.4943,31.5776,32.4268,32.4268,308170
2024-06-17,32.4798,33.1897,31.3463,31.4949,31.4949,515056
2024-06-18,31.5572,31.7329,30.8368,30.9652,30.9652,165040
2024-06-19,31.5929,32.3707,31.1555,31.8618,31.8618,174125
2024-06-20,32.1536,32.5062,31.8329,32.2998,32.2998,190167
2024-06-21,32.6558,34.4237,32.3898,34.113,34.113,63059
2024-06-24,34.5355,34.8973,32.5209,33.4583,33.4583,168702
2024-06-25,33.9876,34.3555,32.7783,33.6728,33.6728,182744
2024-06-26,33.4944,33.8966,33.006,33.8571,33.8571,184507
2024-06-27,34.0489,34.6245,33.4992,34.3732,34.3732,106955
2024-06-28,33.7957,34.3937,32.4395,33.6803,33.6803,348031
2024-07-01,33.7413,34.9201,33.4267,34.8201,34.8201,114699
2024-07-02,34.3458,35.8931,34.0355,35.7785,35.7785,77989
2024-07-03,35.5934,36.3977,35.4766,36.3005,36.3005,201400
2024-07-05,35.6097,36.5042,35.2613,36.4201,36.4201,366615
2024-07-08,36.7149,37.5463,36.0806,37.2108,37.2108,179858
2024-07-09,36.7903,37.5293,35.7237,36.1932,36.1932,220138
2024-07-10,35.9232,36.2273,35.6349,35.8449,35.8449,93605
2024-07-11,35.3714,37.862,34.2082,37.3673,37.3673,113068
2024-07-12,37.4508,38.1646,35.5684,36.1639,36.1639,170248
2024-07-15,36.0442,36.8593,35.1097,35.2798,35.2798,117392
2024-07-16,34.9254,38.7871,34.4403,38.7321,38.7321,174496
2024-07-17,39.2977,39.3263,37.9467,38.2127,38.2127,47278
2024-07-18,38.3164,38.4891,36.3688,36.9678,36.9678,84975
2024-07-19,36.6241,37.1235,34.4906,34.6349,34.6349,101019
2024-07-22,33.7483,34.4744,33.6585,34.395,34.395,193557
2024-07-23,34.2268,34.3527,32.5705,32.9255,32.9255,168603
2024-07-24,32.7439,33.3045,31.9034,32.1088,32.1088,160955
2024-07-25,32.1852,32.9237,31.3889,31.8939,31.8939,131956
2024-07-26,31.6462,33.347,31.0855,32.2979,32.2979,237036
2024-07-29,32.4401,32.8616,32.1086,32.2515,32.2515,121840
2024-07-30,32.646,33.1235,31.4319,31.7199,31.7199,238541
2024-07-31,31.4764,33.4023,31.0474,32.8794,32.8794,141280
2024-08-01,32.4568,33.7507,31.664,32.3953,32.3953,332640
2024-08-02,32.9253,33.2481,31.0729,31.1523,31.1523,133191
2024-08-05,31.1637,31.6023,30.5469,31.4115,31.4115,338607
2024-08-06,31.102,31.3802,30.0081,30.0698,30.0698,104030
2024-08-07,30.6566,30.8207,28.4447,29.1337,29.1337,116762
2024-08-08,28.6765,30.9989,28.4982,30.9612,30.9612,152833
2024-08-09,30.3537,31.8717,30.1527,31.4423,31.4423,96995
2024-08-12,31.072,32.6851,30.7173,32.6237,32.6237,123207
2024-08-13,31.9212,35.2832,30.8901,34.811,34.811,163128
2024-08-14,35.0309,36.0224,32.4394,33.0517,33.0517,259051
2024-08-15,33.0677,33.1114,30.9118,32.1604,32.1604,167774
2024-08-16,31.9873,32.9308,30.9183,32.4507,32.4507,116088
2024-08-19,32.5979,32.6413,31.1068,31.7765,31.7765,145597
2024-08-20,32.4263,33.1004,31.8481,32.142,32.142,84227
2024-08-21,32.3194,33.4376,31.8924,32.6701,32.6701,206597
2024-08-22,33.2039,33.9699,32.5427,32.5446,32.5446,98198
2024-08-23,32.7651,32.8768,32.2743,32.2881,32.2881,305940
2024-08-26,32.6624,33.5986,32.3907,33.0984,33.0984,244839
2024-08-27,33.112,33.4041,31.7163,32.035,32.035,95756
2024-08-28,31.6574,31.9971,30.7889,31.5921,31.5921,210221
2024-08-29,31.524,32.399,31.1722,31.3095,31.3095,391970
2024-08-30,32.0249,32.8083,29.5993,30.2548,30.2548,173535
2024-09-02,30.119,32.0575,29.807,31.3155,31.3155,120482
2024-09-03,31.1761,31.6372,30.8475,31.3594,31.3594,333156
2024-09-04,31.1229,31.1872,30.2626,30.4041,30.4041,182991
2024-09-05,30.0033,31.0302,29.4594,30.3694,30.3694,216666
2024-09-06,30.3454,31.6708,30.0471,31.6121,31.6121,154296
2024-09-09,31.2928,33.0505,30.6448,32.8773,32.8773,158685
2024-09-10,32.2276,32.2858,30.4822,31.0961,31.0961,255279
2024-09-11,30.8545,31.7874,30.4236,31.6329,31.6329,107297
2024-09-12,31.6643,31.8806,30.9421,31.471,31.471,360185
2024-09-13,31.6838,32.2897,31.2543,32.1903,32.1903,139676
2024-09-16,32.1548,32.6419,31.6254,32.2128,32.2128,86302
2024-09-17,32.5356,33.4283,29.8729,30.2653,30.2653,163481
2024-09-18,30.5715,32.0507,30.2054,31.5954,31.5954,158233
2024-09-19,31.5603,31.6886,30.2766,30.9329,30.9329,174659
2024-09-20,30.6934,31.4995,30.2913,31.496,31.496,106658
2024-09-23,31.6904,33.5746,31.3,32.7603,32.7603,224649
2024-09-24,33.0861,33.7316,32.164,32.816,32.816,101599
2024-09-25,33.0705,33.6769,32.0642,32.9893,32.9893,169925
2024-09-26,32.6511,32.968,31.5161,32.1434,32.1434,192521
2024-09-27,32.475,32.9183,31.925,31.9663,31.9663,161668
2024-09-30,31.7957,31.9268,30.4076,31.032,31.032,245718
2024-10-01,30.9209,32.2384,30.2204,31.9274,31.9274,167177
2024-10-02,32.5428,32.6623,31.266,31.643,31.643,217773
2024-10-03,31.7938,32.6526,30.5281,31.2761,31.2761,154276
2024-10-04,31.23,32.8084,30.8905,32.4228,32.4228,218572
2024-10-07,33.0416,33.4599,31.9857,32.1164,32.1164,197424
2024-10-08,32.0329,32.6955,31.9399,32.5133,32.5133,103780
2024-10-09,31.9194,32.2797,31.3566,31.4227,31.4227,165612
2024-10-10,31.7644,32.0442,31.5389,31.558,31.558,262316
2024-10-11,31.8805,33.0005,31.7522,31.9818,31.9818,181832
2024-10-14,31.4774,32.3212,30.9755,31.3539,31.3539,433305
2024-10-15,31.3103,33.0505,30.3345,32.9276,32.9276,91725
2024-10-16,32.9715,33.0615,31.8429,32.4903,32.4903,134180
2024-10-17,32.3898,33.8475,31.8674,33.4682,33.4682,114682
2024-10-18,33.1294,33.9269,32.6587,33.343,33.343,190629
2024-10-21,33.9161,34.6829,31.6578,32.3159,32.3159,267740
2024-10-22,32.0765,32.7769,30.7385,31.2874,31.2874,206637
2024-10-23,31.2681,33.255,31.1386,32.2309,32.2309,138351
2024-10-24,32.6307,32.6538,30.4408,30.7727,30.7727,236671
2024-10-25,30.8437,31.0843,30.7217,30.9824,30.9824,130485
2024-10-28,30.6511,33.0224,30.3532,32.0853,32.0853,153088
2024-10-29,32.5976,33.754,31.3256,31.8494,31.8494,169884
2024-10-30,32.4602,33.945,31.8561,33.5847,33.5847,279775
2024-10-31,33.765,34.0474,32.6227,33.3434,33.3434,269615
2024-11-01,33.5949,34.0986,32.3349,32.4788,32.4788,181984
2024-11-04,32.175,32.7577,32.1566,32.5339,32.5339,199098
2024-11-05,31.9444,32.4084,30.9715,31.3026,31.3026,322107
2024-11-06,31.0858,31.4785,31.0226,31.393,31.393,99870
2024-11-07,30.8201,32.1551,30.0989,31.9776,31.9776,286686
2024-11-08,32.2489,32.3436,31.8641,32.0231,32.0231,117631
2024-11-11,31.7853,31.8482,31.0458,31.1345,31.1345,89588
2024-11-12,31.1219,32.1556,29.1566,29.779,29.779,167525
2024-11-13,29.7827,29.8808,29.372,29.4724,29.4724,104887
2024-11-14,29.1423,29.5521,27.9084,28.4828,28.4828,187582
2024-11-15,28.4711,28.527,27.0632,28.0623,28.0623,200998
2024-11-18,28.114,28.568,27.6618,27.7564,27.7564,265350
2024-11-19,28.1852,30.3137,27.9442,29.8196,29.8196,311953
2024-11-20,29.6127,30.1992,28.612,28.8843,28.8843,242279
2024-11-21,29.0215,30.7294,28.746,30.535,30.535,59307
2024-11-22,30.7835,30.9436,28.4367,28.579,28.579,93783
2024-11-25,28.5325,28.621,26.9445,27.7568,27.7568,324622
2024-11-26,27.9579,27.9724,27.6353,27.6682,27.6682,67152
2024-11-27,28.046,28.063,26.9834,27.4465,27.4465,156015
2024-11-28,27.1138,27.1403,26.9808,27.0176,27.0176,118334
2024-11-29,27.3164,27.943,27.13,27.8292,27.8292,223817
2024-12-02,27.9607,28.2319,27.4516,27.5102,27.5102,192616
2024-12-03,27.5371,27.7316,27.2154,27.6493,27.6493,238594
2024-12-04,27.4987,27.5759,26.9035,27.0285,27.0285,111887
2024-12-05,26.5813,28.8676,26.3271,28.0509,28.0509,189680
2024-12-06,28.3272,28.6401,27.1542,27.2477,27.2477,279501
2024-12-09,26.8373,27.1463,26.3123,26.7671,26.7671,179681
2024-12-10,26.9532,27.5703,25.8545,26.3421,26.3421,146797
2024-12-11,25.9235,27.037,24.9377,26.6237,26.6237,103725
2024-12-12,26.5604,28.5596,26.2774,28.3174,28.3174,200867
2024-12-13,28.5807,29.0684,27.5396,28.8715,28.8715,191127
2024-12-16,28.589,29.7759,28.2007,29.4835,29.4835,170430
2024-12-17,29.3979,29.8392,29.3138,29.5607,29.5607,360677
2024-12-18,29.6623,31.7034,29.3441,31.0095,31.0095,136613
2024-12-19,31.0292,33.0724,30.8375,32.114,32.114,173638
2024-12-20,31.9086,32.9647,31.6258,32.4664,32.4664,248803
2024-12-23,32.1284,32.1524,31.4927,31.6114,31.6114,190004
2024-12-24,31.921,33.1001,31.5311,31.7759,31.7759,147991
2024-12-26,31.913,33.2369,31.8498,32.7222,32.7222,200135
2024-12-27,32.6091,34.0146,31.9459,33.7976,33.7976,266796
2024-12-30,34.1369,34.7295,32.879,33.3148,33.3148,196557
2024-12-31,32.8336,34.659,31.7671,34.6163,34.6163,141757
2025-01-02,34.7507,35.391,34.5792,34.9432,34.9432,144670
2025-01-03,34.8714,37.1681,34.3957,36.1955,36.1955,222787
2025-01-06,36.0267,36.3184,35.9097,36.156,36.156,253232
2025-01-07,35.5526,37.4219,35.4949,37.127,37.127,415324
2025-01-08,37.339,38.2538,37.326,37.6071,37.6071,131992
2025-01-09,37.3675,38.3086,36.2533,37.6496,37.6496,72192
2025-01-10,37.8058,37.84,36.3286,36.4243,36.4243,119530
2025-01-13,36.8827,36.9575,34.3134,34.8544,34.8544,79198
2025-01-14,34.7692,35.6364,34.5437,35.2623,35.2623,142862
2025-01-15,35.5361,36.1767,35.4686,35.9917,35.9917,125908
2025-01-16,36.1498,36.9325,34.6222,35.225,35.225,224461
2025-01-17,34.8651,35.4553,33.684,34.0019,34.0019,118056
2025-01-20,33.9365,34.5279,33.761,34.337,34.337,178761
2025-01-21,34.8476,35.2525,34.3486,35.149,35.149,125671
2025-01-22,35.4044,35.9856,33.9474,34.0879,34.0879,96485
2025-01-23,34.2641,34.3776,32.1047,32.8348,32.8348,98064
2025-01-24,33.3783,34.7312,31.623,32.3013,32.3013,219802
2025-01-27,32.4883,33.0856,30.5193,31.5066,31.5066,157373
2025-01-28,31.2953,34.4138,31.0525,33.7269,33.7269,267060
2025-01-29,34.0891,34.5874,33.9203,34.1661,34.1661,123840
2025-01-30,34.6746,35.0311,33.3477,34.2562,34.2562,171395
2025-01-31,34.9555,35.2077,34.4514,34.6369,34.6369,268514
2025-02-03,35.4407,36.0535,33.6306,34.0538,34.0538,145887
2025-02-04,34.6731,35.6323,34.0472,35.5169,35.5169,212630
2025-02-05,35.7409,36.6803,35.3796,35.7204,35.7204,173301
2025-02-06,35.1947,36.6424,35.0117,35.7491,35.7491,85501
2025-02-07,35.7395,36.3173,35.3639,35.9163,35.9163,205966
2025-02-10,36.1009,36.5745,34.3304,34.4477,34.4477,152541
2025-02-11,34.6082,35.3008,34.4892,34.7898,34.7898,475053
2025-02-12,35.5203,36.4677,34.348,34.465,34.465,90639
2025-02-13,34.6176,35.678,34.0304,35.264,35.264,232531
2025-02-14,35.8459,36.4938,35.4257,36.2203,36.2203,139257
2025-02-17,36.494,37.2978,35.4206,36.9184,36.9184,143139
2025-02-18,36.0876,38.3407,36.0438,37.3641,37.3641,62358
2025-02-19,37.3559,37.6012,34.2409,34.4241,34.4241,237962
2025-02-20,33.9134,34.3478,31.7354,33.0214,33.0214,73799
2025-02-21,32.7979,32.8979,30.9085,31.7763,31.7763,174501
2025-02-24,31.5913,32.0666,30.8885,31.0018,31.0018,193425
2025-02-25,30.6561,30.7494,29.3802,29.624,29.624,165555
2025-02-26,29.3382,31.0156,28.8791,30.5452,30.5452,123151
2025-02-27,30.2728,30.5752,29.3008,29.3757,29.3757,101467
2025-02-28,29.5024,29.5263,28.3513,28.5801,28.5801,104009
2025-03-03,28.7541,29.1422,27.4132,28.1968,28.1968,162832
2025-03-04,28.5545,28.5762,26.2532,26.588,26.588,264926
2025-03-05,26.1706,26.379,25.9611,26.2326,26.2326,227776
2025-03-06,26.1156,26.6857,25.868,26.1801,26.1801,113020
2025-03-07,26.4686,27.4251,26.2823,26.7053,26.7053,100328
2025-03-10,26.7187,26.8412,25.7574,26.218,26.218,192874
2025-03-11,26.2015,26.358,24.4917,24.9522,24.9522,123443
2025-03-12,24.8262,25.1699,24.7592,24.8748,24.8748,129897
2025-03-13,25.319,25.6606,24.6041,24.6201,24.6201,288888
2025-03-14,24.5988,24.8428,23.0939,23.1995,23.1995,122774
2025-03-17,23.3744,23.7793,22.3652,23.6075,23.6075,133142
2025-03-18,23.715,24.6224,23.4333,24.1914,24.1914,165070
2025-03-19,23.8832,24.2669,23.7792,24.0877,24.0877,110878
2025-03-20,24.0469,25.2189,23.4936,24.9288,24.9288,132943
2025-03-21,25.0662,25.5229,24.8361,25.1881,25.1881,88915
2025-03-24,24.8531,25.594,24.6791,25.0154,25.0154,193109
2025-03-25,25.4189,25.7764,24.4464,24.9122,24.9122,95812
2025-03-26,24.9927,25.1969,24.1055,24.1913,24.1913,261351
2025-03-27,24.3909,25.352,24.1321,24.821,24.821,230073
2025-03-28,24.5183,25.7506,24.4525,25.4407,25.4407,220949
2025-03-31,25.0437,25.3049,24.1385,24.3926,24.3926,80304
2025-04-01,24.0736,24.984,24.0273,24.405,24.405,206207
2025-04-02,24.5146,24.8339,24.3369,24.5822,24.5822,133309
2025-04-03,24.841,25.199,24.4513,25.0236,25.0236,226664
2025-04-04,24.763,25.9857,24.634,24.8978,24.8978,124637
2025-04-07,24.706,25.2414,24.5458,24.8359,24.8359,178830
2025-04-08,24.6237,25.6226,24.0473,25.1477,25.1477,106267
2025-04-09,25.1073,25.2956,23.8754,24.402,24.402,120501
2025-04-10,24.2074,25.6892,24.134,25.3153,25.3153,84577
2025-04-11,25.0405,26.798,24.6412,26.3918,26.3918,142757
2025-04-14,26.2324,26.903,25.7636,26.8574,26.8574,113824
2025-04-15,26.8416,27.3573,26.7936,27.0562,27.0562,292246
2025-04-16,26.9482,27.1507,26.5405,27.013,27.013,240067
2025-04-17,27.0433,27.4881,26.5916,27.2267,27.2267,193738
2025-04-18,27.6091,28.121,26.6173,27.3823,27.3823,175765
2025-04-21,27.8166,28.2773,26.9964,27.6384,27.6384,205436
2025-04-22,27.5448,28.3255,27.3815,28.1689,28.1689,161083
2025-04-23,28.2701,28.295,26.5655,27.0616,27.0616,171815
2025-04-24,27.2505,28.0814,26.8219,27.5704,27.5704,252902
2025-04-25,27.7543,29.3183,26.984,28.7618,28.7618,180006
2025-04-28,28.9548,29.4963,28.5239,29.2612,29.2612,194431
2025-04-29,29.3942,29.4034,28.5908,28.7505,28.7505,68421
2025-04-30,28.8595,29.7068,28.8339,28.9459,28.9459,64369
2025-05-01,28.7909,29.5376,28.6386,29.1355,29.1355,245481
2025-05-02,29.2627,29.545,28.8118,29.0091,29.0091,234957
2025-05-05,28.7436,28.8968,28.2958,28.8729,28.8729,170401
2025-05-06,28.649,28.8479,27.0192,27.3671,27.3671,142178
2025-05-07,27.4896,28.2845,27.4076,27.7047,27.7047,253791
2025-05-08,27.9665,28.1507,26.8675,27.1805,27.1805,237146
2025-05-09,27.2525,27.5479,26.9258,27.4954,27.4954,91942
2025-05-12,27.671,27.996,27.0243,27.5962,27.5962,120207
2025-05-13,27.7908,27.9034,26.2337,26.6292,26.6292,115833
2025-05-14,26.612,27.8902,26.0841,27.6067,27.6067,277288
2025-05-15,27.9699,28.188,27.9293,28.0281,28.0281,136967
2025-05-16,27.8639,27.9885,26.9573,27.1096,27.1096,218586
2025-05-19,27.0232,27.6905,26.936,27.569,27.569,156137
2025-05-20,28.2039,28.5291,27.6604,28.4003,28.4003,272409
2025-05-21,28.4746,28.502,27.9992,28.0629,28.0629,268613
2025-05-22,27.8371,28.6942,27.69,28.5848,28.5848,189883
2025-05-23,28.5607,30.5798,28.4908,30.0761,30.0761,75829
2025-05-26,29.6694,32.1103,29.6349,31.2386,31.2386,238476
2025-05-27,31.4686,32.1585,30.3007,30.4779,30.4779,91297
2025-05-28,30.5506,30.8413,28.9958,29.1466,29.1466,361830
2025-05-29,29.0954,30.4052,28.8827,30.1381,30.1381,115921
2025-05-30,30.1063,30.4498,28.8247,29.1708,29.1708,286187
2025-06-02,29.204,30.205,28.954,29.6433,29.6433,137631
2025-06-03,29.5424,30.6003,28.8562,30.4647,30.4647,275213
2025-06-04,30.851,31.0743,30.229,30.6513,30.6513,250955
2025-06-05,30.996,31.4241,29.8893,30.6115,30.6115,194390
2025-06-06,30.5495,31.653,30.1199,30.9135,30.9135,141515
2025-06-09,30.5018,32.1279,30.1895,31.4039,31.4039,369324
2025-06-10,31.2425,32.7899,30.674,32.5638,32.5638,91963
2025-06-11,33.2182,33.3836,32.3351,33.3781,33.3781,128690
2025-06-12,33.1327,33.6574,32.8063,33.3254,33.3254,116561
2025-06-13,34.1428,34.9817,32.4262,32.8148,32.8148,208283
2025-06-16,32.3579,33.5487,32.2713,33.4039,33.4039,93984
2025-06-17,33.2405,33.8839,33.2351,33.6598,33.6598,212513
2025-06-18,33.3304,35.3542,32.8519,35.1161,35.1161,222064
2025-06-19,35.3368,35.3826,34.1831,34.3803,34.3803,259504
2025-06-20,34.6385,35.1307,34.1094,34.3973,34.3973,247243
2025-06-23,34.1533,34.9658,33.1218,33.6787,33.6787,159703
2025-06-24,33.5258,33.8674,33.3528,33.7675,33.7675,260994
2025-06-25,33.1529,35.5613,32.4469,35.2196,35.2196,199923
2025-06-26,35.4423,35.7832,32.1236,33.3008,33.3008,175783
2025-06-27,33.4139,33.712,32.5311,33.3079,33.3079,362412
2025-06-30,33.6061,34.53,33.3081,33.3283,33.3283,197524
2025-07-01,32.7729,33.1679,32.4559,33.1134,33.1134,77844
2025-07-02,33.0603,33.7567,32.3345,33.622,33.622,226820
2025-07-03,33.9273,34.0773,31.3557,32.2711,32.2711,284263
2025-07-07,32.4711,32.9694,30.5646,30.6583,30.6583,116924
2025-07-08,31.0132,31.2971,30.3239,30.6223,30.6223,120765
2025-07-09,30.1435,30.3109,29.5534,30.0972,30.0972,375483
2025-07-10,30.0117,32.1828,29.988,31.0779,31.0779,144318
2025-07-11,31.1265,31.5293,30.9811,31.3829,31.3829,139152
2025-07-14,31.48,32.0495,29.6306,29.9683,29.9683,117829
2025-07-15,29.6723,30.2884,29.3794,29.9965,29.9965,177156
2025-07-16,29.8109,30.7832,29.5786,30.3174,30.3174,195992
2025-07-17,30.4208,30.487,29.0025,29.8146,29.8146,196928
2025-07-18,29.8719,30.4234,29.41,30.3774,30.3774,102892
2025-07-21,30.7335,30.865,30.0536,30.5175,30.5175,322972
2025-07-22,30.9507,30.9632,30.3487,30.4099,30.4099,241266
2025-07-23,30.1934,30.9352,29.8517,30.8154,30.8154,184507
2025-07-24,31.0835,31.4096,30.2793,30.8629,30.8629,194279
2025-07-25,30.9355,31.273,30.2861,30.4758,30.4758,306381
2025-07-28,30.3379,31.3666,28.4862,28.5257,28.5257,140785
2025-07-29,28.1199,28.3408,28.0634,28.1392,28.1392,293784
2025-07-30,28.0909,28.374,27.2331,27.6396,27.6396,127049
2025-07-31,27.0878,27.1781,26.438,27.1083,27.1083,75841
2025-08-01,27.1937,27.6834,25.2877,25.922,25.922,175982
2025-08-04,26.2497,26.6205,26.1201,26.2774,26.2774,126823
2025-08-05,26.0656,27.7761,25.8059,27.6018,27.6018,216401
2025-08-06,28.1812,28.5665,27.6908,27.8835,27.8835,149186
2025-08-07,28.0306,28.1338,27.3149,27.3453,27.3453,198270
2025-08-08,27.2256,27.5705,27.198,27.2196,27.2196,198845
2025-08-11,27.2968,27.4391,26.74,26.8953,26.8953,310730
2025-08-12,27.0893,27.1895,25.7927,25.9199,25.9199,147057
2025-08-13,26.5068,27.0017,25.1278,25.8504,25.8504,84094
2025-08-14,25.5042,25.7942,25.3536,25.4698,25.4698,187287
2025-08-15,25.3619,26.4321,24.9933,26.4227,26.4227,151887
2025-08-18,26.0907,28.6436,25.6785,28.418,28.418,129016
2025-08-19,28.1157,28.1271,27.4655,28.1268,28.1268,137492
2025-08-20,28.0909,28.1801,26.0265,27.017,27.017,145451
2025-08-21,26.9256,28.445,26.6029,26.8644,26.8644,267724
2025-08-22,26.6546,27.2308,25.5815,25.9501,25.9501,172050
2025-08-25,25.8499,26.1265,25.365,25.4181,25.4181,129382
2025-08-26,25.1491,25.7096,24.6039,25.1895,25.1895,181139
2025-08-27,24.4984,25.5478,24.388,24.9793,24.9793,247350
2025-08-28,24.8853,25.0521,23.8594,24.8971,24.8971,233542
2025-08-29,24.8561,25.2826,23.494,23.8321,23.8321,105436
2025-09-01,23.8472,23.9464,22.8043,23.0073,23.0073,162463
2025-09-02,23.1415,24.0124,23.0284,23.6458,23.6458,139629
2025-09-03,23.8188,24.9432,23.1155,24.4599,24.4599,256724
2025-09-04,24.3651,24.8799,24.0118,24.876,24.876,161073
2025-09-05,24.8586,24.8994,24.3917,24.8398,24.8398,110507
2025-09-08,24.7862,25.0458,23.5035,23.8981,23.8981,148567
2025-09-09,24.0266,24.3811,23.7041,23.7218,23.7218,137431
2025-09-10,23.5959,23.9761,23.3879,23.955,23.955,180895
2025-09-11,23.862,24.5951,23.6924,24.2343,24.2343,179034
2025-09-12,24.3924,25.3118,24.0934,24.2674,24.2674,225761
2025-09-15,24.2122,25.2324,23.8788,24.9223,24.9223,273078
2025-09-16,25.2771,25.3248,23.5268,24.0265,24.0265,113152
2025-09-17,24.423,24.5146,23.0163,23.1313,23.1313,169907
2025-09-18,23.1106,23.2277,21.4618,21.6097,21.6097,231709
2025-09-19,21.4856,21.807,19.9169,20.2768,20.2768,259895
2025-09-22,20.3678,20.5376,19.439,19.8789,19.8789,163008
2025-09-23,19.9466,20.5546,19.791,20.3282,20.3282,198591
2025-09-24,20.2786,21.2632,19.9308,21.091,21.091,183116
2025-09-25,21.1178,22.046,20.5018,22.0063,22.0063,150402
2025-09-26,22.5394,23.1431,22.364,22.8683,22.8683,125386
2025-09-29,23.0275,23.309,22.4812,22.5491,22.5491,162724
2025-09-30,22.5328,22.906,22.0438,22.2218,22.2218,298859
2025-10-01,22.0284,22.1757,21.9095,22.0056,22.0056,179537
2025-10-02,22.0172,23.2163,21.8659,23.1848,23.1848,184835
2025-10-03,23.494,23.5647,23.2238,23.5428,23.5428,183460
2025-10-06,23.6595,24.0717,22.2426,22.7821,22.7821,186492
2025-10-07,22.7173,22.8185,21.4388,21.7944,21.7944,193689
2025-10-08,21.8083,21.9387,21.3025,21.8534,21.8534,91844
2025-10-09,21.6695,22.0152,21.4145,21.7368,21.7368,100538
2025-10-10,21.651,22.4766,20.8962,22.0375,22.0375,125010
2025-10-13,22.2918,22.7342,20.7794,20.9521,20.9521,168128
2025-10-14,20.7115,20.7937,19.7244,19.908,19.908,211978
2025-10-15,19.9781,20.4293,19.5444,19.5562,19.5562,183566
2025-10-16,19.5725,20.704,19.2953,20.2063,20.2063,105229
2025-10-17,20.2476,20.9154,19.9913,20.8469,20.8469,123920
2025-10-20,20.5174,21.5509,20.371,20.9701,20.9701,208493
2025-10-21,20.6141,21.0756,20.3027,20.9885,20.9885,187279
2025-10-22,21.1101,21.6788,20.9261,21.3031,21.3031,309411
2025-10-23,21.0848,22.6706,20.9601,22.3735,22.3735,230989
2025-10-24,22.7532,23.1349,22.1758,22.3039,22.3039,114672
2025-10-27,22.1405,22.2907,22.0588,22.1163,22.1163,132828
2025-10-28,22.1815,24.296,21.7075,23.7848,23.7848,163266
2025-10-29,23.8191,24.2204,23.2945,23.6926,23.6926,175427
2025-10-30,23.8838,23.9314,22.3956,23.1247,23.1247,136046
2025-10-31,22.9005,22.9837,21.9346,22.6826,22.6826,154542
2025-11-03,22.8667,23.439,22.794,23.1383,23.1383,87440
2025-11-04,23.2795,23.3646,22.7165,22.9956,22.9956,120760
2025-11-05,22.7999,22.8866,22.6459,22.844,22.844,98512
2025-11-06,22.6913,23.0359,22.6812,22.7631,22.7631,104236
2025-11-07,22.8987,23.1898,22.3904,23.0688,23.0688,89227
2025-11-10,23.0775,24.446,22.0996,24.2094,24.2094,170029
2025-11-11,24.1417,25.5627,23.8496,25.4356,25.4356,151826
2025-11-12,25.0533,25.1304,24.8093,25.1224,25.1224,92116
2025-11-13,25.3082,25.4783,24.7269,25.171,25.171,143989
2025-11-14,25.462,26.4189,25.3888,25.7303,25.7303,116409
2025-11-17,25.5918,26.5829,25.3585,26.2694,26.2694,202441
2025-11-18,26.1752,26.6878,25.8007,26.674,26.674,161140
2025-11-19,26.3591,28.3308,26.1356,28.0441,28.0441,158458
2025-11-20,28.4165,29.7322,27.9792,29.2341,29.2341,97956
2025-11-21,29.3053,29.3609,27.8457,28.2513,28.2513,154931
2025-11-24,27.6797,28.0653,25.8362,26.1704,26.1704,132263
2025-11-25,26.463,26.9047,26.2719,26.4697,26.4697,235653
2025-11-26,26.3098,27.1545,26.2307,26.6842,26.6842,109304
2025-11-27,26.888,27.2836,26.5939,26.9601,26.9601,114237
2025-11-28,26.8146,27.104,25.7148,26.3907,26.3907,155066
2025-12-01,25.8842,26.1095,25.6404,25.8156,25.8156,330808
2025-12-02,26.2388,26.6753,25.7195,26.5095,26.5095,121708
2025-12-03,26.421,27.52,26.1128,27.2706,27.2706,89104
2025-12-04,27.2578,27.5632,26.8728,27.098,27.098,139870
2025-12-05,26.8376,27.0061,26.7015,26.7045,26.7045,212579
2025-12-08,26.709,26.7456,26.3759,26.7249,26.7249,116893
2025-12-09,27.0126,27.3791,26.99,27.125,27.125,150830
2025-12-10,27.1487,28.4635,26.8508,28.3794,28.3794,142623
2025-12-11,28.2617,29.9947,28.1554,29.9107,29.9107,152207
2025-12-12,30.4034,31.0128,28.9748,29.3921,29.3921,248680
2025-12-15,29.5302,30.0664,29.0615,29.4808,29.4808,137555
2025-12-16,29.3764,29.651,28.6183,29.3981,29.3981,148114
2025-12-17,29.5552,29.9324,27.9936,28.4658,28.4658,144777
2025-12-18,28.7103,30.373,28.5211,30.1213,30.1213,187602
2025-12-19,30.0852,31.2124,29.616,29.7821,29.7821,155467
2025-12-22,29.3997,29.5882,28.4595,29.1844,29.1844,174918
2025-12-23,28.8908,31.1743,28.0741,30.8028,30.8028,78907
2025-12-24,30.5685,31.1662,30.4638,30.4848,30.4848,119058
2025-12-26,30.4353,31.578,30.0608,30.6387,30.6387,98901
2025-12-29,30.1169,30.641,28.429,28.8411,28.8411,321518
2025-12-30,28.7246,29.1723,28.677,28.7022,28.7022,88424
2025-12-31,28.529,28.759,26.576,26.7888,26.7888,178939
